product_id_1,product_name_1,product_type_1,product_id_2,product_name_2,product_type_2,compatibility_type,compatibility_score,notes
P10001,Vi điều khiển Arduino,Linh kiện vi xử lý,P10002,Vi điều khiển Arduino,Linh kiện vi xử lý,Không tương thích,0.13,Cần adapter chuyển đổi
P10001,Vi điều khiển Arduino,Linh kiện vi xử lý,P10003,Vi điều khiển Arduino,Linh kiện vi xử lý,Tương thích hoàn toàn,0.86,Cần cài đặt driver
P10001,Vi điều khiển Arduino,Linh kiện vi xử lý,P10004,Vi điều khiển ESP,Linh kiện vi xử lý,Không tương thích,0.31,Cần firmware tương thích
P10001,Vi điều khiển Arduino,Linh kiện vi xử lý,P10005,Vi điều khiển ESP,Linh kiện vi xử lý,Tương thích hoàn toàn,0.9,Cần cài đặt driver
P10001,Vi điều khiển Arduino,Linh kiện vi xử lý,P10006,Raspberry Pi,Linh kiện vi xử lý,Tương thích hoàn toàn,0.91,Cần cài đặt driver
P10001,Vi điều khiển Arduino,Linh kiện vi xử lý,P10007,Raspberry Pi,Linh kiện vi xử lý,Tương thích một phần,0.66,Cần firmware tương thích
P10001,Vi điều khiển Arduino,Linh kiện vi xử lý,P10008,STM32,Linh kiện vi xử lý,Tương thích hoàn toàn,0.96,Cần nguồn điện phù hợp
P10001,Vi điều khiển Arduino,Linh kiện vi xử lý,P10009,STM32,Linh kiện vi xử lý,Không tương thích,0.16,Cần phần mềm hỗ trợ
P10001,Vi điều khiển Arduino,Linh kiện vi xử lý,P10010,Linh kiện FPGA,Linh kiện vi xử lý,Tương thích một phần,0.51,Có thể kết nối trực tiếp
P10001,Vi điều khiển Arduino,Linh kiện vi xử lý,P10011,Linh kiện FPGA,Linh kiện vi xử lý,Tương thích một phần,0.69,Cần nguồn điện phù hợp
P10001,Vi điều khiển Arduino,Linh kiện vi xử lý,P10012,Vi xử lý ARM,Linh kiện vi xử lý,Tương thích hoàn toàn,0.82,Cần cài đặt driver
P10001,Vi điều khiển Arduino,Linh kiện vi xử lý,P10013,Vi xử lý ARM,Linh kiện vi xử lý,Tương thích một phần,0.8,Cần phần mềm hỗ trợ
P10001,Vi điều khiển Arduino,Linh kiện vi xử lý,P10014,Vi điều khiển PIC,Linh kiện vi xử lý,Tương thích một phần,0.63,Cần firmware tương thích
P10001,Vi điều khiển Arduino,Linh kiện vi xử lý,P10015,Vi xử lý Intel,Linh kiện vi xử lý,Không tương thích,0.01,Cần firmware tương thích
P10001,Vi điều khiển Arduino,Linh kiện vi xử lý,P10016,Module DSP,Linh kiện vi xử lý,Không tương thích,0.1,Cần phần mềm hỗ trợ
P10001,Vi điều khiển Arduino,Linh kiện vi xử lý,P10017,Module AI/ML,Linh kiện vi xử lý,Không tương thích,0.37,Cần cài đặt driver
P10002,Vi điều khiển Arduino,Linh kiện vi xử lý,P10003,Vi điều khiển Arduino,Linh kiện vi xử lý,Tương thích hoàn toàn,0.98,Cần adapter chuyển đổi
P10002,Vi điều khiển Arduino,Linh kiện vi xử lý,P10004,Vi điều khiển ESP,Linh kiện vi xử lý,Không tương thích,0.04,Cần thiết bị trung gian
P10002,Vi điều khiển Arduino,Linh kiện vi xử lý,P10005,Vi điều khiển ESP,Linh kiện vi xử lý,Tương thích hoàn toàn,0.87,Cần phần mềm hỗ trợ
P10002,Vi điều khiển Arduino,Linh kiện vi xử lý,P10006,Raspberry Pi,Linh kiện vi xử lý,Tương thích một phần,0.58,Có thể kết nối trực tiếp
P10002,Vi điều khiển Arduino,Linh kiện vi xử lý,P10007,Raspberry Pi,Linh kiện vi xử lý,Tương thích một phần,0.78,Cần phần mềm hỗ trợ
P10002,Vi điều khiển Arduino,Linh kiện vi xử lý,P10008,STM32,Linh kiện vi xử lý,Không tương thích,0.05,Cần driver phù hợp
P10002,Vi điều khiển Arduino,Linh kiện vi xử lý,P10009,STM32,Linh kiện vi xử lý,Không tương thích,0.38,Cần cập nhật firmware
P10002,Vi điều khiển Arduino,Linh kiện vi xử lý,P10010,Linh kiện FPGA,Linh kiện vi xử lý,Tương thích một phần,0.76,Cần adapter chuyển đổi
P10002,Vi điều khiển Arduino,Linh kiện vi xử lý,P10011,Linh kiện FPGA,Linh kiện vi xử lý,Tương thích một phần,0.76,Cần cấu hình thêm
P10002,Vi điều khiển Arduino,Linh kiện vi xử lý,P10012,Vi xử lý ARM,Linh kiện vi xử lý,Tương thích hoàn toàn,0.97,Cần cấu hình thêm
P10002,Vi điều khiển Arduino,Linh kiện vi xử lý,P10013,Vi xử lý ARM,Linh kiện vi xử lý,Tương thích hoàn toàn,0.82,Cần phần mềm hỗ trợ
P10002,Vi điều khiển Arduino,Linh kiện vi xử lý,P10014,Vi điều khiển PIC,Linh kiện vi xử lý,Tương thích một phần,0.77,Cần cập nhật firmware
P10002,Vi điều khiển Arduino,Linh kiện vi xử lý,P10015,Vi xử lý Intel,Linh kiện vi xử lý,Tương thích một phần,0.58,Cần thiết bị trung gian
P10002,Vi điều khiển Arduino,Linh kiện vi xử lý,P10016,Module DSP,Linh kiện vi xử lý,Tương thích một phần,0.66,Cần nguồn điện phù hợp
P10002,Vi điều khiển Arduino,Linh kiện vi xử lý,P10017,Module AI/ML,Linh kiện vi xử lý,Tương thích một phần,0.73,Cần cài đặt driver
P10003,Vi điều khiển Arduino,Linh kiện vi xử lý,P10004,Vi điều khiển ESP,Linh kiện vi xử lý,Tương thích một phần,0.58,Có thể kết nối trực tiếp
P10003,Vi điều khiển Arduino,Linh kiện vi xử lý,P10005,Vi điều khiển ESP,Linh kiện vi xử lý,Tương thích một phần,0.56,Cần cấu hình thêm
P10003,Vi điều khiển Arduino,Linh kiện vi xử lý,P10006,Raspberry Pi,Linh kiện vi xử lý,Không tương thích,0.07,Cần firmware tương thích
P10003,Vi điều khiển Arduino,Linh kiện vi xử lý,P10007,Raspberry Pi,Linh kiện vi xử lý,Tương thích hoàn toàn,0.98,Cần adapter chuyển đổi
P10003,Vi điều khiển Arduino,Linh kiện vi xử lý,P10008,STM32,Linh kiện vi xử lý,Tương thích một phần,0.6,Cần firmware tương thích
P10003,Vi điều khiển Arduino,Linh kiện vi xử lý,P10009,STM32,Linh kiện vi xử lý,Tương thích một phần,0.51,Cần phần mềm hỗ trợ
P10003,Vi điều khiển Arduino,Linh kiện vi xử lý,P10010,Linh kiện FPGA,Linh kiện vi xử lý,Tương thích hoàn toàn,0.87,Cần adapter chuyển đổi
P10003,Vi điều khiển Arduino,Linh kiện vi xử lý,P10011,Linh kiện FPGA,Linh kiện vi xử lý,Tương thích một phần,0.62,Cần firmware tương thích
P10003,Vi điều khiển Arduino,Linh kiện vi xử lý,P10012,Vi xử lý ARM,Linh kiện vi xử lý,Tương thích một phần,0.56,Cần cài đặt driver
P10003,Vi điều khiển Arduino,Linh kiện vi xử lý,P10013,Vi xử lý ARM,Linh kiện vi xử lý,Tương thích hoàn toàn,0.83,Cần firmware tương thích
P10003,Vi điều khiển Arduino,Linh kiện vi xử lý,P10014,Vi điều khiển PIC,Linh kiện vi xử lý,Tương thích một phần,0.54,Cần driver phù hợp
P10003,Vi điều khiển Arduino,Linh kiện vi xử lý,P10015,Vi xử lý Intel,Linh kiện vi xử lý,Tương thích hoàn toàn,0.91,Cần cài đặt driver
P10003,Vi điều khiển Arduino,Linh kiện vi xử lý,P10016,Module DSP,Linh kiện vi xử lý,Tương thích hoàn toàn,0.81,Cần cập nhật firmware
P10003,Vi điều khiển Arduino,Linh kiện vi xử lý,P10017,Module AI/ML,Linh kiện vi xử lý,Tương thích một phần,0.51,Cần thiết bị trung gian
P10004,Vi điều khiển ESP,Linh kiện vi xử lý,P10005,Vi điều khiển ESP,Linh kiện vi xử lý,Không tương thích,0.27,Cần thiết bị trung gian
P10004,Vi điều khiển ESP,Linh kiện vi xử lý,P10006,Raspberry Pi,Linh kiện vi xử lý,Tương thích hoàn toàn,0.95,Có thể kết nối trực tiếp
P10004,Vi điều khiển ESP,Linh kiện vi xử lý,P10007,Raspberry Pi,Linh kiện vi xử lý,Tương thích một phần,0.79,Cần nguồn điện phù hợp
P10004,Vi điều khiển ESP,Linh kiện vi xử lý,P10008,STM32,Linh kiện vi xử lý,Tương thích một phần,0.62,Cần driver phù hợp
P10004,Vi điều khiển ESP,Linh kiện vi xử lý,P10009,STM32,Linh kiện vi xử lý,Tương thích một phần,0.62,Cần cài đặt driver
P10004,Vi điều khiển ESP,Linh kiện vi xử lý,P10010,Linh kiện FPGA,Linh kiện vi xử lý,Tương thích một phần,0.63,Cần cấu hình thêm
P10004,Vi điều khiển ESP,Linh kiện vi xử lý,P10011,Linh kiện FPGA,Linh kiện vi xử lý,Không tương thích,0.14,Có thể kết nối trực tiếp
P10004,Vi điều khiển ESP,Linh kiện vi xử lý,P10012,Vi xử lý ARM,Linh kiện vi xử lý,Tương thích một phần,0.77,Cần driver phù hợp
P10004,Vi điều khiển ESP,Linh kiện vi xử lý,P10013,Vi xử lý ARM,Linh kiện vi xử lý,Tương thích một phần,0.57,Cần adapter chuyển đổi
P10004,Vi điều khiển ESP,Linh kiện vi xử lý,P10014,Vi điều khiển PIC,Linh kiện vi xử lý,Không tương thích,0.01,Có thể kết nối trực tiếp
P10004,Vi điều khiển ESP,Linh kiện vi xử lý,P10015,Vi xử lý Intel,Linh kiện vi xử lý,Tương thích một phần,0.61,Cần firmware tương thích
P10004,Vi điều khiển ESP,Linh kiện vi xử lý,P10016,Module DSP,Linh kiện vi xử lý,Tương thích hoàn toàn,0.8,Cần cài đặt driver
P10004,Vi điều khiển ESP,Linh kiện vi xử lý,P10017,Module AI/ML,Linh kiện vi xử lý,Tương thích một phần,0.52,Cần cập nhật firmware
P10005,Vi điều khiển ESP,Linh kiện vi xử lý,P10006,Raspberry Pi,Linh kiện vi xử lý,Không tương thích,0.31,Cần firmware tương thích
P10005,Vi điều khiển ESP,Linh kiện vi xử lý,P10007,Raspberry Pi,Linh kiện vi xử lý,Không tương thích,0.38,Cần nguồn điện phù hợp
P10005,Vi điều khiển ESP,Linh kiện vi xử lý,P10008,STM32,Linh kiện vi xử lý,Tương thích hoàn toàn,0.91,Cần cài đặt driver
P10005,Vi điều khiển ESP,Linh kiện vi xử lý,P10009,STM32,Linh kiện vi xử lý,Không tương thích,0.02,Có thể kết nối trực tiếp
P10005,Vi điều khiển ESP,Linh kiện vi xử lý,P10010,Linh kiện FPGA,Linh kiện vi xử lý,Tương thích một phần,0.73,Cần nguồn điện phù hợp
P10005,Vi điều khiển ESP,Linh kiện vi xử lý,P10011,Linh kiện FPGA,Linh kiện vi xử lý,Không tương thích,0.28,Cần cập nhật firmware
P10005,Vi điều khiển ESP,Linh kiện vi xử lý,P10012,Vi xử lý ARM,Linh kiện vi xử lý,Tương thích hoàn toàn,0.99,Cần thiết bị trung gian
P10005,Vi điều khiển ESP,Linh kiện vi xử lý,P10013,Vi xử lý ARM,Linh kiện vi xử lý,Không tương thích,0.16,Cần firmware tương thích
P10005,Vi điều khiển ESP,Linh kiện vi xử lý,P10014,Vi điều khiển PIC,Linh kiện vi xử lý,Tương thích một phần,0.72,Cần nguồn điện phù hợp
P10005,Vi điều khiển ESP,Linh kiện vi xử lý,P10015,Vi xử lý Intel,Linh kiện vi xử lý,Tương thích hoàn toàn,0.89,Có thể kết nối trực tiếp
P10005,Vi điều khiển ESP,Linh kiện vi xử lý,P10016,Module DSP,Linh kiện vi xử lý,Tương thích hoàn toàn,0.84,Cần cấu hình thêm
P10005,Vi điều khiển ESP,Linh kiện vi xử lý,P10017,Module AI/ML,Linh kiện vi xử lý,Tương thích một phần,0.66,Cần firmware tương thích
P10006,Raspberry Pi,Linh kiện vi xử lý,P10007,Raspberry Pi,Linh kiện vi xử lý,Không tương thích,0.17,Cần nguồn điện phù hợp
P10006,Raspberry Pi,Linh kiện vi xử lý,P10008,STM32,Linh kiện vi xử lý,Tương thích một phần,0.77,Cần thiết bị trung gian
P10006,Raspberry Pi,Linh kiện vi xử lý,P10009,STM32,Linh kiện vi xử lý,Tương thích hoàn toàn,0.85,Cần phần mềm hỗ trợ
P10006,Raspberry Pi,Linh kiện vi xử lý,P10010,Linh kiện FPGA,Linh kiện vi xử lý,Không tương thích,0.29,Cần firmware tương thích
P10006,Raspberry Pi,Linh kiện vi xử lý,P10011,Linh kiện FPGA,Linh kiện vi xử lý,Tương thích một phần,0.78,Cần cập nhật firmware
P10006,Raspberry Pi,Linh kiện vi xử lý,P10012,Vi xử lý ARM,Linh kiện vi xử lý,Không tương thích,0.13,Cần nguồn điện phù hợp
P10006,Raspberry Pi,Linh kiện vi xử lý,P10013,Vi xử lý ARM,Linh kiện vi xử lý,Tương thích hoàn toàn,0.95,Cần firmware tương thích
P10006,Raspberry Pi,Linh kiện vi xử lý,P10014,Vi điều khiển PIC,Linh kiện vi xử lý,Tương thích một phần,0.51,Có thể kết nối trực tiếp
P10006,Raspberry Pi,Linh kiện vi xử lý,P10015,Vi xử lý Intel,Linh kiện vi xử lý,Tương thích một phần,0.51,Cần firmware tương thích
P10006,Raspberry Pi,Linh kiện vi xử lý,P10016,Module DSP,Linh kiện vi xử lý,Tương thích một phần,0.76,Cần cấu hình thêm
P10006,Raspberry Pi,Linh kiện vi xử lý,P10017,Module AI/ML,Linh kiện vi xử lý,Tương thích hoàn toàn,0.85,Cần driver phù hợp
P10007,Raspberry Pi,Linh kiện vi xử lý,P10008,STM32,Linh kiện vi xử lý,Tương thích hoàn toàn,0.85,Cần cài đặt driver
P10007,Raspberry Pi,Linh kiện vi xử lý,P10009,STM32,Linh kiện vi xử lý,Tương thích hoàn toàn,0.97,Cần cấu hình thêm
P10007,Raspberry Pi,Linh kiện vi xử lý,P10010,Linh kiện FPGA,Linh kiện vi xử lý,Tương thích một phần,0.58,Có thể kết nối trực tiếp
P10007,Raspberry Pi,Linh kiện vi xử lý,P10011,Linh kiện FPGA,Linh kiện vi xử lý,Không tương thích,0.15,Cần cấu hình thêm
P10007,Raspberry Pi,Linh kiện vi xử lý,P10012,Vi xử lý ARM,Linh kiện vi xử lý,Tương thích hoàn toàn,0.98,Cần cập nhật firmware
P10007,Raspberry Pi,Linh kiện vi xử lý,P10013,Vi xử lý ARM,Linh kiện vi xử lý,Tương thích một phần,0.77,Cần cập nhật firmware
P10007,Raspberry Pi,Linh kiện vi xử lý,P10014,Vi điều khiển PIC,Linh kiện vi xử lý,Tương thích một phần,0.64,Cần cài đặt driver
P10007,Raspberry Pi,Linh kiện vi xử lý,P10015,Vi xử lý Intel,Linh kiện vi xử lý,Tương thích hoàn toàn,0.93,Cần cập nhật firmware
P10007,Raspberry Pi,Linh kiện vi xử lý,P10016,Module DSP,Linh kiện vi xử lý,Tương thích hoàn toàn,0.88,Cần driver phù hợp
P10007,Raspberry Pi,Linh kiện vi xử lý,P10017,Module AI/ML,Linh kiện vi xử lý,Tương thích một phần,0.67,Cần driver phù hợp
P10008,STM32,Linh kiện vi xử lý,P10009,STM32,Linh kiện vi xử lý,Tương thích một phần,0.75,Cần adapter chuyển đổi
P10008,STM32,Linh kiện vi xử lý,P10010,Linh kiện FPGA,Linh kiện vi xử lý,Tương thích một phần,0.53,Cần driver phù hợp
P10008,STM32,Linh kiện vi xử lý,P10011,Linh kiện FPGA,Linh kiện vi xử lý,Tương thích hoàn toàn,0.91,Cần adapter chuyển đổi
P10008,STM32,Linh kiện vi xử lý,P10012,Vi xử lý ARM,Linh kiện vi xử lý,Không tương thích,0.05,Cần thiết bị trung gian
P10008,STM32,Linh kiện vi xử lý,P10013,Vi xử lý ARM,Linh kiện vi xử lý,Không tương thích,0.07,Cần phần mềm hỗ trợ
P10008,STM32,Linh kiện vi xử lý,P10014,Vi điều khiển PIC,Linh kiện vi xử lý,Tương thích một phần,0.7,Cần adapter chuyển đổi
P10008,STM32,Linh kiện vi xử lý,P10015,Vi xử lý Intel,Linh kiện vi xử lý,Tương thích một phần,0.5,Cần firmware tương thích
P10008,STM32,Linh kiện vi xử lý,P10016,Module DSP,Linh kiện vi xử lý,Không tương thích,0.05,Cần cài đặt driver
P10008,STM32,Linh kiện vi xử lý,P10017,Module AI/ML,Linh kiện vi xử lý,Tương thích một phần,0.63,Cần firmware tương thích
P10009,STM32,Linh kiện vi xử lý,P10010,Linh kiện FPGA,Linh kiện vi xử lý,Tương thích hoàn toàn,0.91,Cần adapter chuyển đổi
P10009,STM32,Linh kiện vi xử lý,P10011,Linh kiện FPGA,Linh kiện vi xử lý,Tương thích một phần,0.74,Cần cập nhật firmware
P10009,STM32,Linh kiện vi xử lý,P10012,Vi xử lý ARM,Linh kiện vi xử lý,Tương thích một phần,0.65,Cần thiết bị trung gian
P10009,STM32,Linh kiện vi xử lý,P10013,Vi xử lý ARM,Linh kiện vi xử lý,Không tương thích,0.07,Cần driver phù hợp
P10009,STM32,Linh kiện vi xử lý,P10014,Vi điều khiển PIC,Linh kiện vi xử lý,Tương thích hoàn toàn,0.95,Cần adapter chuyển đổi
P10009,STM32,Linh kiện vi xử lý,P10015,Vi xử lý Intel,Linh kiện vi xử lý,Tương thích hoàn toàn,0.88,Cần cài đặt driver
P10009,STM32,Linh kiện vi xử lý,P10016,Module DSP,Linh kiện vi xử lý,Tương thích một phần,0.6,Cần adapter chuyển đổi
P10009,STM32,Linh kiện vi xử lý,P10017,Module AI/ML,Linh kiện vi xử lý,Tương thích một phần,0.65,Cần adapter chuyển đổi
P10010,Linh kiện FPGA,Linh kiện vi xử lý,P10011,Linh kiện FPGA,Linh kiện vi xử lý,Tương thích một phần,0.64,Cần cập nhật firmware
P10010,Linh kiện FPGA,Linh kiện vi xử lý,P10012,Vi xử lý ARM,Linh kiện vi xử lý,Tương thích một phần,0.54,Cần cấu hình thêm
P10010,Linh kiện FPGA,Linh kiện vi xử lý,P10013,Vi xử lý ARM,Linh kiện vi xử lý,Tương thích hoàn toàn,0.99,Cần cài đặt driver
P10010,Linh kiện FPGA,Linh kiện vi xử lý,P10014,Vi điều khiển PIC,Linh kiện vi xử lý,Tương thích hoàn toàn,0.81,Cần cập nhật firmware
P10010,Linh kiện FPGA,Linh kiện vi xử lý,P10015,Vi xử lý Intel,Linh kiện vi xử lý,Tương thích hoàn toàn,0.92,Cần cài đặt driver
P10010,Linh kiện FPGA,Linh kiện vi xử lý,P10016,Module DSP,Linh kiện vi xử lý,Không tương thích,0.26,Cần adapter chuyển đổi
P10010,Linh kiện FPGA,Linh kiện vi xử lý,P10017,Module AI/ML,Linh kiện vi xử lý,Tương thích một phần,0.64,Cần cấu hình thêm
P10011,Linh kiện FPGA,Linh kiện vi xử lý,P10012,Vi xử lý ARM,Linh kiện vi xử lý,Tương thích một phần,0.76,Cần thiết bị trung gian
P10011,Linh kiện FPGA,Linh kiện vi xử lý,P10013,Vi xử lý ARM,Linh kiện vi xử lý,Tương thích một phần,0.79,Cần cập nhật firmware
P10011,Linh kiện FPGA,Linh kiện vi xử lý,P10014,Vi điều khiển PIC,Linh kiện vi xử lý,Tương thích một phần,0.72,Có thể kết nối trực tiếp
P10011,Linh kiện FPGA,Linh kiện vi xử lý,P10015,Vi xử lý Intel,Linh kiện vi xử lý,Tương thích hoàn toàn,0.98,Cần phần mềm hỗ trợ
P10011,Linh kiện FPGA,Linh kiện vi xử lý,P10016,Module DSP,Linh kiện vi xử lý,Tương thích hoàn toàn,0.86,Cần cấu hình thêm
P10011,Linh kiện FPGA,Linh kiện vi xử lý,P10017,Module AI/ML,Linh kiện vi xử lý,Tương thích một phần,0.56,Cần phần mềm hỗ trợ
P10012,Vi xử lý ARM,Linh kiện vi xử lý,P10013,Vi xử lý ARM,Linh kiện vi xử lý,Tương thích một phần,0.58,Cần nguồn điện phù hợp
P10012,Vi xử lý ARM,Linh kiện vi xử lý,P10014,Vi điều khiển PIC,Linh kiện vi xử lý,Tương thích một phần,0.55,Cần cài đặt driver
P10012,Vi xử lý ARM,Linh kiện vi xử lý,P10015,Vi xử lý Intel,Linh kiện vi xử lý,Tương thích một phần,0.79,Cần cập nhật firmware
P10012,Vi xử lý ARM,Linh kiện vi xử lý,P10016,Module DSP,Linh kiện vi xử lý,Tương thích một phần,0.71,Cần adapter chuyển đổi
P10012,Vi xử lý ARM,Linh kiện vi xử lý,P10017,Module AI/ML,Linh kiện vi xử lý,Tương thích hoàn toàn,0.89,Cần thiết bị trung gian
P10013,Vi xử lý ARM,Linh kiện vi xử lý,P10014,Vi điều khiển PIC,Linh kiện vi xử lý,Tương thích hoàn toàn,0.99,Cần driver phù hợp
P10013,Vi xử lý ARM,Linh kiện vi xử lý,P10015,Vi xử lý Intel,Linh kiện vi xử lý,Tương thích một phần,0.79,Cần phần mềm hỗ trợ
P10013,Vi xử lý ARM,Linh kiện vi xử lý,P10016,Module DSP,Linh kiện vi xử lý,Tương thích một phần,0.61,Cần cấu hình thêm
P10013,Vi xử lý ARM,Linh kiện vi xử lý,P10017,Module AI/ML,Linh kiện vi xử lý,Tương thích một phần,0.58,Có thể kết nối trực tiếp
P10014,Vi điều khiển PIC,Linh kiện vi xử lý,P10015,Vi xử lý Intel,Linh kiện vi xử lý,Tương thích một phần,0.76,Cần cập nhật firmware
P10014,Vi điều khiển PIC,Linh kiện vi xử lý,P10016,Module DSP,Linh kiện vi xử lý,Tương thích hoàn toàn,0.99,Cần cập nhật firmware
P10014,Vi điều khiển PIC,Linh kiện vi xử lý,P10017,Module AI/ML,Linh kiện vi xử lý,Tương thích một phần,0.76,Cần adapter chuyển đổi
P10015,Vi xử lý Intel,Linh kiện vi xử lý,P10016,Module DSP,Linh kiện vi xử lý,Tương thích hoàn toàn,0.89,Cần driver phù hợp
P10015,Vi xử lý Intel,Linh kiện vi xử lý,P10017,Module AI/ML,Linh kiện vi xử lý,Tương thích một phần,0.76,Có thể kết nối trực tiếp
P10016,Module DSP,Linh kiện vi xử lý,P10017,Module AI/ML,Linh kiện vi xử lý,Không tương thích,0.39,Cần cấu hình thêm
P20001,Điện trở,Linh kiện thụ động,P20002,Điện trở,Linh kiện thụ động,Tương thích một phần,0.58,Cần thiết bị trung gian
P20001,Điện trở,Linh kiện thụ động,P20003,Điện trở,Linh kiện thụ động,Tương thích hoàn toàn,0.98,Cần adapter chuyển đổi
P20001,Điện trở,Linh kiện thụ động,P20004,Tụ điện,Linh kiện thụ động,Không tương thích,0.32,Cần phần mềm hỗ trợ
P20001,Điện trở,Linh kiện thụ động,P20005,Tụ điện,Linh kiện thụ động,Tương thích một phần,0.65,Cần phần mềm hỗ trợ
P20001,Điện trở,Linh kiện thụ động,P20006,Cuộn cảm,Linh kiện thụ động,Tương thích một phần,0.64,Có thể kết nối trực tiếp
P20001,Điện trở,Linh kiện thụ động,P20007,Cuộn cảm,Linh kiện thụ động,Tương thích một phần,0.74,Cần phần mềm hỗ trợ
P20001,Điện trở,Linh kiện thụ động,P20008,Biến trở,Linh kiện thụ động,Tương thích một phần,0.52,Cần nguồn điện phù hợp
P20001,Điện trở,Linh kiện thụ động,P20009,Biến trở,Linh kiện thụ động,Tương thích một phần,0.68,Cần thiết bị trung gian
P20001,Điện trở,Linh kiện thụ động,P20010,Crystal & Oscillator,Linh kiện thụ động,Tương thích hoàn toàn,0.9,Cần firmware tương thích
P20001,Điện trở,Linh kiện thụ động,P20011,Crystal & Oscillator,Linh kiện thụ động,Tương thích một phần,0.75,Cần firmware tương thích
P20001,Điện trở,Linh kiện thụ động,P20012,Cầu chì,Linh kiện thụ động,Tương thích hoàn toàn,0.86,Cần driver phù hợp
P20001,Điện trở,Linh kiện thụ động,P20013,Cầu chì,Linh kiện thụ động,Tương thích một phần,0.52,Cần cập nhật firmware
P20001,Điện trở,Linh kiện thụ động,P20014,Biến áp,Linh kiện thụ động,Tương thích một phần,0.53,Cần firmware tương thích
P20001,Điện trở,Linh kiện thụ động,P20015,Bộ lọc EMI/RFI,Linh kiện thụ động,Tương thích một phần,0.68,Cần nguồn điện phù hợp
P20001,Điện trở,Linh kiện thụ động,P20016,Bộ suy giảm,Linh kiện thụ động,Tương thích một phần,0.64,Cần driver phù hợp
P20001,Điện trở,Linh kiện thụ động,P20017,Mạng điện trở,Linh kiện thụ động,Tương thích hoàn toàn,0.94,Cần firmware tương thích
P20002,Điện trở,Linh kiện thụ động,P20003,Điện trở,Linh kiện thụ động,Tương thích hoàn toàn,0.97,Cần nguồn điện phù hợp
P20002,Điện trở,Linh kiện thụ động,P20004,Tụ điện,Linh kiện thụ động,Tương thích hoàn toàn,0.89,Có thể kết nối trực tiếp
P20002,Điện trở,Linh kiện thụ động,P20005,Tụ điện,Linh kiện thụ động,Tương thích một phần,0.63,Cần adapter chuyển đổi
P20002,Điện trở,Linh kiện thụ động,P20006,Cuộn cảm,Linh kiện thụ động,Tương thích hoàn toàn,0.83,Cần firmware tương thích
P20002,Điện trở,Linh kiện thụ động,P20007,Cuộn cảm,Linh kiện thụ động,Tương thích một phần,0.53,Cần firmware tương thích
P20002,Điện trở,Linh kiện thụ động,P20008,Biến trở,Linh kiện thụ động,Tương thích hoàn toàn,1.0,Cần adapter chuyển đổi
P20002,Điện trở,Linh kiện thụ động,P20009,Biến trở,Linh kiện thụ động,Tương thích hoàn toàn,0.9,Cần cài đặt driver
P20002,Điện trở,Linh kiện thụ động,P20010,Crystal & Oscillator,Linh kiện thụ động,Tương thích hoàn toàn,0.85,Cần driver phù hợp
P20002,Điện trở,Linh kiện thụ động,P20011,Crystal & Oscillator,Linh kiện thụ động,Không tương thích,0.03,Cần cấu hình thêm
P20002,Điện trở,Linh kiện thụ động,P20012,Cầu chì,Linh kiện thụ động,Tương thích một phần,0.6,Có thể kết nối trực tiếp
P20002,Điện trở,Linh kiện thụ động,P20013,Cầu chì,Linh kiện thụ động,Tương thích một phần,0.63,Cần driver phù hợp
P20002,Điện trở,Linh kiện thụ động,P20014,Biến áp,Linh kiện thụ động,Tương thích một phần,0.6,Cần nguồn điện phù hợp
P20002,Điện trở,Linh kiện thụ động,P20015,Bộ lọc EMI/RFI,Linh kiện thụ động,Tương thích một phần,0.56,Cần driver phù hợp
P20002,Điện trở,Linh kiện thụ động,P20016,Bộ suy giảm,Linh kiện thụ động,Tương thích hoàn toàn,0.92,Cần cấu hình thêm
P20002,Điện trở,Linh kiện thụ động,P20017,Mạng điện trở,Linh kiện thụ động,Không tương thích,0.37,Cần adapter chuyển đổi
P20003,Điện trở,Linh kiện thụ động,P20004,Tụ điện,Linh kiện thụ động,Tương thích một phần,0.77,Cần nguồn điện phù hợp
P20003,Điện trở,Linh kiện thụ động,P20005,Tụ điện,Linh kiện thụ động,Tương thích một phần,0.59,Cần adapter chuyển đổi
P20003,Điện trở,Linh kiện thụ động,P20006,Cuộn cảm,Linh kiện thụ động,Tương thích một phần,0.66,Cần cài đặt driver
P20003,Điện trở,Linh kiện thụ động,P20007,Cuộn cảm,Linh kiện thụ động,Tương thích hoàn toàn,0.86,Cần phần mềm hỗ trợ
P20003,Điện trở,Linh kiện thụ động,P20008,Biến trở,Linh kiện thụ động,Tương thích một phần,0.68,Cần cập nhật firmware
P20003,Điện trở,Linh kiện thụ động,P20009,Biến trở,Linh kiện thụ động,Không tương thích,0.01,Có thể kết nối trực tiếp
P20003,Điện trở,Linh kiện thụ động,P20010,Crystal & Oscillator,Linh kiện thụ động,Tương thích hoàn toàn,0.88,Cần driver phù hợp
P20003,Điện trở,Linh kiện thụ động,P20011,Crystal & Oscillator,Linh kiện thụ động,Tương thích hoàn toàn,0.82,Có thể kết nối trực tiếp
P20003,Điện trở,Linh kiện thụ động,P20012,Cầu chì,Linh kiện thụ động,Tương thích một phần,0.75,Cần cấu hình thêm
P20003,Điện trở,Linh kiện thụ động,P20013,Cầu chì,Linh kiện thụ động,Tương thích hoàn toàn,1.0,Cần cấu hình thêm
P20003,Điện trở,Linh kiện thụ động,P20014,Biến áp,Linh kiện thụ động,Tương thích một phần,0.74,Cần cài đặt driver
P20003,Điện trở,Linh kiện thụ động,P20015,Bộ lọc EMI/RFI,Linh kiện thụ động,Tương thích hoàn toàn,0.81,Cần driver phù hợp
P20003,Điện trở,Linh kiện thụ động,P20016,Bộ suy giảm,Linh kiện thụ động,Tương thích hoàn toàn,0.99,Có thể kết nối trực tiếp
P20003,Điện trở,Linh kiện thụ động,P20017,Mạng điện trở,Linh kiện thụ động,Tương thích hoàn toàn,0.83,Cần driver phù hợp
P20004,Tụ điện,Linh kiện thụ động,P20005,Tụ điện,Linh kiện thụ động,Không tương thích,0.19,Có thể kết nối trực tiếp
P20004,Tụ điện,Linh kiện thụ động,P20006,Cuộn cảm,Linh kiện thụ động,Tương thích một phần,0.57,Cần nguồn điện phù hợp
P20004,Tụ điện,Linh kiện thụ động,P20007,Cuộn cảm,Linh kiện thụ động,Tương thích một phần,0.5,Cần cấu hình thêm
P20004,Tụ điện,Linh kiện thụ động,P20008,Biến trở,Linh kiện thụ động,Tương thích hoàn toàn,0.91,Cần thiết bị trung gian
P20004,Tụ điện,Linh kiện thụ động,P20009,Biến trở,Linh kiện thụ động,Tương thích một phần,0.77,Cần driver phù hợp
P20004,Tụ điện,Linh kiện thụ động,P20010,Crystal & Oscillator,Linh kiện thụ động,Tương thích một phần,0.55,Cần phần mềm hỗ trợ
P20004,Tụ điện,Linh kiện thụ động,P20011,Crystal & Oscillator,Linh kiện thụ động,Tương thích hoàn toàn,0.99,Cần thiết bị trung gian
P20004,Tụ điện,Linh kiện thụ động,P20012,Cầu chì,Linh kiện thụ động,Không tương thích,0.09,Cần nguồn điện phù hợp
P20004,Tụ điện,Linh kiện thụ động,P20013,Cầu chì,Linh kiện thụ động,Tương thích một phần,0.66,Cần firmware tương thích
P20004,Tụ điện,Linh kiện thụ động,P20014,Biến áp,Linh kiện thụ động,Không tương thích,0.15,Cần cập nhật firmware
P20004,Tụ điện,Linh kiện thụ động,P20015,Bộ lọc EMI/RFI,Linh kiện thụ động,Tương thích một phần,0.71,Cần firmware tương thích
P20004,Tụ điện,Linh kiện thụ động,P20016,Bộ suy giảm,Linh kiện thụ động,Tương thích hoàn toàn,0.9,Cần cài đặt driver
P20004,Tụ điện,Linh kiện thụ động,P20017,Mạng điện trở,Linh kiện thụ động,Không tương thích,0.12,Cần cập nhật firmware
P20005,Tụ điện,Linh kiện thụ động,P20006,Cuộn cảm,Linh kiện thụ động,Tương thích một phần,0.68,Cần cập nhật firmware
P20005,Tụ điện,Linh kiện thụ động,P20007,Cuộn cảm,Linh kiện thụ động,Tương thích một phần,0.57,Cần firmware tương thích
P20005,Tụ điện,Linh kiện thụ động,P20008,Biến trở,Linh kiện thụ động,Tương thích một phần,0.62,Cần nguồn điện phù hợp
P20005,Tụ điện,Linh kiện thụ động,P20009,Biến trở,Linh kiện thụ động,Tương thích một phần,0.63,Cần cài đặt driver
P20005,Tụ điện,Linh kiện thụ động,P20010,Crystal & Oscillator,Linh kiện thụ động,Tương thích một phần,0.78,Cần cài đặt driver
P20005,Tụ điện,Linh kiện thụ động,P20011,Crystal & Oscillator,Linh kiện thụ động,Tương thích một phần,0.8,Cần cài đặt driver
P20005,Tụ điện,Linh kiện thụ động,P20012,Cầu chì,Linh kiện thụ động,Tương thích hoàn toàn,0.93,Cần nguồn điện phù hợp
P20005,Tụ điện,Linh kiện thụ động,P20013,Cầu chì,Linh kiện thụ động,Tương thích hoàn toàn,0.81,Cần cài đặt driver
P20005,Tụ điện,Linh kiện thụ động,P20014,Biến áp,Linh kiện thụ động,Tương thích hoàn toàn,0.83,Cần cập nhật firmware
P20005,Tụ điện,Linh kiện thụ động,P20015,Bộ lọc EMI/RFI,Linh kiện thụ động,Tương thích một phần,0.56,Cần cài đặt driver
P20005,Tụ điện,Linh kiện thụ động,P20016,Bộ suy giảm,Linh kiện thụ động,Không tương thích,0.2,Cần cài đặt driver
P20005,Tụ điện,Linh kiện thụ động,P20017,Mạng điện trở,Linh kiện thụ động,Tương thích hoàn toàn,0.92,Có thể kết nối trực tiếp
P20006,Cuộn cảm,Linh kiện thụ động,P20007,Cuộn cảm,Linh kiện thụ động,Tương thích hoàn toàn,0.83,Cần driver phù hợp
P20006,Cuộn cảm,Linh kiện thụ động,P20008,Biến trở,Linh kiện thụ động,Tương thích một phần,0.5,Cần phần mềm hỗ trợ
P20006,Cuộn cảm,Linh kiện thụ động,P20009,Biến trở,Linh kiện thụ động,Không tương thích,0.16,Cần driver phù hợp
P20006,Cuộn cảm,Linh kiện thụ động,P20010,Crystal & Oscillator,Linh kiện thụ động,Tương thích hoàn toàn,0.83,Cần nguồn điện phù hợp
P20006,Cuộn cảm,Linh kiện thụ động,P20011,Crystal & Oscillator,Linh kiện thụ động,Tương thích một phần,0.61,Cần thiết bị trung gian
P20006,Cuộn cảm,Linh kiện thụ động,P20012,Cầu chì,Linh kiện thụ động,Không tương thích,0.11,Cần phần mềm hỗ trợ
P20006,Cuộn cảm,Linh kiện thụ động,P20013,Cầu chì,Linh kiện thụ động,Tương thích một phần,0.75,Cần cấu hình thêm
P20006,Cuộn cảm,Linh kiện thụ động,P20014,Biến áp,Linh kiện thụ động,Không tương thích,0.25,Có thể kết nối trực tiếp
P20006,Cuộn cảm,Linh kiện thụ động,P20015,Bộ lọc EMI/RFI,Linh kiện thụ động,Tương thích hoàn toàn,0.94,Cần thiết bị trung gian
P20006,Cuộn cảm,Linh kiện thụ động,P20016,Bộ suy giảm,Linh kiện thụ động,Không tương thích,0.03,Cần adapter chuyển đổi
P20006,Cuộn cảm,Linh kiện thụ động,P20017,Mạng điện trở,Linh kiện thụ động,Tương thích một phần,0.55,Cần adapter chuyển đổi
P20007,Cuộn cảm,Linh kiện thụ động,P20008,Biến trở,Linh kiện thụ động,Tương thích một phần,0.56,Cần thiết bị trung gian
P20007,Cuộn cảm,Linh kiện thụ động,P20009,Biến trở,Linh kiện thụ động,Không tương thích,0.12,Cần cấu hình thêm
P20007,Cuộn cảm,Linh kiện thụ động,P20010,Crystal & Oscillator,Linh kiện thụ động,Tương thích một phần,0.64,Cần cấu hình thêm
P20007,Cuộn cảm,Linh kiện thụ động,P20011,Crystal & Oscillator,Linh kiện thụ động,Tương thích một phần,0.53,Cần driver phù hợp
P20007,Cuộn cảm,Linh kiện thụ động,P20012,Cầu chì,Linh kiện thụ động,Tương thích hoàn toàn,0.97,Cần driver phù hợp
P20007,Cuộn cảm,Linh kiện thụ động,P20013,Cầu chì,Linh kiện thụ động,Tương thích một phần,0.75,Có thể kết nối trực tiếp
P20007,Cuộn cảm,Linh kiện thụ động,P20014,Biến áp,Linh kiện thụ động,Tương thích hoàn toàn,0.84,Cần adapter chuyển đổi
P20007,Cuộn cảm,Linh kiện thụ động,P20015,Bộ lọc EMI/RFI,Linh kiện thụ động,Tương thích một phần,0.54,Có thể kết nối trực tiếp
P20007,Cuộn cảm,Linh kiện thụ động,P20016,Bộ suy giảm,Linh kiện thụ động,Tương thích hoàn toàn,0.95,Cần cập nhật firmware
P20007,Cuộn cảm,Linh kiện thụ động,P20017,Mạng điện trở,Linh kiện thụ động,Tương thích hoàn toàn,0.99,Cần phần mềm hỗ trợ
P20008,Biến trở,Linh kiện thụ động,P20009,Biến trở,Linh kiện thụ động,Tương thích hoàn toàn,0.83,Cần cập nhật firmware
P20008,Biến trở,Linh kiện thụ động,P20010,Crystal & Oscillator,Linh kiện thụ động,Không tương thích,0.29,Cần cấu hình thêm
P20008,Biến trở,Linh kiện thụ động,P20011,Crystal & Oscillator,Linh kiện thụ động,Tương thích một phần,0.78,Cần cài đặt driver
P20008,Biến trở,Linh kiện thụ động,P20012,Cầu chì,Linh kiện thụ động,Tương thích hoàn toàn,0.88,Cần cài đặt driver
P20008,Biến trở,Linh kiện thụ động,P20013,Cầu chì,Linh kiện thụ động,Tương thích hoàn toàn,0.83,Cần cài đặt driver
P20008,Biến trở,Linh kiện thụ động,P20014,Biến áp,Linh kiện thụ động,Tương thích một phần,0.69,Cần cập nhật firmware
P20008,Biến trở,Linh kiện thụ động,P20015,Bộ lọc EMI/RFI,Linh kiện thụ động,Tương thích một phần,0.58,Có thể kết nối trực tiếp
P20008,Biến trở,Linh kiện thụ động,P20016,Bộ suy giảm,Linh kiện thụ động,Tương thích một phần,0.7,Cần cấu hình thêm
P20008,Biến trở,Linh kiện thụ động,P20017,Mạng điện trở,Linh kiện thụ động,Tương thích hoàn toàn,0.84,Cần cập nhật firmware
P20009,Biến trở,Linh kiện thụ động,P20010,Crystal & Oscillator,Linh kiện thụ động,Tương thích hoàn toàn,0.81,Cần thiết bị trung gian
P20009,Biến trở,Linh kiện thụ động,P20011,Crystal & Oscillator,Linh kiện thụ động,Tương thích một phần,0.71,Có thể kết nối trực tiếp
P20009,Biến trở,Linh kiện thụ động,P20012,Cầu chì,Linh kiện thụ động,Tương thích một phần,0.54,Cần driver phù hợp
P20009,Biến trở,Linh kiện thụ động,P20013,Cầu chì,Linh kiện thụ động,Tương thích một phần,0.54,Cần phần mềm hỗ trợ
P20009,Biến trở,Linh kiện thụ động,P20014,Biến áp,Linh kiện thụ động,Tương thích hoàn toàn,0.85,Có thể kết nối trực tiếp
P20009,Biến trở,Linh kiện thụ động,P20015,Bộ lọc EMI/RFI,Linh kiện thụ động,Tương thích hoàn toàn,0.81,Cần cấu hình thêm
P20009,Biến trở,Linh kiện thụ động,P20016,Bộ suy giảm,Linh kiện thụ động,Tương thích một phần,0.69,Cần adapter chuyển đổi
P20009,Biến trở,Linh kiện thụ động,P20017,Mạng điện trở,Linh kiện thụ động,Tương thích một phần,0.64,Cần phần mềm hỗ trợ
P20010,Crystal & Oscillator,Linh kiện thụ động,P20011,Crystal & Oscillator,Linh kiện thụ động,Tương thích hoàn toàn,0.81,Cần cập nhật firmware
P20010,Crystal & Oscillator,Linh kiện thụ động,P20012,Cầu chì,Linh kiện thụ động,Không tương thích,0.06,Cần cấu hình thêm
P20010,Crystal & Oscillator,Linh kiện thụ động,P20013,Cầu chì,Linh kiện thụ động,Tương thích một phần,0.7,Cần nguồn điện phù hợp
P20010,Crystal & Oscillator,Linh kiện thụ động,P20014,Biến áp,Linh kiện thụ động,Không tương thích,0.14,Cần phần mềm hỗ trợ
P20010,Crystal & Oscillator,Linh kiện thụ động,P20015,Bộ lọc EMI/RFI,Linh kiện thụ động,Tương thích một phần,0.68,Cần phần mềm hỗ trợ
P20010,Crystal & Oscillator,Linh kiện thụ động,P20016,Bộ suy giảm,Linh kiện thụ động,Tương thích một phần,0.74,Cần firmware tương thích
P20010,Crystal & Oscillator,Linh kiện thụ động,P20017,Mạng điện trở,Linh kiện thụ động,Tương thích hoàn toàn,0.85,Cần phần mềm hỗ trợ
P20011,Crystal & Oscillator,Linh kiện thụ động,P20012,Cầu chì,Linh kiện thụ động,Tương thích một phần,0.53,Có thể kết nối trực tiếp
P20011,Crystal & Oscillator,Linh kiện thụ động,P20013,Cầu chì,Linh kiện thụ động,Tương thích một phần,0.51,Cần adapter chuyển đổi
P20011,Crystal & Oscillator,Linh kiện thụ động,P20014,Biến áp,Linh kiện thụ động,Tương thích hoàn toàn,0.99,Cần thiết bị trung gian
P20011,Crystal & Oscillator,Linh kiện thụ động,P20015,Bộ lọc EMI/RFI,Linh kiện thụ động,Tương thích một phần,0.77,Cần driver phù hợp
P20011,Crystal & Oscillator,Linh kiện thụ động,P20016,Bộ suy giảm,Linh kiện thụ động,Tương thích hoàn toàn,0.84,Cần cài đặt driver
P20011,Crystal & Oscillator,Linh kiện thụ động,P20017,Mạng điện trở,Linh kiện thụ động,Tương thích hoàn toàn,0.91,Cần nguồn điện phù hợp
P20012,Cầu chì,Linh kiện thụ động,P20013,Cầu chì,Linh kiện thụ động,Tương thích một phần,0.59,Cần nguồn điện phù hợp
P20012,Cầu chì,Linh kiện thụ động,P20014,Biến áp,Linh kiện thụ động,Tương thích một phần,0.59,Cần cài đặt driver
P20012,Cầu chì,Linh kiện thụ động,P20015,Bộ lọc EMI/RFI,Linh kiện thụ động,Tương thích hoàn toàn,0.85,Cần cài đặt driver
P20012,Cầu chì,Linh kiện thụ động,P20016,Bộ suy giảm,Linh kiện thụ động,Tương thích hoàn toàn,0.99,Cần thiết bị trung gian
P20012,Cầu chì,Linh kiện thụ động,P20017,Mạng điện trở,Linh kiện thụ động,Không tương thích,0.19,Cần cài đặt driver
P20013,Cầu chì,Linh kiện thụ động,P20014,Biến áp,Linh kiện thụ động,Không tương thích,0.27,Cần phần mềm hỗ trợ
P20013,Cầu chì,Linh kiện thụ động,P20015,Bộ lọc EMI/RFI,Linh kiện thụ động,Không tương thích,0.12,Cần nguồn điện phù hợp
P20013,Cầu chì,Linh kiện thụ động,P20016,Bộ suy giảm,Linh kiện thụ động,Không tương thích,0.38,Cần cài đặt driver
P20013,Cầu chì,Linh kiện thụ động,P20017,Mạng điện trở,Linh kiện thụ động,Tương thích một phần,0.71,Có thể kết nối trực tiếp
P20014,Biến áp,Linh kiện thụ động,P20015,Bộ lọc EMI/RFI,Linh kiện thụ động,Tương thích hoàn toàn,0.96,Cần cài đặt driver
P20014,Biến áp,Linh kiện thụ động,P20016,Bộ suy giảm,Linh kiện thụ động,Không tương thích,0.0,Cần cài đặt driver
P20014,Biến áp,Linh kiện thụ động,P20017,Mạng điện trở,Linh kiện thụ động,Tương thích một phần,0.58,Cần thiết bị trung gian
P20015,Bộ lọc EMI/RFI,Linh kiện thụ động,P20016,Bộ suy giảm,Linh kiện thụ động,Tương thích hoàn toàn,0.95,Cần firmware tương thích
P20015,Bộ lọc EMI/RFI,Linh kiện thụ động,P20017,Mạng điện trở,Linh kiện thụ động,Tương thích hoàn toàn,0.84,Có thể kết nối trực tiếp
P20016,Bộ suy giảm,Linh kiện thụ động,P20017,Mạng điện trở,Linh kiện thụ động,Tương thích hoàn toàn,0.9,Cần cài đặt driver
P30001,Diode,Linh kiện chủ động,P30002,Diode,Linh kiện chủ động,Tương thích hoàn toàn,0.86,Cần nguồn điện phù hợp
P30001,Diode,Linh kiện chủ động,P30003,Diode,Linh kiện chủ động,Tương thích một phần,0.6,Cần cập nhật firmware
P30001,Diode,Linh kiện chủ động,P30004,Transistor,Linh kiện chủ động,Tương thích một phần,0.74,Cần adapter chuyển đổi
P30001,Diode,Linh kiện chủ động,P30005,Transistor,Linh kiện chủ động,Tương thích một phần,0.67,Cần adapter chuyển đổi
P30001,Diode,Linh kiện chủ động,P30006,IC tích hợp,Linh kiện chủ động,Không tương thích,0.34,Cần cấu hình thêm
P30001,Diode,Linh kiện chủ động,P30007,IC tích hợp,Linh kiện chủ động,Tương thích hoàn toàn,0.96,Cần cài đặt driver
P30001,Diode,Linh kiện chủ động,P30008,Thyristor,Linh kiện chủ động,Tương thích hoàn toàn,0.81,Có thể kết nối trực tiếp
P30001,Diode,Linh kiện chủ động,P30009,Thyristor,Linh kiện chủ động,Tương thích một phần,0.75,Cần adapter chuyển đổi
P30001,Diode,Linh kiện chủ động,P30010,Mosfet,Linh kiện chủ động,Không tương thích,0.06,Cần cài đặt driver
P30001,Diode,Linh kiện chủ động,P30011,Mosfet,Linh kiện chủ động,Tương thích một phần,0.51,Có thể kết nối trực tiếp
P30001,Diode,Linh kiện chủ động,P30012,IGBT,Linh kiện chủ động,Tương thích một phần,0.68,Cần thiết bị trung gian
P30001,Diode,Linh kiện chủ động,P30013,IGBT,Linh kiện chủ động,Tương thích hoàn toàn,0.91,Có thể kết nối trực tiếp
P30001,Diode,Linh kiện chủ động,P30014,Bộ khuếch đại,Linh kiện chủ động,Tương thích một phần,0.57,Cần adapter chuyển đổi
P30001,Diode,Linh kiện chủ động,P30015,Bộ so sánh,Linh kiện chủ động,Tương thích một phần,0.77,Cần nguồn điện phù hợp
P30001,Diode,Linh kiện chủ động,P30016,Bộ chuyển đổi ADC/DAC,Linh kiện chủ động,Tương thích hoàn toàn,0.88,Cần cấu hình thêm
P30001,Diode,Linh kiện chủ động,P30017,Bộ dao động,Linh kiện chủ động,Tương thích hoàn toàn,0.81,Cần cài đặt driver
P30002,Diode,Linh kiện chủ động,P30003,Diode,Linh kiện chủ động,Tương thích hoàn toàn,0.88,Cần phần mềm hỗ trợ
P30002,Diode,Linh kiện chủ động,P30004,Transistor,Linh kiện chủ động,Tương thích một phần,0.7,Cần firmware tương thích
P30002,Diode,Linh kiện chủ động,P30005,Transistor,Linh kiện chủ động,Tương thích hoàn toàn,0.95,Cần thiết bị trung gian
P30002,Diode,Linh kiện chủ động,P30006,IC tích hợp,Linh kiện chủ động,Tương thích một phần,0.69,Có thể kết nối trực tiếp
P30002,Diode,Linh kiện chủ động,P30007,IC tích hợp,Linh kiện chủ động,Tương thích một phần,0.78,Cần nguồn điện phù hợp
P30002,Diode,Linh kiện chủ động,P30008,Thyristor,Linh kiện chủ động,Tương thích hoàn toàn,0.93,Cần phần mềm hỗ trợ
P30002,Diode,Linh kiện chủ động,P30009,Thyristor,Linh kiện chủ động,Tương thích hoàn toàn,0.85,Cần phần mềm hỗ trợ
P30002,Diode,Linh kiện chủ động,P30010,Mosfet,Linh kiện chủ động,Không tương thích,0.31,Cần nguồn điện phù hợp
P30002,Diode,Linh kiện chủ động,P30011,Mosfet,Linh kiện chủ động,Tương thích một phần,0.53,Cần driver phù hợp
P30002,Diode,Linh kiện chủ động,P30012,IGBT,Linh kiện chủ động,Tương thích một phần,0.62,Cần nguồn điện phù hợp
P30002,Diode,Linh kiện chủ động,P30013,IGBT,Linh kiện chủ động,Tương thích một phần,0.56,Cần thiết bị trung gian
P30002,Diode,Linh kiện chủ động,P30014,Bộ khuếch đại,Linh kiện chủ động,Tương thích một phần,0.76,Cần driver phù hợp
P30002,Diode,Linh kiện chủ động,P30015,Bộ so sánh,Linh kiện chủ động,Không tương thích,0.02,Cần thiết bị trung gian
P30002,Diode,Linh kiện chủ động,P30016,Bộ chuyển đổi ADC/DAC,Linh kiện chủ động,Không tương thích,0.03,Cần firmware tương thích
P30002,Diode,Linh kiện chủ động,P30017,Bộ dao động,Linh kiện chủ động,Tương thích một phần,0.65,Cần cài đặt driver
P30003,Diode,Linh kiện chủ động,P30004,Transistor,Linh kiện chủ động,Tương thích hoàn toàn,0.97,Cần firmware tương thích
P30003,Diode,Linh kiện chủ động,P30005,Transistor,Linh kiện chủ động,Tương thích hoàn toàn,0.83,Cần phần mềm hỗ trợ
P30003,Diode,Linh kiện chủ động,P30006,IC tích hợp,Linh kiện chủ động,Không tương thích,0.36,Có thể kết nối trực tiếp
P30003,Diode,Linh kiện chủ động,P30007,IC tích hợp,Linh kiện chủ động,Tương thích một phần,0.77,Cần firmware tương thích
P30003,Diode,Linh kiện chủ động,P30008,Thyristor,Linh kiện chủ động,Tương thích một phần,0.72,Cần cập nhật firmware
P30003,Diode,Linh kiện chủ động,P30009,Thyristor,Linh kiện chủ động,Không tương thích,0.05,Cần firmware tương thích
P30003,Diode,Linh kiện chủ động,P30010,Mosfet,Linh kiện chủ động,Tương thích hoàn toàn,0.97,Cần thiết bị trung gian
P30003,Diode,Linh kiện chủ động,P30011,Mosfet,Linh kiện chủ động,Tương thích một phần,0.58,Cần phần mềm hỗ trợ
P30003,Diode,Linh kiện chủ động,P30012,IGBT,Linh kiện chủ động,Tương thích một phần,0.64,Cần cập nhật firmware
P30003,Diode,Linh kiện chủ động,P30013,IGBT,Linh kiện chủ động,Tương thích một phần,0.72,Cần cài đặt driver
P30003,Diode,Linh kiện chủ động,P30014,Bộ khuếch đại,Linh kiện chủ động,Tương thích hoàn toàn,0.89,Cần firmware tương thích
P30003,Diode,Linh kiện chủ động,P30015,Bộ so sánh,Linh kiện chủ động,Tương thích một phần,0.51,Cần cài đặt driver
P30003,Diode,Linh kiện chủ động,P30016,Bộ chuyển đổi ADC/DAC,Linh kiện chủ động,Tương thích một phần,0.71,Cần phần mềm hỗ trợ
P30003,Diode,Linh kiện chủ động,P30017,Bộ dao động,Linh kiện chủ động,Tương thích một phần,0.51,Cần cấu hình thêm
P30004,Transistor,Linh kiện chủ động,P30005,Transistor,Linh kiện chủ động,Tương thích một phần,0.74,Cần phần mềm hỗ trợ
P30004,Transistor,Linh kiện chủ động,P30006,IC tích hợp,Linh kiện chủ động,Tương thích hoàn toàn,0.86,Cần firmware tương thích
P30004,Transistor,Linh kiện chủ động,P30007,IC tích hợp,Linh kiện chủ động,Tương thích một phần,0.8,Cần cấu hình thêm
P30004,Transistor,Linh kiện chủ động,P30008,Thyristor,Linh kiện chủ động,Tương thích hoàn toàn,0.89,Cần firmware tương thích
P30004,Transistor,Linh kiện chủ động,P30009,Thyristor,Linh kiện chủ động,Tương thích một phần,0.61,Cần thiết bị trung gian
P30004,Transistor,Linh kiện chủ động,P30010,Mosfet,Linh kiện chủ động,Tương thích một phần,0.54,Có thể kết nối trực tiếp
P30004,Transistor,Linh kiện chủ động,P30011,Mosfet,Linh kiện chủ động,Tương thích hoàn toàn,0.87,Cần cài đặt driver
P30004,Transistor,Linh kiện chủ động,P30012,IGBT,Linh kiện chủ động,Tương thích một phần,0.65,Cần cấu hình thêm
P30004,Transistor,Linh kiện chủ động,P30013,IGBT,Linh kiện chủ động,Tương thích một phần,0.53,Cần firmware tương thích
P30004,Transistor,Linh kiện chủ động,P30014,Bộ khuếch đại,Linh kiện chủ động,Tương thích một phần,0.76,Cần adapter chuyển đổi
P30004,Transistor,Linh kiện chủ động,P30015,Bộ so sánh,Linh kiện chủ động,Tương thích một phần,0.75,Có thể kết nối trực tiếp
P30004,Transistor,Linh kiện chủ động,P30016,Bộ chuyển đổi ADC/DAC,Linh kiện chủ động,Tương thích hoàn toàn,0.99,Cần cài đặt driver
P30004,Transistor,Linh kiện chủ động,P30017,Bộ dao động,Linh kiện chủ động,Tương thích một phần,0.51,Cần nguồn điện phù hợp
P30005,Transistor,Linh kiện chủ động,P30006,IC tích hợp,Linh kiện chủ động,Không tương thích,0.1,Cần driver phù hợp
P30005,Transistor,Linh kiện chủ động,P30007,IC tích hợp,Linh kiện chủ động,Tương thích một phần,0.6,Cần driver phù hợp
P30005,Transistor,Linh kiện chủ động,P30008,Thyristor,Linh kiện chủ động,Tương thích hoàn toàn,0.88,Cần cập nhật firmware
P30005,Transistor,Linh kiện chủ động,P30009,Thyristor,Linh kiện chủ động,Tương thích một phần,0.59,Cần driver phù hợp
P30005,Transistor,Linh kiện chủ động,P30010,Mosfet,Linh kiện chủ động,Tương thích hoàn toàn,0.8,Cần cài đặt driver
P30005,Transistor,Linh kiện chủ động,P30011,Mosfet,Linh kiện chủ động,Tương thích hoàn toàn,0.85,Cần cập nhật firmware
P30005,Transistor,Linh kiện chủ động,P30012,IGBT,Linh kiện chủ động,Tương thích một phần,0.58,Có thể kết nối trực tiếp
P30005,Transistor,Linh kiện chủ động,P30013,IGBT,Linh kiện chủ động,Không tương thích,0.05,Cần cấu hình thêm
P30005,Transistor,Linh kiện chủ động,P30014,Bộ khuếch đại,Linh kiện chủ động,Không tương thích,0.36,Cần cài đặt driver
P30005,Transistor,Linh kiện chủ động,P30015,Bộ so sánh,Linh kiện chủ động,Tương thích một phần,0.65,Cần cập nhật firmware
P30005,Transistor,Linh kiện chủ động,P30016,Bộ chuyển đổi ADC/DAC,Linh kiện chủ động,Tương thích một phần,0.62,Cần adapter chuyển đổi
P30005,Transistor,Linh kiện chủ động,P30017,Bộ dao động,Linh kiện chủ động,Tương thích một phần,0.68,Cần phần mềm hỗ trợ
P30006,IC tích hợp,Linh kiện chủ động,P30007,IC tích hợp,Linh kiện chủ động,Tương thích một phần,0.55,Cần thiết bị trung gian
P30006,IC tích hợp,Linh kiện chủ động,P30008,Thyristor,Linh kiện chủ động,Tương thích hoàn toàn,0.83,Cần nguồn điện phù hợp
P30006,IC tích hợp,Linh kiện chủ động,P30009,Thyristor,Linh kiện chủ động,Tương thích hoàn toàn,0.93,Cần nguồn điện phù hợp
P30006,IC tích hợp,Linh kiện chủ động,P30010,Mosfet,Linh kiện chủ động,Không tương thích,0.31,Có thể kết nối trực tiếp
P30006,IC tích hợp,Linh kiện chủ động,P30011,Mosfet,Linh kiện chủ động,Không tương thích,0.01,Cần adapter chuyển đổi
P30006,IC tích hợp,Linh kiện chủ động,P30012,IGBT,Linh kiện chủ động,Tương thích một phần,0.54,Cần cài đặt driver
P30006,IC tích hợp,Linh kiện chủ động,P30013,IGBT,Linh kiện chủ động,Tương thích một phần,0.77,Cần adapter chuyển đổi
P30006,IC tích hợp,Linh kiện chủ động,P30014,Bộ khuếch đại,Linh kiện chủ động,Tương thích hoàn toàn,0.92,Cần cập nhật firmware
P30006,IC tích hợp,Linh kiện chủ động,P30015,Bộ so sánh,Linh kiện chủ động,Tương thích một phần,0.79,Cần cài đặt driver
P30006,IC tích hợp,Linh kiện chủ động,P30016,Bộ chuyển đổi ADC/DAC,Linh kiện chủ động,Tương thích hoàn toàn,0.83,Cần firmware tương thích
P30006,IC tích hợp,Linh kiện chủ động,P30017,Bộ dao động,Linh kiện chủ động,Tương thích một phần,0.75,Cần thiết bị trung gian
P30007,IC tích hợp,Linh kiện chủ động,P30008,Thyristor,Linh kiện chủ động,Tương thích một phần,0.74,Cần thiết bị trung gian
P30007,IC tích hợp,Linh kiện chủ động,P30009,Thyristor,Linh kiện chủ động,Không tương thích,0.09,Cần cài đặt driver
P30007,IC tích hợp,Linh kiện chủ động,P30010,Mosfet,Linh kiện chủ động,Tương thích một phần,0.67,Cần nguồn điện phù hợp
P30007,IC tích hợp,Linh kiện chủ động,P30011,Mosfet,Linh kiện chủ động,Tương thích hoàn toàn,0.86,Cần thiết bị trung gian
P30007,IC tích hợp,Linh kiện chủ động,P30012,IGBT,Linh kiện chủ động,Tương thích một phần,0.73,Cần driver phù hợp
P30007,IC tích hợp,Linh kiện chủ động,P30013,IGBT,Linh kiện chủ động,Tương thích một phần,0.65,Cần adapter chuyển đổi
P30007,IC tích hợp,Linh kiện chủ động,P30014,Bộ khuếch đại,Linh kiện chủ động,Không tương thích,0.36,Cần firmware tương thích
P30007,IC tích hợp,Linh kiện chủ động,P30015,Bộ so sánh,Linh kiện chủ động,Tương thích hoàn toàn,0.8,Có thể kết nối trực tiếp
P30007,IC tích hợp,Linh kiện chủ động,P30016,Bộ chuyển đổi ADC/DAC,Linh kiện chủ động,Không tương thích,0.4,Cần phần mềm hỗ trợ
P30007,IC tích hợp,Linh kiện chủ động,P30017,Bộ dao động,Linh kiện chủ động,Tương thích hoàn toàn,0.83,Cần nguồn điện phù hợp
P30008,Thyristor,Linh kiện chủ động,P30009,Thyristor,Linh kiện chủ động,Tương thích một phần,0.72,Cần adapter chuyển đổi
P30008,Thyristor,Linh kiện chủ động,P30010,Mosfet,Linh kiện chủ động,Tương thích hoàn toàn,0.93,Cần driver phù hợp
P30008,Thyristor,Linh kiện chủ động,P30011,Mosfet,Linh kiện chủ động,Tương thích hoàn toàn,0.93,Cần thiết bị trung gian
P30008,Thyristor,Linh kiện chủ động,P30012,IGBT,Linh kiện chủ động,Tương thích một phần,0.53,Cần cấu hình thêm
P30008,Thyristor,Linh kiện chủ động,P30013,IGBT,Linh kiện chủ động,Tương thích hoàn toàn,0.87,Cần phần mềm hỗ trợ
P30008,Thyristor,Linh kiện chủ động,P30014,Bộ khuếch đại,Linh kiện chủ động,Tương thích một phần,0.67,Có thể kết nối trực tiếp
P30008,Thyristor,Linh kiện chủ động,P30015,Bộ so sánh,Linh kiện chủ động,Tương thích một phần,0.59,Cần thiết bị trung gian
P30008,Thyristor,Linh kiện chủ động,P30016,Bộ chuyển đổi ADC/DAC,Linh kiện chủ động,Tương thích một phần,0.61,Cần cài đặt driver
P30008,Thyristor,Linh kiện chủ động,P30017,Bộ dao động,Linh kiện chủ động,Tương thích hoàn toàn,0.98,Cần firmware tương thích
P30009,Thyristor,Linh kiện chủ động,P30010,Mosfet,Linh kiện chủ động,Tương thích hoàn toàn,0.81,Cần phần mềm hỗ trợ
P30009,Thyristor,Linh kiện chủ động,P30011,Mosfet,Linh kiện chủ động,Tương thích hoàn toàn,0.93,Cần nguồn điện phù hợp
P30009,Thyristor,Linh kiện chủ động,P30012,IGBT,Linh kiện chủ động,Tương thích hoàn toàn,0.83,Cần cấu hình thêm
P30009,Thyristor,Linh kiện chủ động,P30013,IGBT,Linh kiện chủ động,Không tương thích,0.38,Cần thiết bị trung gian
P30009,Thyristor,Linh kiện chủ động,P30014,Bộ khuếch đại,Linh kiện chủ động,Tương thích hoàn toàn,0.8,Cần nguồn điện phù hợp
P30009,Thyristor,Linh kiện chủ động,P30015,Bộ so sánh,Linh kiện chủ động,Tương thích hoàn toàn,0.82,Cần adapter chuyển đổi
P30009,Thyristor,Linh kiện chủ động,P30016,Bộ chuyển đổi ADC/DAC,Linh kiện chủ động,Tương thích một phần,0.79,Cần firmware tương thích
P30009,Thyristor,Linh kiện chủ động,P30017,Bộ dao động,Linh kiện chủ động,Không tương thích,0.4,Cần thiết bị trung gian
P30010,Mosfet,Linh kiện chủ động,P30011,Mosfet,Linh kiện chủ động,Tương thích một phần,0.55,Có thể kết nối trực tiếp
P30010,Mosfet,Linh kiện chủ động,P30012,IGBT,Linh kiện chủ động,Tương thích hoàn toàn,0.83,Cần thiết bị trung gian
P30010,Mosfet,Linh kiện chủ động,P30013,IGBT,Linh kiện chủ động,Không tương thích,0.14,Cần thiết bị trung gian
P30010,Mosfet,Linh kiện chủ động,P30014,Bộ khuếch đại,Linh kiện chủ động,Tương thích hoàn toàn,0.98,Cần firmware tương thích
P30010,Mosfet,Linh kiện chủ động,P30015,Bộ so sánh,Linh kiện chủ động,Tương thích một phần,0.55,Cần cập nhật firmware
P30010,Mosfet,Linh kiện chủ động,P30016,Bộ chuyển đổi ADC/DAC,Linh kiện chủ động,Không tương thích,0.12,Cần thiết bị trung gian
P30010,Mosfet,Linh kiện chủ động,P30017,Bộ dao động,Linh kiện chủ động,Tương thích một phần,0.57,Cần cấu hình thêm
P30011,Mosfet,Linh kiện chủ động,P30012,IGBT,Linh kiện chủ động,Không tương thích,0.13,Cần cài đặt driver
P30011,Mosfet,Linh kiện chủ động,P30013,IGBT,Linh kiện chủ động,Tương thích một phần,0.76,Cần cấu hình thêm
P30011,Mosfet,Linh kiện chủ động,P30014,Bộ khuếch đại,Linh kiện chủ động,Tương thích hoàn toàn,0.83,Cần adapter chuyển đổi
P30011,Mosfet,Linh kiện chủ động,P30015,Bộ so sánh,Linh kiện chủ động,Tương thích một phần,0.75,Cần driver phù hợp
P30011,Mosfet,Linh kiện chủ động,P30016,Bộ chuyển đổi ADC/DAC,Linh kiện chủ động,Tương thích hoàn toàn,0.94,Cần nguồn điện phù hợp
P30011,Mosfet,Linh kiện chủ động,P30017,Bộ dao động,Linh kiện chủ động,Tương thích một phần,0.69,Cần firmware tương thích
P30012,IGBT,Linh kiện chủ động,P30013,IGBT,Linh kiện chủ động,Tương thích một phần,0.51,Cần cập nhật firmware
P30012,IGBT,Linh kiện chủ động,P30014,Bộ khuếch đại,Linh kiện chủ động,Không tương thích,0.32,Cần adapter chuyển đổi
P30012,IGBT,Linh kiện chủ động,P30015,Bộ so sánh,Linh kiện chủ động,Tương thích một phần,0.55,Cần adapter chuyển đổi
P30012,IGBT,Linh kiện chủ động,P30016,Bộ chuyển đổi ADC/DAC,Linh kiện chủ động,Tương thích hoàn toàn,0.84,Cần cập nhật firmware
P30012,IGBT,Linh kiện chủ động,P30017,Bộ dao động,Linh kiện chủ động,Không tương thích,0.21,Cần cấu hình thêm
P30013,IGBT,Linh kiện chủ động,P30014,Bộ khuếch đại,Linh kiện chủ động,Không tương thích,0.01,Cần nguồn điện phù hợp
P30013,IGBT,Linh kiện chủ động,P30015,Bộ so sánh,Linh kiện chủ động,Tương thích hoàn toàn,0.9,Cần cài đặt driver
P30013,IGBT,Linh kiện chủ động,P30016,Bộ chuyển đổi ADC/DAC,Linh kiện chủ động,Tương thích hoàn toàn,0.87,Có thể kết nối trực tiếp
P30013,IGBT,Linh kiện chủ động,P30017,Bộ dao động,Linh kiện chủ động,Tương thích một phần,0.76,Cần driver phù hợp
P30014,Bộ khuếch đại,Linh kiện chủ động,P30015,Bộ so sánh,Linh kiện chủ động,Không tương thích,0.23,Cần firmware tương thích
P30014,Bộ khuếch đại,Linh kiện chủ động,P30016,Bộ chuyển đổi ADC/DAC,Linh kiện chủ động,Tương thích một phần,0.58,Cần adapter chuyển đổi
P30014,Bộ khuếch đại,Linh kiện chủ động,P30017,Bộ dao động,Linh kiện chủ động,Tương thích hoàn toàn,0.85,Cần phần mềm hỗ trợ
P30015,Bộ so sánh,Linh kiện chủ động,P30016,Bộ chuyển đổi ADC/DAC,Linh kiện chủ động,Tương thích một phần,0.56,Cần cài đặt driver
P30015,Bộ so sánh,Linh kiện chủ động,P30017,Bộ dao động,Linh kiện chủ động,Tương thích một phần,0.57,Cần cài đặt driver
P30016,Bộ chuyển đổi ADC/DAC,Linh kiện chủ động,P30017,Bộ dao động,Linh kiện chủ động,Không tương thích,0.38,Cần driver phù hợp
P40001,Cảm biến nhiệt độ,Cảm biến & Đo lường,P40002,Cảm biến nhiệt độ,Cảm biến & Đo lường,Tương thích một phần,0.56,Có thể kết nối trực tiếp
P40001,Cảm biến nhiệt độ,Cảm biến & Đo lường,P40003,Cảm biến nhiệt độ,Cảm biến & Đo lường,Tương thích một phần,0.58,Cần thiết bị trung gian
P40001,Cảm biến nhiệt độ,Cảm biến & Đo lường,P40004,Cảm biến áp suất,Cảm biến & Đo lường,Không tương thích,0.26,Cần adapter chuyển đổi
P40001,Cảm biến nhiệt độ,Cảm biến & Đo lường,P40005,Cảm biến áp suất,Cảm biến & Đo lường,Tương thích hoàn toàn,0.89,Cần cấu hình thêm
P40001,Cảm biến nhiệt độ,Cảm biến & Đo lường,P40006,Cảm biến chuyển động,Cảm biến & Đo lường,Tương thích một phần,0.64,Cần driver phù hợp
P40001,Cảm biến nhiệt độ,Cảm biến & Đo lường,P40007,Cảm biến chuyển động,Cảm biến & Đo lường,Tương thích hoàn toàn,0.94,Có thể kết nối trực tiếp
P40001,Cảm biến nhiệt độ,Cảm biến & Đo lường,P40008,Cảm biến ánh sáng,Cảm biến & Đo lường,Không tương thích,0.14,Cần thiết bị trung gian
P40001,Cảm biến nhiệt độ,Cảm biến & Đo lường,P40009,Cảm biến ánh sáng,Cảm biến & Đo lường,Tương thích hoàn toàn,0.97,Cần thiết bị trung gian
P40001,Cảm biến nhiệt độ,Cảm biến & Đo lường,P40010,Cảm biến từ trường,Cảm biến & Đo lường,Tương thích một phần,0.55,Cần cấu hình thêm
P40001,Cảm biến nhiệt độ,Cảm biến & Đo lường,P40011,Cảm biến từ trường,Cảm biến & Đo lường,Tương thích một phần,0.75,Cần driver phù hợp
P40001,Cảm biến nhiệt độ,Cảm biến & Đo lường,P40012,Module GPS,Cảm biến & Đo lường,Tương thích một phần,0.55,Cần phần mềm hỗ trợ
P40001,Cảm biến nhiệt độ,Cảm biến & Đo lường,P40013,Module GPS,Cảm biến & Đo lường,Tương thích hoàn toàn,0.82,Cần nguồn điện phù hợp
P40001,Cảm biến nhiệt độ,Cảm biến & Đo lường,P40014,Cảm biến khí,Cảm biến & Đo lường,Tương thích một phần,0.69,Cần cấu hình thêm
P40001,Cảm biến nhiệt độ,Cảm biến & Đo lường,P40015,Cảm biến gia tốc,Cảm biến & Đo lường,Tương thích một phần,0.73,Cần cấu hình thêm
P40001,Cảm biến nhiệt độ,Cảm biến & Đo lường,P40016,Cảm biến độ ẩm,Cảm biến & Đo lường,Tương thích hoàn toàn,0.93,Có thể kết nối trực tiếp
P40001,Cảm biến nhiệt độ,Cảm biến & Đo lường,P40017,Cảm biến hồng ngoại,Cảm biến & Đo lường,Tương thích hoàn toàn,0.86,Cần cấu hình thêm
P40002,Cảm biến nhiệt độ,Cảm biến & Đo lường,P40003,Cảm biến nhiệt độ,Cảm biến & Đo lường,Tương thích một phần,0.59,Cần thiết bị trung gian
P40002,Cảm biến nhiệt độ,Cảm biến & Đo lường,P40004,Cảm biến áp suất,Cảm biến & Đo lường,Tương thích một phần,0.5,Có thể kết nối trực tiếp
P40002,Cảm biến nhiệt độ,Cảm biến & Đo lường,P40005,Cảm biến áp suất,Cảm biến & Đo lường,Tương thích một phần,0.65,Cần cấu hình thêm
P40002,Cảm biến nhiệt độ,Cảm biến & Đo lường,P40006,Cảm biến chuyển động,Cảm biến & Đo lường,Không tương thích,0.05,Cần cấu hình thêm
P40002,Cảm biến nhiệt độ,Cảm biến & Đo lường,P40007,Cảm biến chuyển động,Cảm biến & Đo lường,Không tương thích,0.38,Cần firmware tương thích
P40002,Cảm biến nhiệt độ,Cảm biến & Đo lường,P40008,Cảm biến ánh sáng,Cảm biến & Đo lường,Không tương thích,0.03,Cần firmware tương thích
P40002,Cảm biến nhiệt độ,Cảm biến & Đo lường,P40009,Cảm biến ánh sáng,Cảm biến & Đo lường,Tương thích một phần,0.75,Cần driver phù hợp
P40002,Cảm biến nhiệt độ,Cảm biến & Đo lường,P40010,Cảm biến từ trường,Cảm biến & Đo lường,Tương thích hoàn toàn,0.86,Cần cấu hình thêm
P40002,Cảm biến nhiệt độ,Cảm biến & Đo lường,P40011,Cảm biến từ trường,Cảm biến & Đo lường,Không tương thích,0.14,Cần adapter chuyển đổi
P40002,Cảm biến nhiệt độ,Cảm biến & Đo lường,P40012,Module GPS,Cảm biến & Đo lường,Không tương thích,0.1,Cần thiết bị trung gian
P40002,Cảm biến nhiệt độ,Cảm biến & Đo lường,P40013,Module GPS,Cảm biến & Đo lường,Tương thích một phần,0.63,Cần thiết bị trung gian
P40002,Cảm biến nhiệt độ,Cảm biến & Đo lường,P40014,Cảm biến khí,Cảm biến & Đo lường,Tương thích một phần,0.67,Cần driver phù hợp
P40002,Cảm biến nhiệt độ,Cảm biến & Đo lường,P40015,Cảm biến gia tốc,Cảm biến & Đo lường,Tương thích hoàn toàn,0.94,Cần thiết bị trung gian
P40002,Cảm biến nhiệt độ,Cảm biến & Đo lường,P40016,Cảm biến độ ẩm,Cảm biến & Đo lường,Tương thích một phần,0.61,Cần thiết bị trung gian
P40002,Cảm biến nhiệt độ,Cảm biến & Đo lường,P40017,Cảm biến hồng ngoại,Cảm biến & Đo lường,Không tương thích,0.06,Cần cập nhật firmware
P40003,Cảm biến nhiệt độ,Cảm biến & Đo lường,P40004,Cảm biến áp suất,Cảm biến & Đo lường,Tương thích một phần,0.56,Cần phần mềm hỗ trợ
P40003,Cảm biến nhiệt độ,Cảm biến & Đo lường,P40005,Cảm biến áp suất,Cảm biến & Đo lường,Tương thích một phần,0.58,Cần adapter chuyển đổi
P40003,Cảm biến nhiệt độ,Cảm biến & Đo lường,P40006,Cảm biến chuyển động,Cảm biến & Đo lường,Tương thích hoàn toàn,0.84,Cần cập nhật firmware
P40003,Cảm biến nhiệt độ,Cảm biến & Đo lường,P40007,Cảm biến chuyển động,Cảm biến & Đo lường,Tương thích một phần,0.52,Cần firmware tương thích
P40003,Cảm biến nhiệt độ,Cảm biến & Đo lường,P40008,Cảm biến ánh sáng,Cảm biến & Đo lường,Tương thích một phần,0.54,Cần driver phù hợp
P40003,Cảm biến nhiệt độ,Cảm biến & Đo lường,P40009,Cảm biến ánh sáng,Cảm biến & Đo lường,Không tương thích,0.28,Cần cập nhật firmware
P40003,Cảm biến nhiệt độ,Cảm biến & Đo lường,P40010,Cảm biến từ trường,Cảm biến & Đo lường,Không tương thích,0.26,Cần cập nhật firmware
P40003,Cảm biến nhiệt độ,Cảm biến & Đo lường,P40011,Cảm biến từ trường,Cảm biến & Đo lường,Tương thích một phần,0.55,Cần cấu hình thêm
P40003,Cảm biến nhiệt độ,Cảm biến & Đo lường,P40012,Module GPS,Cảm biến & Đo lường,Tương thích một phần,0.74,Cần firmware tương thích
P40003,Cảm biến nhiệt độ,Cảm biến & Đo lường,P40013,Module GPS,Cảm biến & Đo lường,Tương thích một phần,0.55,Cần nguồn điện phù hợp
P40003,Cảm biến nhiệt độ,Cảm biến & Đo lường,P40014,Cảm biến khí,Cảm biến & Đo lường,Tương thích một phần,0.55,Cần cài đặt driver
P40003,Cảm biến nhiệt độ,Cảm biến & Đo lường,P40015,Cảm biến gia tốc,Cảm biến & Đo lường,Tương thích một phần,0.64,Có thể kết nối trực tiếp
P40003,Cảm biến nhiệt độ,Cảm biến & Đo lường,P40016,Cảm biến độ ẩm,Cảm biến & Đo lường,Không tương thích,0.14,Có thể kết nối trực tiếp
P40003,Cảm biến nhiệt độ,Cảm biến & Đo lường,P40017,Cảm biến hồng ngoại,Cảm biến & Đo lường,Tương thích một phần,0.64,Cần adapter chuyển đổi
P40004,Cảm biến áp suất,Cảm biến & Đo lường,P40005,Cảm biến áp suất,Cảm biến & Đo lường,Tương thích một phần,0.73,Cần adapter chuyển đổi
P40004,Cảm biến áp suất,Cảm biến & Đo lường,P40006,Cảm biến chuyển động,Cảm biến & Đo lường,Tương thích hoàn toàn,0.93,Cần cài đặt driver
P40004,Cảm biến áp suất,Cảm biến & Đo lường,P40007,Cảm biến chuyển động,Cảm biến & Đo lường,Tương thích một phần,0.62,Cần adapter chuyển đổi
P40004,Cảm biến áp suất,Cảm biến & Đo lường,P40008,Cảm biến ánh sáng,Cảm biến & Đo lường,Tương thích một phần,0.61,Cần driver phù hợp
P40004,Cảm biến áp suất,Cảm biến & Đo lường,P40009,Cảm biến ánh sáng,Cảm biến & Đo lường,Tương thích hoàn toàn,0.82,Cần firmware tương thích
P40004,Cảm biến áp suất,Cảm biến & Đo lường,P40010,Cảm biến từ trường,Cảm biến & Đo lường,Tương thích một phần,0.8,Cần nguồn điện phù hợp
P40004,Cảm biến áp suất,Cảm biến & Đo lường,P40011,Cảm biến từ trường,Cảm biến & Đo lường,Tương thích một phần,0.57,Cần cấu hình thêm
P40004,Cảm biến áp suất,Cảm biến & Đo lường,P40012,Module GPS,Cảm biến & Đo lường,Tương thích hoàn toàn,0.89,Cần adapter chuyển đổi
P40004,Cảm biến áp suất,Cảm biến & Đo lường,P40013,Module GPS,Cảm biến & Đo lường,Tương thích một phần,0.73,Cần thiết bị trung gian
P40004,Cảm biến áp suất,Cảm biến & Đo lường,P40014,Cảm biến khí,Cảm biến & Đo lường,Tương thích một phần,0.69,Cần cập nhật firmware
P40004,Cảm biến áp suất,Cảm biến & Đo lường,P40015,Cảm biến gia tốc,Cảm biến & Đo lường,Tương thích hoàn toàn,0.96,Có thể kết nối trực tiếp
P40004,Cảm biến áp suất,Cảm biến & Đo lường,P40016,Cảm biến độ ẩm,Cảm biến & Đo lường,Tương thích hoàn toàn,0.98,Cần cài đặt driver
P40004,Cảm biến áp suất,Cảm biến & Đo lường,P40017,Cảm biến hồng ngoại,Cảm biến & Đo lường,Tương thích hoàn toàn,0.85,Cần adapter chuyển đổi
P40005,Cảm biến áp suất,Cảm biến & Đo lường,P40006,Cảm biến chuyển động,Cảm biến & Đo lường,Tương thích một phần,0.53,Cần cấu hình thêm
P40005,Cảm biến áp suất,Cảm biến & Đo lường,P40007,Cảm biến chuyển động,Cảm biến & Đo lường,Tương thích một phần,0.66,Cần adapter chuyển đổi
P40005,Cảm biến áp suất,Cảm biến & Đo lường,P40008,Cảm biến ánh sáng,Cảm biến & Đo lường,Tương thích một phần,0.78,Cần adapter chuyển đổi
P40005,Cảm biến áp suất,Cảm biến & Đo lường,P40009,Cảm biến ánh sáng,Cảm biến & Đo lường,Tương thích một phần,0.72,Cần thiết bị trung gian
P40005,Cảm biến áp suất,Cảm biến & Đo lường,P40010,Cảm biến từ trường,Cảm biến & Đo lường,Tương thích hoàn toàn,0.88,Cần phần mềm hỗ trợ
P40005,Cảm biến áp suất,Cảm biến & Đo lường,P40011,Cảm biến từ trường,Cảm biến & Đo lường,Tương thích một phần,0.73,Cần adapter chuyển đổi
P40005,Cảm biến áp suất,Cảm biến & Đo lường,P40012,Module GPS,Cảm biến & Đo lường,Tương thích hoàn toàn,0.95,Cần phần mềm hỗ trợ
P40005,Cảm biến áp suất,Cảm biến & Đo lường,P40013,Module GPS,Cảm biến & Đo lường,Tương thích một phần,0.76,Cần cấu hình thêm
P40005,Cảm biến áp suất,Cảm biến & Đo lường,P40014,Cảm biến khí,Cảm biến & Đo lường,Không tương thích,0.34,Cần thiết bị trung gian
P40005,Cảm biến áp suất,Cảm biến & Đo lường,P40015,Cảm biến gia tốc,Cảm biến & Đo lường,Tương thích một phần,0.55,Cần nguồn điện phù hợp
P40005,Cảm biến áp suất,Cảm biến & Đo lường,P40016,Cảm biến độ ẩm,Cảm biến & Đo lường,Tương thích hoàn toàn,0.95,Có thể kết nối trực tiếp
P40005,Cảm biến áp suất,Cảm biến & Đo lường,P40017,Cảm biến hồng ngoại,Cảm biến & Đo lường,Tương thích hoàn toàn,0.96,Cần cập nhật firmware
P40006,Cảm biến chuyển động,Cảm biến & Đo lường,P40007,Cảm biến chuyển động,Cảm biến & Đo lường,Tương thích một phần,0.6,Cần nguồn điện phù hợp
P40006,Cảm biến chuyển động,Cảm biến & Đo lường,P40008,Cảm biến ánh sáng,Cảm biến & Đo lường,Không tương thích,0.22,Cần driver phù hợp
P40006,Cảm biến chuyển động,Cảm biến & Đo lường,P40009,Cảm biến ánh sáng,Cảm biến & Đo lường,Không tương thích,0.27,Cần adapter chuyển đổi
P40006,Cảm biến chuyển động,Cảm biến & Đo lường,P40010,Cảm biến từ trường,Cảm biến & Đo lường,Không tương thích,0.27,Cần nguồn điện phù hợp
P40006,Cảm biến chuyển động,Cảm biến & Đo lường,P40011,Cảm biến từ trường,Cảm biến & Đo lường,Tương thích một phần,0.79,Cần phần mềm hỗ trợ
P40006,Cảm biến chuyển động,Cảm biến & Đo lường,P40012,Module GPS,Cảm biến & Đo lường,Tương thích một phần,0.59,Cần firmware tương thích
P40006,Cảm biến chuyển động,Cảm biến & Đo lường,P40013,Module GPS,Cảm biến & Đo lường,Tương thích hoàn toàn,0.9,Cần firmware tương thích
P40006,Cảm biến chuyển động,Cảm biến & Đo lường,P40014,Cảm biến khí,Cảm biến & Đo lường,Tương thích hoàn toàn,0.95,Cần firmware tương thích
P40006,Cảm biến chuyển động,Cảm biến & Đo lường,P40015,Cảm biến gia tốc,Cảm biến & Đo lường,Tương thích một phần,0.6,Cần phần mềm hỗ trợ
P40006,Cảm biến chuyển động,Cảm biến & Đo lường,P40016,Cảm biến độ ẩm,Cảm biến & Đo lường,Không tương thích,0.3,Cần driver phù hợp
P40006,Cảm biến chuyển động,Cảm biến & Đo lường,P40017,Cảm biến hồng ngoại,Cảm biến & Đo lường,Tương thích hoàn toàn,0.92,Cần driver phù hợp
P40007,Cảm biến chuyển động,Cảm biến & Đo lường,P40008,Cảm biến ánh sáng,Cảm biến & Đo lường,Không tương thích,0.12,Cần nguồn điện phù hợp
P40007,Cảm biến chuyển động,Cảm biến & Đo lường,P40009,Cảm biến ánh sáng,Cảm biến & Đo lường,Tương thích một phần,0.63,Cần cập nhật firmware
P40007,Cảm biến chuyển động,Cảm biến & Đo lường,P40010,Cảm biến từ trường,Cảm biến & Đo lường,Tương thích hoàn toàn,0.82,Cần firmware tương thích
P40007,Cảm biến chuyển động,Cảm biến & Đo lường,P40011,Cảm biến từ trường,Cảm biến & Đo lường,Tương thích một phần,0.75,Cần cập nhật firmware
P40007,Cảm biến chuyển động,Cảm biến & Đo lường,P40012,Module GPS,Cảm biến & Đo lường,Tương thích một phần,0.76,Cần firmware tương thích
P40007,Cảm biến chuyển động,Cảm biến & Đo lường,P40013,Module GPS,Cảm biến & Đo lường,Không tương thích,0.36,Cần adapter chuyển đổi
P40007,Cảm biến chuyển động,Cảm biến & Đo lường,P40014,Cảm biến khí,Cảm biến & Đo lường,Tương thích một phần,0.61,Cần adapter chuyển đổi
P40007,Cảm biến chuyển động,Cảm biến & Đo lường,P40015,Cảm biến gia tốc,Cảm biến & Đo lường,Tương thích một phần,0.61,Cần cập nhật firmware
P40007,Cảm biến chuyển động,Cảm biến & Đo lường,P40016,Cảm biến độ ẩm,Cảm biến & Đo lường,Tương thích hoàn toàn,0.88,Cần cài đặt driver
P40007,Cảm biến chuyển động,Cảm biến & Đo lường,P40017,Cảm biến hồng ngoại,Cảm biến & Đo lường,Không tương thích,0.09,Cần driver phù hợp
P40008,Cảm biến ánh sáng,Cảm biến & Đo lường,P40009,Cảm biến ánh sáng,Cảm biến & Đo lường,Tương thích hoàn toàn,0.9,Cần cài đặt driver
P40008,Cảm biến ánh sáng,Cảm biến & Đo lường,P40010,Cảm biến từ trường,Cảm biến & Đo lường,Tương thích hoàn toàn,0.81,Cần phần mềm hỗ trợ
P40008,Cảm biến ánh sáng,Cảm biến & Đo lường,P40011,Cảm biến từ trường,Cảm biến & Đo lường,Không tương thích,0.16,Cần nguồn điện phù hợp
P40008,Cảm biến ánh sáng,Cảm biến & Đo lường,P40012,Module GPS,Cảm biến & Đo lường,Không tương thích,0.2,Cần driver phù hợp
P40008,Cảm biến ánh sáng,Cảm biến & Đo lường,P40013,Module GPS,Cảm biến & Đo lường,Không tương thích,0.03,Cần cài đặt driver
P40008,Cảm biến ánh sáng,Cảm biến & Đo lường,P40014,Cảm biến khí,Cảm biến & Đo lường,Tương thích một phần,0.69,Cần firmware tương thích
P40008,Cảm biến ánh sáng,Cảm biến & Đo lường,P40015,Cảm biến gia tốc,Cảm biến & Đo lường,Tương thích hoàn toàn,0.94,Cần nguồn điện phù hợp
P40008,Cảm biến ánh sáng,Cảm biến & Đo lường,P40016,Cảm biến độ ẩm,Cảm biến & Đo lường,Tương thích hoàn toàn,0.97,Cần firmware tương thích
P40008,Cảm biến ánh sáng,Cảm biến & Đo lường,P40017,Cảm biến hồng ngoại,Cảm biến & Đo lường,Tương thích một phần,0.79,Cần firmware tương thích
P40009,Cảm biến ánh sáng,Cảm biến & Đo lường,P40010,Cảm biến từ trường,Cảm biến & Đo lường,Tương thích hoàn toàn,0.88,Cần cấu hình thêm
P40009,Cảm biến ánh sáng,Cảm biến & Đo lường,P40011,Cảm biến từ trường,Cảm biến & Đo lường,Tương thích một phần,0.73,Có thể kết nối trực tiếp
P40009,Cảm biến ánh sáng,Cảm biến & Đo lường,P40012,Module GPS,Cảm biến & Đo lường,Không tương thích,0.15,Cần thiết bị trung gian
P40009,Cảm biến ánh sáng,Cảm biến & Đo lường,P40013,Module GPS,Cảm biến & Đo lường,Tương thích một phần,0.56,Có thể kết nối trực tiếp
P40009,Cảm biến ánh sáng,Cảm biến & Đo lường,P40014,Cảm biến khí,Cảm biến & Đo lường,Tương thích hoàn toàn,0.87,Có thể kết nối trực tiếp
P40009,Cảm biến ánh sáng,Cảm biến & Đo lường,P40015,Cảm biến gia tốc,Cảm biến & Đo lường,Không tương thích,0.39,Có thể kết nối trực tiếp
P40009,Cảm biến ánh sáng,Cảm biến & Đo lường,P40016,Cảm biến độ ẩm,Cảm biến & Đo lường,Tương thích một phần,0.56,Cần phần mềm hỗ trợ
P40009,Cảm biến ánh sáng,Cảm biến & Đo lường,P40017,Cảm biến hồng ngoại,Cảm biến & Đo lường,Tương thích hoàn toàn,0.95,Cần driver phù hợp
P40010,Cảm biến từ trường,Cảm biến & Đo lường,P40011,Cảm biến từ trường,Cảm biến & Đo lường,Tương thích một phần,0.6,Cần cấu hình thêm
P40010,Cảm biến từ trường,Cảm biến & Đo lường,P40012,Module GPS,Cảm biến & Đo lường,Tương thích một phần,0.63,Cần adapter chuyển đổi
P40010,Cảm biến từ trường,Cảm biến & Đo lường,P40013,Module GPS,Cảm biến & Đo lường,Tương thích một phần,0.56,Cần cấu hình thêm
P40010,Cảm biến từ trường,Cảm biến & Đo lường,P40014,Cảm biến khí,Cảm biến & Đo lường,Tương thích một phần,0.72,Cần firmware tương thích
P40010,Cảm biến từ trường,Cảm biến & Đo lường,P40015,Cảm biến gia tốc,Cảm biến & Đo lường,Tương thích hoàn toàn,0.84,Cần nguồn điện phù hợp
P40010,Cảm biến từ trường,Cảm biến & Đo lường,P40016,Cảm biến độ ẩm,Cảm biến & Đo lường,Tương thích một phần,0.71,Cần phần mềm hỗ trợ
P40010,Cảm biến từ trường,Cảm biến & Đo lường,P40017,Cảm biến hồng ngoại,Cảm biến & Đo lường,Không tương thích,0.32,Cần cập nhật firmware
P40011,Cảm biến từ trường,Cảm biến & Đo lường,P40012,Module GPS,Cảm biến & Đo lường,Không tương thích,0.13,Có thể kết nối trực tiếp
P40011,Cảm biến từ trường,Cảm biến & Đo lường,P40013,Module GPS,Cảm biến & Đo lường,Tương thích hoàn toàn,0.87,Cần cấu hình thêm
P40011,Cảm biến từ trường,Cảm biến & Đo lường,P40014,Cảm biến khí,Cảm biến & Đo lường,Tương thích một phần,0.68,Cần cài đặt driver
P40011,Cảm biến từ trường,Cảm biến & Đo lường,P40015,Cảm biến gia tốc,Cảm biến & Đo lường,Không tương thích,0.27,Cần cập nhật firmware
P40011,Cảm biến từ trường,Cảm biến & Đo lường,P40016,Cảm biến độ ẩm,Cảm biến & Đo lường,Tương thích hoàn toàn,0.84,Cần cài đặt driver
P40011,Cảm biến từ trường,Cảm biến & Đo lường,P40017,Cảm biến hồng ngoại,Cảm biến & Đo lường,Tương thích một phần,0.73,Cần cài đặt driver
P40012,Module GPS,Cảm biến & Đo lường,P40013,Module GPS,Cảm biến & Đo lường,Tương thích một phần,0.51,Cần thiết bị trung gian
P40012,Module GPS,Cảm biến & Đo lường,P40014,Cảm biến khí,Cảm biến & Đo lường,Tương thích một phần,0.67,Có thể kết nối trực tiếp
P40012,Module GPS,Cảm biến & Đo lường,P40015,Cảm biến gia tốc,Cảm biến & Đo lường,Tương thích một phần,0.6,Cần cấu hình thêm
P40012,Module GPS,Cảm biến & Đo lường,P40016,Cảm biến độ ẩm,Cảm biến & Đo lường,Tương thích một phần,0.53,Có thể kết nối trực tiếp
P40012,Module GPS,Cảm biến & Đo lường,P40017,Cảm biến hồng ngoại,Cảm biến & Đo lường,Tương thích hoàn toàn,0.86,Cần firmware tương thích
P40013,Module GPS,Cảm biến & Đo lường,P40014,Cảm biến khí,Cảm biến & Đo lường,Không tương thích,0.29,Cần phần mềm hỗ trợ
P40013,Module GPS,Cảm biến & Đo lường,P40015,Cảm biến gia tốc,Cảm biến & Đo lường,Tương thích một phần,0.67,Cần phần mềm hỗ trợ
P40013,Module GPS,Cảm biến & Đo lường,P40016,Cảm biến độ ẩm,Cảm biến & Đo lường,Không tương thích,0.27,Cần cập nhật firmware
P40013,Module GPS,Cảm biến & Đo lường,P40017,Cảm biến hồng ngoại,Cảm biến & Đo lường,Tương thích một phần,0.73,Cần firmware tương thích
P40014,Cảm biến khí,Cảm biến & Đo lường,P40015,Cảm biến gia tốc,Cảm biến & Đo lường,Tương thích hoàn toàn,0.92,Cần driver phù hợp
P40014,Cảm biến khí,Cảm biến & Đo lường,P40016,Cảm biến độ ẩm,Cảm biến & Đo lường,Không tương thích,0.04,Cần adapter chuyển đổi
P40014,Cảm biến khí,Cảm biến & Đo lường,P40017,Cảm biến hồng ngoại,Cảm biến & Đo lường,Tương thích hoàn toàn,0.86,Cần nguồn điện phù hợp
P40015,Cảm biến gia tốc,Cảm biến & Đo lường,P40016,Cảm biến độ ẩm,Cảm biến & Đo lường,Tương thích hoàn toàn,0.84,Cần cấu hình thêm
P40015,Cảm biến gia tốc,Cảm biến & Đo lường,P40017,Cảm biến hồng ngoại,Cảm biến & Đo lường,Tương thích một phần,0.79,Cần cài đặt driver
P40016,Cảm biến độ ẩm,Cảm biến & Đo lường,P40017,Cảm biến hồng ngoại,Cảm biến & Đo lường,Tương thích một phần,0.74,Cần cấu hình thêm
P50001,Kit phát triển,Công cụ phát triển,P50002,Kit phát triển,Công cụ phát triển,Tương thích một phần,0.51,Cần adapter chuyển đổi
P50001,Kit phát triển,Công cụ phát triển,P50003,Kit phát triển,Công cụ phát triển,Tương thích một phần,0.5,Cần phần mềm hỗ trợ
P50001,Kit phát triển,Công cụ phát triển,P50004,Máy lập trình,Công cụ phát triển,Tương thích một phần,0.75,Cần driver phù hợp
P50001,Kit phát triển,Công cụ phát triển,P50005,Máy lập trình,Công cụ phát triển,Tương thích một phần,0.51,Cần thiết bị trung gian
P50001,Kit phát triển,Công cụ phát triển,P50006,Công cụ debug,Công cụ phát triển,Không tương thích,0.3,Cần adapter chuyển đổi
P50001,Kit phát triển,Công cụ phát triển,P50007,Công cụ debug,Công cụ phát triển,Tương thích một phần,0.73,Cần thiết bị trung gian
P50001,Kit phát triển,Công cụ phát triển,P50008,Logic analyzer,Công cụ phát triển,Tương thích một phần,0.65,Cần phần mềm hỗ trợ
P50001,Kit phát triển,Công cụ phát triển,P50009,Logic analyzer,Công cụ phát triển,Tương thích một phần,0.56,Cần cập nhật firmware
P50001,Kit phát triển,Công cụ phát triển,P50010,Máy đo đa năng,Công cụ phát triển,Tương thích một phần,0.74,Cần cấu hình thêm
P50001,Kit phát triển,Công cụ phát triển,P50011,Máy đo đa năng,Công cụ phát triển,Tương thích một phần,0.78,Cần cập nhật firmware
P50001,Kit phát triển,Công cụ phát triển,P50012,Máy hiện sóng,Công cụ phát triển,Không tương thích,0.36,Cần thiết bị trung gian
P50001,Kit phát triển,Công cụ phát triển,P50013,Máy hiện sóng,Công cụ phát triển,Tương thích một phần,0.63,Cần cài đặt driver
P50001,Kit phát triển,Công cụ phát triển,P50014,Bộ tạo xung,Công cụ phát triển,Tương thích một phần,0.5,Cần cấu hình thêm
P50001,Kit phát triển,Công cụ phát triển,P50015,Môi trường mô phỏng,Công cụ phát triển,Tương thích một phần,0.66,Cần adapter chuyển đổi
P50001,Kit phát triển,Công cụ phát triển,P50016,Công cụ thiết kế PCB,Công cụ phát triển,Tương thích một phần,0.77,Cần nguồn điện phù hợp
P50001,Kit phát triển,Công cụ phát triển,P50017,Board thí nghiệm,Công cụ phát triển,Tương thích một phần,0.8,Cần cài đặt driver
P50002,Kit phát triển,Công cụ phát triển,P50003,Kit phát triển,Công cụ phát triển,Không tương thích,0.38,Cần nguồn điện phù hợp
P50002,Kit phát triển,Công cụ phát triển,P50004,Máy lập trình,Công cụ phát triển,Không tương thích,0.05,Cần thiết bị trung gian
P50002,Kit phát triển,Công cụ phát triển,P50005,Máy lập trình,Công cụ phát triển,Tương thích hoàn toàn,0.83,Cần driver phù hợp
P50002,Kit phát triển,Công cụ phát triển,P50006,Công cụ debug,Công cụ phát triển,Tương thích hoàn toàn,0.96,Cần nguồn điện phù hợp
P50002,Kit phát triển,Công cụ phát triển,P50007,Công cụ debug,Công cụ phát triển,Tương thích hoàn toàn,0.84,Cần firmware tương thích
P50002,Kit phát triển,Công cụ phát triển,P50008,Logic analyzer,Công cụ phát triển,Tương thích hoàn toàn,0.85,Cần nguồn điện phù hợp
P50002,Kit phát triển,Công cụ phát triển,P50009,Logic analyzer,Công cụ phát triển,Không tương thích,0.07,Cần adapter chuyển đổi
P50002,Kit phát triển,Công cụ phát triển,P50010,Máy đo đa năng,Công cụ phát triển,Tương thích một phần,0.56,Cần cài đặt driver
P50002,Kit phát triển,Công cụ phát triển,P50011,Máy đo đa năng,Công cụ phát triển,Tương thích một phần,0.71,Cần cập nhật firmware
P50002,Kit phát triển,Công cụ phát triển,P50012,Máy hiện sóng,Công cụ phát triển,Tương thích một phần,0.5,Cần cập nhật firmware
P50002,Kit phát triển,Công cụ phát triển,P50013,Máy hiện sóng,Công cụ phát triển,Tương thích một phần,0.59,Cần cập nhật firmware
P50002,Kit phát triển,Công cụ phát triển,P50014,Bộ tạo xung,Công cụ phát triển,Tương thích một phần,0.57,Cần phần mềm hỗ trợ
P50002,Kit phát triển,Công cụ phát triển,P50015,Môi trường mô phỏng,Công cụ phát triển,Tương thích một phần,0.61,Cần driver phù hợp
P50002,Kit phát triển,Công cụ phát triển,P50016,Công cụ thiết kế PCB,Công cụ phát triển,Tương thích hoàn toàn,0.96,Cần cấu hình thêm
P50002,Kit phát triển,Công cụ phát triển,P50017,Board thí nghiệm,Công cụ phát triển,Tương thích hoàn toàn,0.99,Cần cấu hình thêm
P50003,Kit phát triển,Công cụ phát triển,P50004,Máy lập trình,Công cụ phát triển,Không tương thích,0.12,Có thể kết nối trực tiếp
P50003,Kit phát triển,Công cụ phát triển,P50005,Máy lập trình,Công cụ phát triển,Tương thích một phần,0.69,Cần thiết bị trung gian
P50003,Kit phát triển,Công cụ phát triển,P50006,Công cụ debug,Công cụ phát triển,Không tương thích,0.27,Có thể kết nối trực tiếp
P50003,Kit phát triển,Công cụ phát triển,P50007,Công cụ debug,Công cụ phát triển,Không tương thích,0.15,Cần firmware tương thích
P50003,Kit phát triển,Công cụ phát triển,P50008,Logic analyzer,Công cụ phát triển,Tương thích một phần,0.75,Cần nguồn điện phù hợp
P50003,Kit phát triển,Công cụ phát triển,P50009,Logic analyzer,Công cụ phát triển,Tương thích một phần,0.64,Cần cấu hình thêm
P50003,Kit phát triển,Công cụ phát triển,P50010,Máy đo đa năng,Công cụ phát triển,Tương thích một phần,0.6,Cần nguồn điện phù hợp
P50003,Kit phát triển,Công cụ phát triển,P50011,Máy đo đa năng,Công cụ phát triển,Tương thích một phần,0.66,Cần thiết bị trung gian
P50003,Kit phát triển,Công cụ phát triển,P50012,Máy hiện sóng,Công cụ phát triển,Tương thích hoàn toàn,0.9,Cần firmware tương thích
P50003,Kit phát triển,Công cụ phát triển,P50013,Máy hiện sóng,Công cụ phát triển,Tương thích hoàn toàn,0.9,Cần cấu hình thêm
P50003,Kit phát triển,Công cụ phát triển,P50014,Bộ tạo xung,Công cụ phát triển,Tương thích một phần,0.64,Cần adapter chuyển đổi
P50003,Kit phát triển,Công cụ phát triển,P50015,Môi trường mô phỏng,Công cụ phát triển,Tương thích một phần,0.78,Cần adapter chuyển đổi
P50003,Kit phát triển,Công cụ phát triển,P50016,Công cụ thiết kế PCB,Công cụ phát triển,Tương thích một phần,0.59,Cần adapter chuyển đổi
P50003,Kit phát triển,Công cụ phát triển,P50017,Board thí nghiệm,Công cụ phát triển,Tương thích một phần,0.57,Cần driver phù hợp
P50004,Máy lập trình,Công cụ phát triển,P50005,Máy lập trình,Công cụ phát triển,Tương thích một phần,0.71,Cần adapter chuyển đổi
P50004,Máy lập trình,Công cụ phát triển,P50006,Công cụ debug,Công cụ phát triển,Tương thích một phần,0.53,Cần thiết bị trung gian
P50004,Máy lập trình,Công cụ phát triển,P50007,Công cụ debug,Công cụ phát triển,Tương thích hoàn toàn,0.89,Cần thiết bị trung gian
P50004,Máy lập trình,Công cụ phát triển,P50008,Logic analyzer,Công cụ phát triển,Tương thích một phần,0.54,Cần firmware tương thích
P50004,Máy lập trình,Công cụ phát triển,P50009,Logic analyzer,Công cụ phát triển,Tương thích một phần,0.67,Cần firmware tương thích
P50004,Máy lập trình,Công cụ phát triển,P50010,Máy đo đa năng,Công cụ phát triển,Tương thích một phần,0.74,Cần nguồn điện phù hợp
P50004,Máy lập trình,Công cụ phát triển,P50011,Máy đo đa năng,Công cụ phát triển,Tương thích một phần,0.57,Có thể kết nối trực tiếp
P50004,Máy lập trình,Công cụ phát triển,P50012,Máy hiện sóng,Công cụ phát triển,Tương thích một phần,0.54,Có thể kết nối trực tiếp
P50004,Máy lập trình,Công cụ phát triển,P50013,Máy hiện sóng,Công cụ phát triển,Tương thích một phần,0.59,Cần cài đặt driver
P50004,Máy lập trình,Công cụ phát triển,P50014,Bộ tạo xung,Công cụ phát triển,Tương thích hoàn toàn,0.98,Cần firmware tương thích
P50004,Máy lập trình,Công cụ phát triển,P50015,Môi trường mô phỏng,Công cụ phát triển,Không tương thích,0.26,Cần cấu hình thêm
P50004,Máy lập trình,Công cụ phát triển,P50016,Công cụ thiết kế PCB,Công cụ phát triển,Tương thích hoàn toàn,1.0,Cần nguồn điện phù hợp
P50004,Máy lập trình,Công cụ phát triển,P50017,Board thí nghiệm,Công cụ phát triển,Tương thích một phần,0.55,Cần cài đặt driver
P50005,Máy lập trình,Công cụ phát triển,P50006,Công cụ debug,Công cụ phát triển,Tương thích hoàn toàn,0.95,Cần adapter chuyển đổi
P50005,Máy lập trình,Công cụ phát triển,P50007,Công cụ debug,Công cụ phát triển,Không tương thích,0.16,Cần cập nhật firmware
P50005,Máy lập trình,Công cụ phát triển,P50008,Logic analyzer,Công cụ phát triển,Tương thích hoàn toàn,0.92,Cần cập nhật firmware
P50005,Máy lập trình,Công cụ phát triển,P50009,Logic analyzer,Công cụ phát triển,Tương thích một phần,0.77,Cần firmware tương thích
P50005,Máy lập trình,Công cụ phát triển,P50010,Máy đo đa năng,Công cụ phát triển,Tương thích một phần,0.65,Có thể kết nối trực tiếp
P50005,Máy lập trình,Công cụ phát triển,P50011,Máy đo đa năng,Công cụ phát triển,Tương thích một phần,0.72,Cần cập nhật firmware
P50005,Máy lập trình,Công cụ phát triển,P50012,Máy hiện sóng,Công cụ phát triển,Tương thích hoàn toàn,0.99,Cần cài đặt driver
P50005,Máy lập trình,Công cụ phát triển,P50013,Máy hiện sóng,Công cụ phát triển,Tương thích hoàn toàn,0.96,Cần cấu hình thêm
P50005,Máy lập trình,Công cụ phát triển,P50014,Bộ tạo xung,Công cụ phát triển,Tương thích hoàn toàn,0.92,Cần thiết bị trung gian
P50005,Máy lập trình,Công cụ phát triển,P50015,Môi trường mô phỏng,Công cụ phát triển,Tương thích một phần,0.75,Cần phần mềm hỗ trợ
P50005,Máy lập trình,Công cụ phát triển,P50016,Công cụ thiết kế PCB,Công cụ phát triển,Tương thích một phần,0.52,Cần driver phù hợp
P50005,Máy lập trình,Công cụ phát triển,P50017,Board thí nghiệm,Công cụ phát triển,Tương thích một phần,0.57,Cần nguồn điện phù hợp
P50006,Công cụ debug,Công cụ phát triển,P50007,Công cụ debug,Công cụ phát triển,Tương thích một phần,0.67,Cần driver phù hợp
P50006,Công cụ debug,Công cụ phát triển,P50008,Logic analyzer,Công cụ phát triển,Tương thích một phần,0.52,Cần cấu hình thêm
P50006,Công cụ debug,Công cụ phát triển,P50009,Logic analyzer,Công cụ phát triển,Tương thích một phần,0.68,Cần phần mềm hỗ trợ
P50006,Công cụ debug,Công cụ phát triển,P50010,Máy đo đa năng,Công cụ phát triển,Tương thích hoàn toàn,0.81,Cần cấu hình thêm
P50006,Công cụ debug,Công cụ phát triển,P50011,Máy đo đa năng,Công cụ phát triển,Tương thích một phần,0.62,Cần cài đặt driver
P50006,Công cụ debug,Công cụ phát triển,P50012,Máy hiện sóng,Công cụ phát triển,Tương thích hoàn toàn,0.94,Cần adapter chuyển đổi
P50006,Công cụ debug,Công cụ phát triển,P50013,Máy hiện sóng,Công cụ phát triển,Không tương thích,0.06,Cần firmware tương thích
P50006,Công cụ debug,Công cụ phát triển,P50014,Bộ tạo xung,Công cụ phát triển,Tương thích hoàn toàn,0.9,Cần cập nhật firmware
P50006,Công cụ debug,Công cụ phát triển,P50015,Môi trường mô phỏng,Công cụ phát triển,Tương thích hoàn toàn,0.88,Có thể kết nối trực tiếp
P50006,Công cụ debug,Công cụ phát triển,P50016,Công cụ thiết kế PCB,Công cụ phát triển,Không tương thích,0.1,Cần adapter chuyển đổi
P50006,Công cụ debug,Công cụ phát triển,P50017,Board thí nghiệm,Công cụ phát triển,Không tương thích,0.2,Cần cập nhật firmware
P50007,Công cụ debug,Công cụ phát triển,P50008,Logic analyzer,Công cụ phát triển,Tương thích hoàn toàn,0.99,Có thể kết nối trực tiếp
P50007,Công cụ debug,Công cụ phát triển,P50009,Logic analyzer,Công cụ phát triển,Tương thích một phần,0.74,Cần thiết bị trung gian
P50007,Công cụ debug,Công cụ phát triển,P50010,Máy đo đa năng,Công cụ phát triển,Tương thích một phần,0.62,Cần driver phù hợp
P50007,Công cụ debug,Công cụ phát triển,P50011,Máy đo đa năng,Công cụ phát triển,Tương thích một phần,0.74,Cần nguồn điện phù hợp
P50007,Công cụ debug,Công cụ phát triển,P50012,Máy hiện sóng,Công cụ phát triển,Tương thích một phần,0.75,Cần thiết bị trung gian
P50007,Công cụ debug,Công cụ phát triển,P50013,Máy hiện sóng,Công cụ phát triển,Tương thích hoàn toàn,0.84,Có thể kết nối trực tiếp
P50007,Công cụ debug,Công cụ phát triển,P50014,Bộ tạo xung,Công cụ phát triển,Tương thích một phần,0.73,Cần driver phù hợp
P50007,Công cụ debug,Công cụ phát triển,P50015,Môi trường mô phỏng,Công cụ phát triển,Tương thích hoàn toàn,0.84,Cần driver phù hợp
P50007,Công cụ debug,Công cụ phát triển,P50016,Công cụ thiết kế PCB,Công cụ phát triển,Tương thích một phần,0.76,Cần cấu hình thêm
P50007,Công cụ debug,Công cụ phát triển,P50017,Board thí nghiệm,Công cụ phát triển,Tương thích một phần,0.53,Có thể kết nối trực tiếp
P50008,Logic analyzer,Công cụ phát triển,P50009,Logic analyzer,Công cụ phát triển,Tương thích hoàn toàn,0.81,Cần driver phù hợp
P50008,Logic analyzer,Công cụ phát triển,P50010,Máy đo đa năng,Công cụ phát triển,Không tương thích,0.14,Cần cấu hình thêm
P50008,Logic analyzer,Công cụ phát triển,P50011,Máy đo đa năng,Công cụ phát triển,Tương thích hoàn toàn,0.82,Cần adapter chuyển đổi
P50008,Logic analyzer,Công cụ phát triển,P50012,Máy hiện sóng,Công cụ phát triển,Tương thích hoàn toàn,0.89,Cần cập nhật firmware
P50008,Logic analyzer,Công cụ phát triển,P50013,Máy hiện sóng,Công cụ phát triển,Không tương thích,0.13,Cần cấu hình thêm
P50008,Logic analyzer,Công cụ phát triển,P50014,Bộ tạo xung,Công cụ phát triển,Tương thích một phần,0.58,Cần thiết bị trung gian
P50008,Logic analyzer,Công cụ phát triển,P50015,Môi trường mô phỏng,Công cụ phát triển,Tương thích hoàn toàn,0.89,Cần cập nhật firmware
P50008,Logic analyzer,Công cụ phát triển,P50016,Công cụ thiết kế PCB,Công cụ phát triển,Không tương thích,0.16,Cần thiết bị trung gian
P50008,Logic analyzer,Công cụ phát triển,P50017,Board thí nghiệm,Công cụ phát triển,Tương thích hoàn toàn,0.88,Cần thiết bị trung gian
P50009,Logic analyzer,Công cụ phát triển,P50010,Máy đo đa năng,Công cụ phát triển,Tương thích một phần,0.52,Cần phần mềm hỗ trợ
P50009,Logic analyzer,Công cụ phát triển,P50011,Máy đo đa năng,Công cụ phát triển,Tương thích một phần,0.53,Có thể kết nối trực tiếp
P50009,Logic analyzer,Công cụ phát triển,P50012,Máy hiện sóng,Công cụ phát triển,Không tương thích,0.25,Cần nguồn điện phù hợp
P50009,Logic analyzer,Công cụ phát triển,P50013,Máy hiện sóng,Công cụ phát triển,Tương thích một phần,0.77,Cần nguồn điện phù hợp
P50009,Logic analyzer,Công cụ phát triển,P50014,Bộ tạo xung,Công cụ phát triển,Tương thích một phần,0.59,Cần firmware tương thích
P50009,Logic analyzer,Công cụ phát triển,P50015,Môi trường mô phỏng,Công cụ phát triển,Tương thích hoàn toàn,0.85,Cần cài đặt driver
P50009,Logic analyzer,Công cụ phát triển,P50016,Công cụ thiết kế PCB,Công cụ phát triển,Tương thích một phần,0.76,Cần cấu hình thêm
P50009,Logic analyzer,Công cụ phát triển,P50017,Board thí nghiệm,Công cụ phát triển,Tương thích hoàn toàn,0.9,Cần cấu hình thêm
P50010,Máy đo đa năng,Công cụ phát triển,P50011,Máy đo đa năng,Công cụ phát triển,Tương thích hoàn toàn,0.96,Cần cập nhật firmware
P50010,Máy đo đa năng,Công cụ phát triển,P50012,Máy hiện sóng,Công cụ phát triển,Không tương thích,0.34,Cần cài đặt driver
P50010,Máy đo đa năng,Công cụ phát triển,P50013,Máy hiện sóng,Công cụ phát triển,Tương thích một phần,0.61,Cần phần mềm hỗ trợ
P50010,Máy đo đa năng,Công cụ phát triển,P50014,Bộ tạo xung,Công cụ phát triển,Tương thích một phần,0.62,Cần cập nhật firmware
P50010,Máy đo đa năng,Công cụ phát triển,P50015,Môi trường mô phỏng,Công cụ phát triển,Không tương thích,0.33,Cần phần mềm hỗ trợ
P50010,Máy đo đa năng,Công cụ phát triển,P50016,Công cụ thiết kế PCB,Công cụ phát triển,Tương thích một phần,0.61,Cần driver phù hợp
P50010,Máy đo đa năng,Công cụ phát triển,P50017,Board thí nghiệm,Công cụ phát triển,Tương thích một phần,0.51,Cần phần mềm hỗ trợ
P50011,Máy đo đa năng,Công cụ phát triển,P50012,Máy hiện sóng,Công cụ phát triển,Không tương thích,0.08,Cần adapter chuyển đổi
P50011,Máy đo đa năng,Công cụ phát triển,P50013,Máy hiện sóng,Công cụ phát triển,Tương thích hoàn toàn,0.98,Cần thiết bị trung gian
P50011,Máy đo đa năng,Công cụ phát triển,P50014,Bộ tạo xung,Công cụ phát triển,Tương thích một phần,0.78,Cần cài đặt driver
P50011,Máy đo đa năng,Công cụ phát triển,P50015,Môi trường mô phỏng,Công cụ phát triển,Không tương thích,0.08,Cần cập nhật firmware
P50011,Máy đo đa năng,Công cụ phát triển,P50016,Công cụ thiết kế PCB,Công cụ phát triển,Tương thích một phần,0.77,Cần cài đặt driver
P50011,Máy đo đa năng,Công cụ phát triển,P50017,Board thí nghiệm,Công cụ phát triển,Không tương thích,0.35,Cần cấu hình thêm
P50012,Máy hiện sóng,Công cụ phát triển,P50013,Máy hiện sóng,Công cụ phát triển,Tương thích một phần,0.62,Cần thiết bị trung gian
P50012,Máy hiện sóng,Công cụ phát triển,P50014,Bộ tạo xung,Công cụ phát triển,Tương thích một phần,0.53,Cần nguồn điện phù hợp
P50012,Máy hiện sóng,Công cụ phát triển,P50015,Môi trường mô phỏng,Công cụ phát triển,Tương thích một phần,0.59,Cần driver phù hợp
P50012,Máy hiện sóng,Công cụ phát triển,P50016,Công cụ thiết kế PCB,Công cụ phát triển,Tương thích hoàn toàn,0.82,Có thể kết nối trực tiếp
P50012,Máy hiện sóng,Công cụ phát triển,P50017,Board thí nghiệm,Công cụ phát triển,Tương thích hoàn toàn,0.82,Có thể kết nối trực tiếp
P50013,Máy hiện sóng,Công cụ phát triển,P50014,Bộ tạo xung,Công cụ phát triển,Tương thích hoàn toàn,0.81,Cần nguồn điện phù hợp
P50013,Máy hiện sóng,Công cụ phát triển,P50015,Môi trường mô phỏng,Công cụ phát triển,Tương thích hoàn toàn,0.92,Cần cài đặt driver
P50013,Máy hiện sóng,Công cụ phát triển,P50016,Công cụ thiết kế PCB,Công cụ phát triển,Tương thích hoàn toàn,0.94,Có thể kết nối trực tiếp
P50013,Máy hiện sóng,Công cụ phát triển,P50017,Board thí nghiệm,Công cụ phát triển,Tương thích hoàn toàn,0.81,Cần driver phù hợp
P50014,Bộ tạo xung,Công cụ phát triển,P50015,Môi trường mô phỏng,Công cụ phát triển,Tương thích hoàn toàn,0.86,Cần firmware tương thích
P50014,Bộ tạo xung,Công cụ phát triển,P50016,Công cụ thiết kế PCB,Công cụ phát triển,Tương thích một phần,0.56,Cần nguồn điện phù hợp
P50014,Bộ tạo xung,Công cụ phát triển,P50017,Board thí nghiệm,Công cụ phát triển,Tương thích hoàn toàn,0.95,Cần thiết bị trung gian
P50015,Môi trường mô phỏng,Công cụ phát triển,P50016,Công cụ thiết kế PCB,Công cụ phát triển,Không tương thích,0.21,Có thể kết nối trực tiếp
P50015,Môi trường mô phỏng,Công cụ phát triển,P50017,Board thí nghiệm,Công cụ phát triển,Tương thích một phần,0.72,Cần adapter chuyển đổi
P50016,Công cụ thiết kế PCB,Công cụ phát triển,P50017,Board thí nghiệm,Công cụ phát triển,Tương thích hoàn toàn,0.99,Cần firmware tương thích
P60001,Module WiFi,Thiết bị truyền thông,P60002,Module WiFi,Thiết bị truyền thông,Không tương thích,0.16,Có thể kết nối trực tiếp
P60001,Module WiFi,Thiết bị truyền thông,P60003,Module WiFi,Thiết bị truyền thông,Không tương thích,0.13,Cần cài đặt driver
P60001,Module WiFi,Thiết bị truyền thông,P60004,Module Bluetooth,Thiết bị truyền thông,Tương thích hoàn toàn,0.93,Cần phần mềm hỗ trợ
P60001,Module WiFi,Thiết bị truyền thông,P60005,Module Bluetooth,Thiết bị truyền thông,Tương thích một phần,0.61,Cần firmware tương thích
P60001,Module WiFi,Thiết bị truyền thông,P60006,Module Zigbee,Thiết bị truyền thông,Tương thích một phần,0.7,Có thể kết nối trực tiếp
P60001,Module WiFi,Thiết bị truyền thông,P60007,Module Zigbee,Thiết bị truyền thông,Tương thích một phần,0.62,Cần thiết bị trung gian
P60001,Module WiFi,Thiết bị truyền thông,P60008,Module RF,Thiết bị truyền thông,Tương thích hoàn toàn,0.94,Cần cập nhật firmware
P60001,Module WiFi,Thiết bị truyền thông,P60009,Module RF,Thiết bị truyền thông,Không tương thích,0.01,Cần cấu hình thêm
P60001,Module WiFi,Thiết bị truyền thông,P60010,Module GSM/GPRS,Thiết bị truyền thông,Tương thích một phần,0.79,Cần phần mềm hỗ trợ
P60001,Module WiFi,Thiết bị truyền thông,P60011,Module GSM/GPRS,Thiết bị truyền thông,Tương thích một phần,0.56,Cần phần mềm hỗ trợ
P60001,Module WiFi,Thiết bị truyền thông,P60012,Module NFC/RFID,Thiết bị truyền thông,Tương thích một phần,0.75,Cần thiết bị trung gian
P60001,Module WiFi,Thiết bị truyền thông,P60013,Module NFC/RFID,Thiết bị truyền thông,Tương thích hoàn toàn,0.82,Cần cấu hình thêm
P60001,Module WiFi,Thiết bị truyền thông,P60014,Module LoRa,Thiết bị truyền thông,Không tương thích,0.25,Cần firmware tương thích
P60001,Module WiFi,Thiết bị truyền thông,P60015,Module Ethernet,Thiết bị truyền thông,Tương thích hoàn toàn,0.99,Cần cấu hình thêm
P60001,Module WiFi,Thiết bị truyền thông,P60016,Module CAN Bus,Thiết bị truyền thông,Tương thích một phần,0.77,Cần thiết bị trung gian
P60001,Module WiFi,Thiết bị truyền thông,P60017,Module Z-Wave,Thiết bị truyền thông,Tương thích hoàn toàn,0.85,Cần firmware tương thích
P60002,Module WiFi,Thiết bị truyền thông,P60003,Module WiFi,Thiết bị truyền thông,Không tương thích,0.04,Cần cập nhật firmware
P60002,Module WiFi,Thiết bị truyền thông,P60004,Module Bluetooth,Thiết bị truyền thông,Tương thích một phần,0.74,Cần cập nhật firmware
P60002,Module WiFi,Thiết bị truyền thông,P60005,Module Bluetooth,Thiết bị truyền thông,Tương thích hoàn toàn,0.95,Cần thiết bị trung gian
P60002,Module WiFi,Thiết bị truyền thông,P60006,Module Zigbee,Thiết bị truyền thông,Không tương thích,0.23,Có thể kết nối trực tiếp
P60002,Module WiFi,Thiết bị truyền thông,P60007,Module Zigbee,Thiết bị truyền thông,Tương thích hoàn toàn,0.87,Cần cấu hình thêm
P60002,Module WiFi,Thiết bị truyền thông,P60008,Module RF,Thiết bị truyền thông,Không tương thích,0.03,Cần firmware tương thích
P60002,Module WiFi,Thiết bị truyền thông,P60009,Module RF,Thiết bị truyền thông,Không tương thích,0.15,Có thể kết nối trực tiếp
P60002,Module WiFi,Thiết bị truyền thông,P60010,Module GSM/GPRS,Thiết bị truyền thông,Tương thích hoàn toàn,0.98,Cần adapter chuyển đổi
P60002,Module WiFi,Thiết bị truyền thông,P60011,Module GSM/GPRS,Thiết bị truyền thông,Tương thích hoàn toàn,0.88,Cần cài đặt driver
P60002,Module WiFi,Thiết bị truyền thông,P60012,Module NFC/RFID,Thiết bị truyền thông,Tương thích một phần,0.57,Cần nguồn điện phù hợp
P60002,Module WiFi,Thiết bị truyền thông,P60013,Module NFC/RFID,Thiết bị truyền thông,Tương thích một phần,0.71,Cần phần mềm hỗ trợ
P60002,Module WiFi,Thiết bị truyền thông,P60014,Module LoRa,Thiết bị truyền thông,Tương thích một phần,0.57,Cần thiết bị trung gian
P60002,Module WiFi,Thiết bị truyền thông,P60015,Module Ethernet,Thiết bị truyền thông,Tương thích một phần,0.6,Cần phần mềm hỗ trợ
P60002,Module WiFi,Thiết bị truyền thông,P60016,Module CAN Bus,Thiết bị truyền thông,Tương thích một phần,0.62,Cần phần mềm hỗ trợ
P60002,Module WiFi,Thiết bị truyền thông,P60017,Module Z-Wave,Thiết bị truyền thông,Tương thích hoàn toàn,0.88,Cần cài đặt driver
P60003,Module WiFi,Thiết bị truyền thông,P60004,Module Bluetooth,Thiết bị truyền thông,Tương thích một phần,0.56,Cần driver phù hợp
P60003,Module WiFi,Thiết bị truyền thông,P60005,Module Bluetooth,Thiết bị truyền thông,Tương thích một phần,0.65,Cần thiết bị trung gian
P60003,Module WiFi,Thiết bị truyền thông,P60006,Module Zigbee,Thiết bị truyền thông,Không tương thích,0.1,Cần thiết bị trung gian
P60003,Module WiFi,Thiết bị truyền thông,P60007,Module Zigbee,Thiết bị truyền thông,Tương thích một phần,0.61,Có thể kết nối trực tiếp
P60003,Module WiFi,Thiết bị truyền thông,P60008,Module RF,Thiết bị truyền thông,Tương thích một phần,0.69,Cần cài đặt driver
P60003,Module WiFi,Thiết bị truyền thông,P60009,Module RF,Thiết bị truyền thông,Tương thích một phần,0.74,Cần cài đặt driver
P60003,Module WiFi,Thiết bị truyền thông,P60010,Module GSM/GPRS,Thiết bị truyền thông,Không tương thích,0.05,Cần phần mềm hỗ trợ
P60003,Module WiFi,Thiết bị truyền thông,P60011,Module GSM/GPRS,Thiết bị truyền thông,Tương thích hoàn toàn,0.9,Có thể kết nối trực tiếp
P60003,Module WiFi,Thiết bị truyền thông,P60012,Module NFC/RFID,Thiết bị truyền thông,Tương thích một phần,0.67,Cần driver phù hợp
P60003,Module WiFi,Thiết bị truyền thông,P60013,Module NFC/RFID,Thiết bị truyền thông,Tương thích hoàn toàn,0.87,Có thể kết nối trực tiếp
P60003,Module WiFi,Thiết bị truyền thông,P60014,Module LoRa,Thiết bị truyền thông,Tương thích một phần,0.51,Có thể kết nối trực tiếp
P60003,Module WiFi,Thiết bị truyền thông,P60015,Module Ethernet,Thiết bị truyền thông,Tương thích một phần,0.77,Cần cài đặt driver
P60003,Module WiFi,Thiết bị truyền thông,P60016,Module CAN Bus,Thiết bị truyền thông,Không tương thích,0.28,Cần adapter chuyển đổi
P60003,Module WiFi,Thiết bị truyền thông,P60017,Module Z-Wave,Thiết bị truyền thông,Tương thích hoàn toàn,0.92,Cần phần mềm hỗ trợ
P60004,Module Bluetooth,Thiết bị truyền thông,P60005,Module Bluetooth,Thiết bị truyền thông,Tương thích một phần,0.56,Cần cấu hình thêm
P60004,Module Bluetooth,Thiết bị truyền thông,P60006,Module Zigbee,Thiết bị truyền thông,Tương thích hoàn toàn,0.8,Cần cấu hình thêm
P60004,Module Bluetooth,Thiết bị truyền thông,P60007,Module Zigbee,Thiết bị truyền thông,Tương thích hoàn toàn,0.96,Có thể kết nối trực tiếp
P60004,Module Bluetooth,Thiết bị truyền thông,P60008,Module RF,Thiết bị truyền thông,Tương thích một phần,0.77,Cần cập nhật firmware
P60004,Module Bluetooth,Thiết bị truyền thông,P60009,Module RF,Thiết bị truyền thông,Không tương thích,0.3,Cần thiết bị trung gian
P60004,Module Bluetooth,Thiết bị truyền thông,P60010,Module GSM/GPRS,Thiết bị truyền thông,Tương thích hoàn toàn,0.87,Cần adapter chuyển đổi
P60004,Module Bluetooth,Thiết bị truyền thông,P60011,Module GSM/GPRS,Thiết bị truyền thông,Tương thích hoàn toàn,0.97,Cần nguồn điện phù hợp
P60004,Module Bluetooth,Thiết bị truyền thông,P60012,Module NFC/RFID,Thiết bị truyền thông,Tương thích một phần,0.76,Cần adapter chuyển đổi
P60004,Module Bluetooth,Thiết bị truyền thông,P60013,Module NFC/RFID,Thiết bị truyền thông,Không tương thích,0.05,Cần cài đặt driver
P60004,Module Bluetooth,Thiết bị truyền thông,P60014,Module LoRa,Thiết bị truyền thông,Tương thích hoàn toàn,0.87,Cần cấu hình thêm
P60004,Module Bluetooth,Thiết bị truyền thông,P60015,Module Ethernet,Thiết bị truyền thông,Tương thích một phần,0.79,Có thể kết nối trực tiếp
P60004,Module Bluetooth,Thiết bị truyền thông,P60016,Module CAN Bus,Thiết bị truyền thông,Tương thích hoàn toàn,0.99,Cần phần mềm hỗ trợ
P60004,Module Bluetooth,Thiết bị truyền thông,P60017,Module Z-Wave,Thiết bị truyền thông,Tương thích một phần,0.68,Cần cấu hình thêm
P60005,Module Bluetooth,Thiết bị truyền thông,P60006,Module Zigbee,Thiết bị truyền thông,Không tương thích,0.04,Cần nguồn điện phù hợp
P60005,Module Bluetooth,Thiết bị truyền thông,P60007,Module Zigbee,Thiết bị truyền thông,Tương thích hoàn toàn,0.91,Cần thiết bị trung gian
P60005,Module Bluetooth,Thiết bị truyền thông,P60008,Module RF,Thiết bị truyền thông,Không tương thích,0.01,Cần phần mềm hỗ trợ
P60005,Module Bluetooth,Thiết bị truyền thông,P60009,Module RF,Thiết bị truyền thông,Tương thích một phần,0.59,Cần thiết bị trung gian
P60005,Module Bluetooth,Thiết bị truyền thông,P60010,Module GSM/GPRS,Thiết bị truyền thông,Tương thích hoàn toàn,0.92,Cần cài đặt driver
P60005,Module Bluetooth,Thiết bị truyền thông,P60011,Module GSM/GPRS,Thiết bị truyền thông,Tương thích một phần,0.52,Có thể kết nối trực tiếp
P60005,Module Bluetooth,Thiết bị truyền thông,P60012,Module NFC/RFID,Thiết bị truyền thông,Tương thích một phần,0.54,Cần driver phù hợp
P60005,Module Bluetooth,Thiết bị truyền thông,P60013,Module NFC/RFID,Thiết bị truyền thông,Tương thích hoàn toàn,0.81,Cần driver phù hợp
P60005,Module Bluetooth,Thiết bị truyền thông,P60014,Module LoRa,Thiết bị truyền thông,Tương thích hoàn toàn,0.88,Cần cài đặt driver
P60005,Module Bluetooth,Thiết bị truyền thông,P60015,Module Ethernet,Thiết bị truyền thông,Tương thích một phần,0.78,Cần firmware tương thích
P60005,Module Bluetooth,Thiết bị truyền thông,P60016,Module CAN Bus,Thiết bị truyền thông,Tương thích hoàn toàn,0.81,Cần driver phù hợp
P60005,Module Bluetooth,Thiết bị truyền thông,P60017,Module Z-Wave,Thiết bị truyền thông,Tương thích một phần,0.53,Cần firmware tương thích
P60006,Module Zigbee,Thiết bị truyền thông,P60007,Module Zigbee,Thiết bị truyền thông,Tương thích một phần,0.66,Cần thiết bị trung gian
P60006,Module Zigbee,Thiết bị truyền thông,P60008,Module RF,Thiết bị truyền thông,Không tương thích,0.28,Cần nguồn điện phù hợp
P60006,Module Zigbee,Thiết bị truyền thông,P60009,Module RF,Thiết bị truyền thông,Tương thích một phần,0.56,Cần driver phù hợp
P60006,Module Zigbee,Thiết bị truyền thông,P60010,Module GSM/GPRS,Thiết bị truyền thông,Tương thích hoàn toàn,0.96,Cần nguồn điện phù hợp
P60006,Module Zigbee,Thiết bị truyền thông,P60011,Module GSM/GPRS,Thiết bị truyền thông,Tương thích hoàn toàn,0.92,Cần nguồn điện phù hợp
P60006,Module Zigbee,Thiết bị truyền thông,P60012,Module NFC/RFID,Thiết bị truyền thông,Tương thích một phần,0.52,Có thể kết nối trực tiếp
P60006,Module Zigbee,Thiết bị truyền thông,P60013,Module NFC/RFID,Thiết bị truyền thông,Tương thích hoàn toàn,0.96,Cần cài đặt driver
P60006,Module Zigbee,Thiết bị truyền thông,P60014,Module LoRa,Thiết bị truyền thông,Tương thích một phần,0.63,Cần cấu hình thêm
P60006,Module Zigbee,Thiết bị truyền thông,P60015,Module Ethernet,Thiết bị truyền thông,Tương thích một phần,0.64,Cần nguồn điện phù hợp
P60006,Module Zigbee,Thiết bị truyền thông,P60016,Module CAN Bus,Thiết bị truyền thông,Không tương thích,0.38,Cần nguồn điện phù hợp
P60006,Module Zigbee,Thiết bị truyền thông,P60017,Module Z-Wave,Thiết bị truyền thông,Tương thích một phần,0.64,Cần driver phù hợp
P60007,Module Zigbee,Thiết bị truyền thông,P60008,Module RF,Thiết bị truyền thông,Tương thích hoàn toàn,1.0,Cần adapter chuyển đổi
P60007,Module Zigbee,Thiết bị truyền thông,P60009,Module RF,Thiết bị truyền thông,Không tương thích,0.09,Cần adapter chuyển đổi
P60007,Module Zigbee,Thiết bị truyền thông,P60010,Module GSM/GPRS,Thiết bị truyền thông,Không tương thích,0.18,Cần cấu hình thêm
P60007,Module Zigbee,Thiết bị truyền thông,P60011,Module GSM/GPRS,Thiết bị truyền thông,Không tương thích,0.03,Cần phần mềm hỗ trợ
P60007,Module Zigbee,Thiết bị truyền thông,P60012,Module NFC/RFID,Thiết bị truyền thông,Tương thích một phần,0.75,Cần driver phù hợp
P60007,Module Zigbee,Thiết bị truyền thông,P60013,Module NFC/RFID,Thiết bị truyền thông,Tương thích hoàn toàn,0.97,Cần nguồn điện phù hợp
P60007,Module Zigbee,Thiết bị truyền thông,P60014,Module LoRa,Thiết bị truyền thông,Tương thích một phần,0.51,Cần cấu hình thêm
P60007,Module Zigbee,Thiết bị truyền thông,P60015,Module Ethernet,Thiết bị truyền thông,Tương thích hoàn toàn,0.93,Cần thiết bị trung gian
P60007,Module Zigbee,Thiết bị truyền thông,P60016,Module CAN Bus,Thiết bị truyền thông,Tương thích một phần,0.72,Cần driver phù hợp
P60007,Module Zigbee,Thiết bị truyền thông,P60017,Module Z-Wave,Thiết bị truyền thông,Tương thích một phần,0.56,Cần driver phù hợp
P60008,Module RF,Thiết bị truyền thông,P60009,Module RF,Thiết bị truyền thông,Tương thích một phần,0.56,Cần nguồn điện phù hợp
P60008,Module RF,Thiết bị truyền thông,P60010,Module GSM/GPRS,Thiết bị truyền thông,Không tương thích,0.14,Cần firmware tương thích
P60008,Module RF,Thiết bị truyền thông,P60011,Module GSM/GPRS,Thiết bị truyền thông,Tương thích hoàn toàn,0.82,Cần cài đặt driver
P60008,Module RF,Thiết bị truyền thông,P60012,Module NFC/RFID,Thiết bị truyền thông,Không tương thích,0.18,Có thể kết nối trực tiếp
P60008,Module RF,Thiết bị truyền thông,P60013,Module NFC/RFID,Thiết bị truyền thông,Tương thích một phần,0.63,Cần thiết bị trung gian
P60008,Module RF,Thiết bị truyền thông,P60014,Module LoRa,Thiết bị truyền thông,Không tương thích,0.21,Cần adapter chuyển đổi
P60008,Module RF,Thiết bị truyền thông,P60015,Module Ethernet,Thiết bị truyền thông,Tương thích một phần,0.62,Cần cấu hình thêm
P60008,Module RF,Thiết bị truyền thông,P60016,Module CAN Bus,Thiết bị truyền thông,Tương thích một phần,0.71,Cần cập nhật firmware
P60008,Module RF,Thiết bị truyền thông,P60017,Module Z-Wave,Thiết bị truyền thông,Tương thích một phần,0.71,Cần adapter chuyển đổi
P60009,Module RF,Thiết bị truyền thông,P60010,Module GSM/GPRS,Thiết bị truyền thông,Tương thích hoàn toàn,0.84,Cần driver phù hợp
P60009,Module RF,Thiết bị truyền thông,P60011,Module GSM/GPRS,Thiết bị truyền thông,Không tương thích,0.27,Cần phần mềm hỗ trợ
P60009,Module RF,Thiết bị truyền thông,P60012,Module NFC/RFID,Thiết bị truyền thông,Không tương thích,0.4,Cần cập nhật firmware
P60009,Module RF,Thiết bị truyền thông,P60013,Module NFC/RFID,Thiết bị truyền thông,Tương thích hoàn toàn,0.88,Cần adapter chuyển đổi
P60009,Module RF,Thiết bị truyền thông,P60014,Module LoRa,Thiết bị truyền thông,Không tương thích,0.16,Cần nguồn điện phù hợp
P60009,Module RF,Thiết bị truyền thông,P60015,Module Ethernet,Thiết bị truyền thông,Tương thích hoàn toàn,0.96,Cần adapter chuyển đổi
P60009,Module RF,Thiết bị truyền thông,P60016,Module CAN Bus,Thiết bị truyền thông,Không tương thích,0.4,Cần adapter chuyển đổi
P60009,Module RF,Thiết bị truyền thông,P60017,Module Z-Wave,Thiết bị truyền thông,Tương thích hoàn toàn,0.93,Cần nguồn điện phù hợp
P60010,Module GSM/GPRS,Thiết bị truyền thông,P60011,Module GSM/GPRS,Thiết bị truyền thông,Không tương thích,0.03,Cần adapter chuyển đổi
P60010,Module GSM/GPRS,Thiết bị truyền thông,P60012,Module NFC/RFID,Thiết bị truyền thông,Tương thích một phần,0.52,Cần firmware tương thích
P60010,Module GSM/GPRS,Thiết bị truyền thông,P60013,Module NFC/RFID,Thiết bị truyền thông,Không tương thích,0.09,Cần driver phù hợp
P60010,Module GSM/GPRS,Thiết bị truyền thông,P60014,Module LoRa,Thiết bị truyền thông,Tương thích hoàn toàn,0.8,Cần cài đặt driver
P60010,Module GSM/GPRS,Thiết bị truyền thông,P60015,Module Ethernet,Thiết bị truyền thông,Tương thích một phần,0.75,Cần driver phù hợp
P60010,Module GSM/GPRS,Thiết bị truyền thông,P60016,Module CAN Bus,Thiết bị truyền thông,Tương thích hoàn toàn,0.88,Cần cài đặt driver
P60010,Module GSM/GPRS,Thiết bị truyền thông,P60017,Module Z-Wave,Thiết bị truyền thông,Tương thích hoàn toàn,0.93,Cần phần mềm hỗ trợ
P60011,Module GSM/GPRS,Thiết bị truyền thông,P60012,Module NFC/RFID,Thiết bị truyền thông,Tương thích một phần,0.64,Cần cấu hình thêm
P60011,Module GSM/GPRS,Thiết bị truyền thông,P60013,Module NFC/RFID,Thiết bị truyền thông,Tương thích hoàn toàn,0.95,Cần firmware tương thích
P60011,Module GSM/GPRS,Thiết bị truyền thông,P60014,Module LoRa,Thiết bị truyền thông,Tương thích một phần,0.56,Có thể kết nối trực tiếp
P60011,Module GSM/GPRS,Thiết bị truyền thông,P60015,Module Ethernet,Thiết bị truyền thông,Tương thích một phần,0.68,Cần phần mềm hỗ trợ
P60011,Module GSM/GPRS,Thiết bị truyền thông,P60016,Module CAN Bus,Thiết bị truyền thông,Tương thích một phần,0.61,Cần cập nhật firmware
P60011,Module GSM/GPRS,Thiết bị truyền thông,P60017,Module Z-Wave,Thiết bị truyền thông,Tương thích một phần,0.76,Cần driver phù hợp
P60012,Module NFC/RFID,Thiết bị truyền thông,P60013,Module NFC/RFID,Thiết bị truyền thông,Tương thích hoàn toàn,0.97,Cần cập nhật firmware
P60012,Module NFC/RFID,Thiết bị truyền thông,P60014,Module LoRa,Thiết bị truyền thông,Tương thích hoàn toàn,0.9,Cần adapter chuyển đổi
P60012,Module NFC/RFID,Thiết bị truyền thông,P60015,Module Ethernet,Thiết bị truyền thông,Tương thích hoàn toàn,0.92,Cần cập nhật firmware
P60012,Module NFC/RFID,Thiết bị truyền thông,P60016,Module CAN Bus,Thiết bị truyền thông,Tương thích hoàn toàn,0.92,Cần nguồn điện phù hợp
P60012,Module NFC/RFID,Thiết bị truyền thông,P60017,Module Z-Wave,Thiết bị truyền thông,Không tương thích,0.19,Cần nguồn điện phù hợp
P60013,Module NFC/RFID,Thiết bị truyền thông,P60014,Module LoRa,Thiết bị truyền thông,Tương thích một phần,0.75,Cần cấu hình thêm
P60013,Module NFC/RFID,Thiết bị truyền thông,P60015,Module Ethernet,Thiết bị truyền thông,Tương thích một phần,0.75,Cần cập nhật firmware
P60013,Module NFC/RFID,Thiết bị truyền thông,P60016,Module CAN Bus,Thiết bị truyền thông,Tương thích hoàn toàn,0.94,Cần thiết bị trung gian
P60013,Module NFC/RFID,Thiết bị truyền thông,P60017,Module Z-Wave,Thiết bị truyền thông,Tương thích hoàn toàn,0.94,Cần cấu hình thêm
P60014,Module LoRa,Thiết bị truyền thông,P60015,Module Ethernet,Thiết bị truyền thông,Tương thích một phần,0.67,Cần cấu hình thêm
P60014,Module LoRa,Thiết bị truyền thông,P60016,Module CAN Bus,Thiết bị truyền thông,Tương thích một phần,0.69,Cần driver phù hợp
P60014,Module LoRa,Thiết bị truyền thông,P60017,Module Z-Wave,Thiết bị truyền thông,Tương thích một phần,0.7,Có thể kết nối trực tiếp
P60015,Module Ethernet,Thiết bị truyền thông,P60016,Module CAN Bus,Thiết bị truyền thông,Tương thích một phần,0.54,Cần cập nhật firmware
P60015,Module Ethernet,Thiết bị truyền thông,P60017,Module Z-Wave,Thiết bị truyền thông,Tương thích hoàn toàn,0.83,Cần nguồn điện phù hợp
P60016,Module CAN Bus,Thiết bị truyền thông,P60017,Module Z-Wave,Thiết bị truyền thông,Không tương thích,0.2,Cần cập nhật firmware
P70001,Board mạch in PCB,Mạch điện & PCB,P70002,Board mạch in PCB,Mạch điện & PCB,Tương thích hoàn toàn,0.82,Cần firmware tương thích
P70001,Board mạch in PCB,Mạch điện & PCB,P70003,Board mạch in PCB,Mạch điện & PCB,Tương thích một phần,0.8,Cần phần mềm hỗ trợ
P70001,Board mạch in PCB,Mạch điện & PCB,P70004,Vật liệu làm PCB,Mạch điện & PCB,Không tương thích,0.27,Cần cài đặt driver
P70001,Board mạch in PCB,Mạch điện & PCB,P70005,Vật liệu làm PCB,Mạch điện & PCB,Tương thích một phần,0.67,Cần cấu hình thêm
P70001,Board mạch in PCB,Mạch điện & PCB,P70006,Thiết bị khắc PCB,Mạch điện & PCB,Không tương thích,0.07,Cần adapter chuyển đổi
P70001,Board mạch in PCB,Mạch điện & PCB,P70007,Thiết bị khắc PCB,Mạch điện & PCB,Tương thích hoàn toàn,0.85,Cần driver phù hợp
P70001,Board mạch in PCB,Mạch điện & PCB,P70008,Board hàn thử,Mạch điện & PCB,Tương thích một phần,0.61,Cần phần mềm hỗ trợ
P70001,Board mạch in PCB,Mạch điện & PCB,P70009,Board hàn thử,Mạch điện & PCB,Tương thích một phần,0.76,Cần cài đặt driver
P70001,Board mạch in PCB,Mạch điện & PCB,P70010,Jumper & Connector,Mạch điện & PCB,Tương thích một phần,0.65,Cần thiết bị trung gian
P70001,Board mạch in PCB,Mạch điện & PCB,P70011,Jumper & Connector,Mạch điện & PCB,Tương thích một phần,0.66,Cần driver phù hợp
P70001,Board mạch in PCB,Mạch điện & PCB,P70012,Ốc vít & Spacer,Mạch điện & PCB,Tương thích một phần,0.6,Cần firmware tương thích
P70001,Board mạch in PCB,Mạch điện & PCB,P70013,Ốc vít & Spacer,Mạch điện & PCB,Tương thích hoàn toàn,0.93,Cần cập nhật firmware
P70001,Board mạch in PCB,Mạch điện & PCB,P70014,Socket IC,Mạch điện & PCB,Không tương thích,0.11,Cần phần mềm hỗ trợ
P70001,Board mạch in PCB,Mạch điện & PCB,P70015,Header pin,Mạch điện & PCB,Tương thích hoàn toàn,0.84,Cần cập nhật firmware
P70001,Board mạch in PCB,Mạch điện & PCB,P70016,Dây cáp,Mạch điện & PCB,Tương thích hoàn toàn,0.97,Cần cấu hình thêm
P70001,Board mạch in PCB,Mạch điện & PCB,P70017,Vỏ bảo vệ mạch,Mạch điện & PCB,Không tương thích,0.24,Cần driver phù hợp
P70002,Board mạch in PCB,Mạch điện & PCB,P70003,Board mạch in PCB,Mạch điện & PCB,Tương thích một phần,0.78,Cần nguồn điện phù hợp
P70002,Board mạch in PCB,Mạch điện & PCB,P70004,Vật liệu làm PCB,Mạch điện & PCB,Tương thích một phần,0.54,Cần cập nhật firmware
P70002,Board mạch in PCB,Mạch điện & PCB,P70005,Vật liệu làm PCB,Mạch điện & PCB,Tương thích hoàn toàn,0.93,Cần driver phù hợp
P70002,Board mạch in PCB,Mạch điện & PCB,P70006,Thiết bị khắc PCB,Mạch điện & PCB,Tương thích hoàn toàn,0.95,Cần adapter chuyển đổi
P70002,Board mạch in PCB,Mạch điện & PCB,P70007,Thiết bị khắc PCB,Mạch điện & PCB,Tương thích một phần,0.55,Có thể kết nối trực tiếp
P70002,Board mạch in PCB,Mạch điện & PCB,P70008,Board hàn thử,Mạch điện & PCB,Tương thích một phần,0.65,Có thể kết nối trực tiếp
P70002,Board mạch in PCB,Mạch điện & PCB,P70009,Board hàn thử,Mạch điện & PCB,Tương thích hoàn toàn,0.97,Cần cài đặt driver
P70002,Board mạch in PCB,Mạch điện & PCB,P70010,Jumper & Connector,Mạch điện & PCB,Tương thích hoàn toàn,0.95,Cần firmware tương thích
P70002,Board mạch in PCB,Mạch điện & PCB,P70011,Jumper & Connector,Mạch điện & PCB,Tương thích hoàn toàn,0.82,Cần thiết bị trung gian
P70002,Board mạch in PCB,Mạch điện & PCB,P70012,Ốc vít & Spacer,Mạch điện & PCB,Tương thích một phần,0.67,Cần phần mềm hỗ trợ
P70002,Board mạch in PCB,Mạch điện & PCB,P70013,Ốc vít & Spacer,Mạch điện & PCB,Tương thích một phần,0.62,Cần adapter chuyển đổi
P70002,Board mạch in PCB,Mạch điện & PCB,P70014,Socket IC,Mạch điện & PCB,Tương thích hoàn toàn,0.8,Cần nguồn điện phù hợp
P70002,Board mạch in PCB,Mạch điện & PCB,P70015,Header pin,Mạch điện & PCB,Không tương thích,0.38,Có thể kết nối trực tiếp
P70002,Board mạch in PCB,Mạch điện & PCB,P70016,Dây cáp,Mạch điện & PCB,Tương thích một phần,0.56,Cần cài đặt driver
P70002,Board mạch in PCB,Mạch điện & PCB,P70017,Vỏ bảo vệ mạch,Mạch điện & PCB,Không tương thích,0.11,Cần nguồn điện phù hợp
P70003,Board mạch in PCB,Mạch điện & PCB,P70004,Vật liệu làm PCB,Mạch điện & PCB,Tương thích hoàn toàn,0.86,Có thể kết nối trực tiếp
P70003,Board mạch in PCB,Mạch điện & PCB,P70005,Vật liệu làm PCB,Mạch điện & PCB,Tương thích hoàn toàn,0.86,Cần nguồn điện phù hợp
P70003,Board mạch in PCB,Mạch điện & PCB,P70006,Thiết bị khắc PCB,Mạch điện & PCB,Tương thích hoàn toàn,0.81,Cần cập nhật firmware
P70003,Board mạch in PCB,Mạch điện & PCB,P70007,Thiết bị khắc PCB,Mạch điện & PCB,Tương thích một phần,0.64,Cần nguồn điện phù hợp
P70003,Board mạch in PCB,Mạch điện & PCB,P70008,Board hàn thử,Mạch điện & PCB,Tương thích hoàn toàn,0.93,Cần thiết bị trung gian
P70003,Board mạch in PCB,Mạch điện & PCB,P70009,Board hàn thử,Mạch điện & PCB,Tương thích một phần,0.75,Cần firmware tương thích
P70003,Board mạch in PCB,Mạch điện & PCB,P70010,Jumper & Connector,Mạch điện & PCB,Tương thích một phần,0.54,Có thể kết nối trực tiếp
P70003,Board mạch in PCB,Mạch điện & PCB,P70011,Jumper & Connector,Mạch điện & PCB,Tương thích hoàn toàn,0.85,Có thể kết nối trực tiếp
P70003,Board mạch in PCB,Mạch điện & PCB,P70012,Ốc vít & Spacer,Mạch điện & PCB,Không tương thích,0.32,Cần firmware tương thích
P70003,Board mạch in PCB,Mạch điện & PCB,P70013,Ốc vít & Spacer,Mạch điện & PCB,Tương thích một phần,0.75,Cần firmware tương thích
P70003,Board mạch in PCB,Mạch điện & PCB,P70014,Socket IC,Mạch điện & PCB,Tương thích một phần,0.58,Cần adapter chuyển đổi
P70003,Board mạch in PCB,Mạch điện & PCB,P70015,Header pin,Mạch điện & PCB,Tương thích một phần,0.61,Cần cài đặt driver
P70003,Board mạch in PCB,Mạch điện & PCB,P70016,Dây cáp,Mạch điện & PCB,Tương thích hoàn toàn,0.89,Cần cài đặt driver
P70003,Board mạch in PCB,Mạch điện & PCB,P70017,Vỏ bảo vệ mạch,Mạch điện & PCB,Tương thích hoàn toàn,0.86,Cần phần mềm hỗ trợ
P70004,Vật liệu làm PCB,Mạch điện & PCB,P70005,Vật liệu làm PCB,Mạch điện & PCB,Tương thích hoàn toàn,0.83,Cần cập nhật firmware
P70004,Vật liệu làm PCB,Mạch điện & PCB,P70006,Thiết bị khắc PCB,Mạch điện & PCB,Tương thích một phần,0.53,Có thể kết nối trực tiếp
P70004,Vật liệu làm PCB,Mạch điện & PCB,P70007,Thiết bị khắc PCB,Mạch điện & PCB,Tương thích hoàn toàn,0.95,Cần cấu hình thêm
P70004,Vật liệu làm PCB,Mạch điện & PCB,P70008,Board hàn thử,Mạch điện & PCB,Tương thích hoàn toàn,0.88,Cần firmware tương thích
P70004,Vật liệu làm PCB,Mạch điện & PCB,P70009,Board hàn thử,Mạch điện & PCB,Tương thích một phần,0.55,Cần firmware tương thích
P70004,Vật liệu làm PCB,Mạch điện & PCB,P70010,Jumper & Connector,Mạch điện & PCB,Tương thích một phần,0.57,Có thể kết nối trực tiếp
P70004,Vật liệu làm PCB,Mạch điện & PCB,P70011,Jumper & Connector,Mạch điện & PCB,Tương thích một phần,0.51,Cần cài đặt driver
P70004,Vật liệu làm PCB,Mạch điện & PCB,P70012,Ốc vít & Spacer,Mạch điện & PCB,Tương thích một phần,0.56,Cần cập nhật firmware
P70004,Vật liệu làm PCB,Mạch điện & PCB,P70013,Ốc vít & Spacer,Mạch điện & PCB,Tương thích hoàn toàn,0.8,Cần nguồn điện phù hợp
P70004,Vật liệu làm PCB,Mạch điện & PCB,P70014,Socket IC,Mạch điện & PCB,Tương thích một phần,0.72,Cần cấu hình thêm
P70004,Vật liệu làm PCB,Mạch điện & PCB,P70015,Header pin,Mạch điện & PCB,Tương thích hoàn toàn,0.9,Có thể kết nối trực tiếp
P70004,Vật liệu làm PCB,Mạch điện & PCB,P70016,Dây cáp,Mạch điện & PCB,Tương thích hoàn toàn,0.9,Cần cài đặt driver
P70004,Vật liệu làm PCB,Mạch điện & PCB,P70017,Vỏ bảo vệ mạch,Mạch điện & PCB,Tương thích một phần,0.64,Cần thiết bị trung gian
P70005,Vật liệu làm PCB,Mạch điện & PCB,P70006,Thiết bị khắc PCB,Mạch điện & PCB,Không tương thích,0.22,Cần cập nhật firmware
P70005,Vật liệu làm PCB,Mạch điện & PCB,P70007,Thiết bị khắc PCB,Mạch điện & PCB,Tương thích một phần,0.56,Cần thiết bị trung gian
P70005,Vật liệu làm PCB,Mạch điện & PCB,P70008,Board hàn thử,Mạch điện & PCB,Tương thích một phần,0.71,Có thể kết nối trực tiếp
P70005,Vật liệu làm PCB,Mạch điện & PCB,P70009,Board hàn thử,Mạch điện & PCB,Tương thích hoàn toàn,0.93,Cần cài đặt driver
P70005,Vật liệu làm PCB,Mạch điện & PCB,P70010,Jumper & Connector,Mạch điện & PCB,Tương thích một phần,0.74,Cần cài đặt driver
P70005,Vật liệu làm PCB,Mạch điện & PCB,P70011,Jumper & Connector,Mạch điện & PCB,Tương thích một phần,0.66,Cần adapter chuyển đổi
P70005,Vật liệu làm PCB,Mạch điện & PCB,P70012,Ốc vít & Spacer,Mạch điện & PCB,Tương thích hoàn toàn,0.99,Cần cài đặt driver
P70005,Vật liệu làm PCB,Mạch điện & PCB,P70013,Ốc vít & Spacer,Mạch điện & PCB,Tương thích hoàn toàn,0.93,Cần cấu hình thêm
P70005,Vật liệu làm PCB,Mạch điện & PCB,P70014,Socket IC,Mạch điện & PCB,Tương thích một phần,0.51,Cần phần mềm hỗ trợ
P70005,Vật liệu làm PCB,Mạch điện & PCB,P70015,Header pin,Mạch điện & PCB,Không tương thích,0.03,Cần cập nhật firmware
P70005,Vật liệu làm PCB,Mạch điện & PCB,P70016,Dây cáp,Mạch điện & PCB,Tương thích một phần,0.55,Cần adapter chuyển đổi
P70005,Vật liệu làm PCB,Mạch điện & PCB,P70017,Vỏ bảo vệ mạch,Mạch điện & PCB,Tương thích một phần,0.5,Có thể kết nối trực tiếp
P70006,Thiết bị khắc PCB,Mạch điện & PCB,P70007,Thiết bị khắc PCB,Mạch điện & PCB,Tương thích một phần,0.79,Cần phần mềm hỗ trợ
P70006,Thiết bị khắc PCB,Mạch điện & PCB,P70008,Board hàn thử,Mạch điện & PCB,Không tương thích,0.02,Cần thiết bị trung gian
P70006,Thiết bị khắc PCB,Mạch điện & PCB,P70009,Board hàn thử,Mạch điện & PCB,Tương thích một phần,0.61,Cần firmware tương thích
P70006,Thiết bị khắc PCB,Mạch điện & PCB,P70010,Jumper & Connector,Mạch điện & PCB,Không tương thích,0.01,Cần firmware tương thích
P70006,Thiết bị khắc PCB,Mạch điện & PCB,P70011,Jumper & Connector,Mạch điện & PCB,Không tương thích,0.15,Cần cấu hình thêm
P70006,Thiết bị khắc PCB,Mạch điện & PCB,P70012,Ốc vít & Spacer,Mạch điện & PCB,Tương thích một phần,0.55,Cần driver phù hợp
P70006,Thiết bị khắc PCB,Mạch điện & PCB,P70013,Ốc vít & Spacer,Mạch điện & PCB,Tương thích hoàn toàn,0.93,Cần firmware tương thích
P70006,Thiết bị khắc PCB,Mạch điện & PCB,P70014,Socket IC,Mạch điện & PCB,Tương thích hoàn toàn,0.84,Cần cài đặt driver
P70006,Thiết bị khắc PCB,Mạch điện & PCB,P70015,Header pin,Mạch điện & PCB,Tương thích một phần,0.52,Có thể kết nối trực tiếp
P70006,Thiết bị khắc PCB,Mạch điện & PCB,P70016,Dây cáp,Mạch điện & PCB,Không tương thích,0.01,Cần firmware tương thích
P70006,Thiết bị khắc PCB,Mạch điện & PCB,P70017,Vỏ bảo vệ mạch,Mạch điện & PCB,Tương thích một phần,0.71,Cần phần mềm hỗ trợ
P70007,Thiết bị khắc PCB,Mạch điện & PCB,P70008,Board hàn thử,Mạch điện & PCB,Không tương thích,0.16,Cần firmware tương thích
P70007,Thiết bị khắc PCB,Mạch điện & PCB,P70009,Board hàn thử,Mạch điện & PCB,Tương thích một phần,0.72,Cần driver phù hợp
P70007,Thiết bị khắc PCB,Mạch điện & PCB,P70010,Jumper & Connector,Mạch điện & PCB,Tương thích một phần,0.7,Cần phần mềm hỗ trợ
P70007,Thiết bị khắc PCB,Mạch điện & PCB,P70011,Jumper & Connector,Mạch điện & PCB,Tương thích hoàn toàn,0.97,Cần cập nhật firmware
P70007,Thiết bị khắc PCB,Mạch điện & PCB,P70012,Ốc vít & Spacer,Mạch điện & PCB,Tương thích một phần,0.53,Có thể kết nối trực tiếp
P70007,Thiết bị khắc PCB,Mạch điện & PCB,P70013,Ốc vít & Spacer,Mạch điện & PCB,Tương thích một phần,0.68,Cần cập nhật firmware
P70007,Thiết bị khắc PCB,Mạch điện & PCB,P70014,Socket IC,Mạch điện & PCB,Tương thích hoàn toàn,0.92,Cần phần mềm hỗ trợ
P70007,Thiết bị khắc PCB,Mạch điện & PCB,P70015,Header pin,Mạch điện & PCB,Tương thích một phần,0.51,Có thể kết nối trực tiếp
P70007,Thiết bị khắc PCB,Mạch điện & PCB,P70016,Dây cáp,Mạch điện & PCB,Tương thích một phần,0.69,Cần firmware tương thích
P70007,Thiết bị khắc PCB,Mạch điện & PCB,P70017,Vỏ bảo vệ mạch,Mạch điện & PCB,Tương thích hoàn toàn,0.89,Cần nguồn điện phù hợp
P70008,Board hàn thử,Mạch điện & PCB,P70009,Board hàn thử,Mạch điện & PCB,Tương thích hoàn toàn,0.82,Cần driver phù hợp
P70008,Board hàn thử,Mạch điện & PCB,P70010,Jumper & Connector,Mạch điện & PCB,Tương thích hoàn toàn,0.97,Cần cài đặt driver
P70008,Board hàn thử,Mạch điện & PCB,P70011,Jumper & Connector,Mạch điện & PCB,Tương thích một phần,0.7,Có thể kết nối trực tiếp
P70008,Board hàn thử,Mạch điện & PCB,P70012,Ốc vít & Spacer,Mạch điện & PCB,Tương thích một phần,0.66,Cần cấu hình thêm
P70008,Board hàn thử,Mạch điện & PCB,P70013,Ốc vít & Spacer,Mạch điện & PCB,Tương thích một phần,0.67,Có thể kết nối trực tiếp
P70008,Board hàn thử,Mạch điện & PCB,P70014,Socket IC,Mạch điện & PCB,Tương thích một phần,0.71,Cần driver phù hợp
P70008,Board hàn thử,Mạch điện & PCB,P70015,Header pin,Mạch điện & PCB,Tương thích hoàn toàn,0.86,Cần cấu hình thêm
P70008,Board hàn thử,Mạch điện & PCB,P70016,Dây cáp,Mạch điện & PCB,Tương thích một phần,0.79,Cần adapter chuyển đổi
P70008,Board hàn thử,Mạch điện & PCB,P70017,Vỏ bảo vệ mạch,Mạch điện & PCB,Không tương thích,0.38,Cần firmware tương thích
P70009,Board hàn thử,Mạch điện & PCB,P70010,Jumper & Connector,Mạch điện & PCB,Tương thích một phần,0.73,Có thể kết nối trực tiếp
P70009,Board hàn thử,Mạch điện & PCB,P70011,Jumper & Connector,Mạch điện & PCB,Không tương thích,0.39,Cần thiết bị trung gian
P70009,Board hàn thử,Mạch điện & PCB,P70012,Ốc vít & Spacer,Mạch điện & PCB,Tương thích hoàn toàn,0.88,Cần cập nhật firmware
P70009,Board hàn thử,Mạch điện & PCB,P70013,Ốc vít & Spacer,Mạch điện & PCB,Không tương thích,0.15,Cần cấu hình thêm
P70009,Board hàn thử,Mạch điện & PCB,P70014,Socket IC,Mạch điện & PCB,Không tương thích,0.06,Cần driver phù hợp
P70009,Board hàn thử,Mạch điện & PCB,P70015,Header pin,Mạch điện & PCB,Tương thích một phần,0.62,Cần cài đặt driver
P70009,Board hàn thử,Mạch điện & PCB,P70016,Dây cáp,Mạch điện & PCB,Tương thích hoàn toàn,0.97,Cần adapter chuyển đổi
P70009,Board hàn thử,Mạch điện & PCB,P70017,Vỏ bảo vệ mạch,Mạch điện & PCB,Tương thích một phần,0.69,Cần adapter chuyển đổi
P70010,Jumper & Connector,Mạch điện & PCB,P70011,Jumper & Connector,Mạch điện & PCB,Không tương thích,0.03,Có thể kết nối trực tiếp
P70010,Jumper & Connector,Mạch điện & PCB,P70012,Ốc vít & Spacer,Mạch điện & PCB,Không tương thích,0.01,Cần driver phù hợp
P70010,Jumper & Connector,Mạch điện & PCB,P70013,Ốc vít & Spacer,Mạch điện & PCB,Tương thích một phần,0.78,Có thể kết nối trực tiếp
P70010,Jumper & Connector,Mạch điện & PCB,P70014,Socket IC,Mạch điện & PCB,Tương thích hoàn toàn,0.95,Cần thiết bị trung gian
P70010,Jumper & Connector,Mạch điện & PCB,P70015,Header pin,Mạch điện & PCB,Tương thích một phần,0.57,Cần phần mềm hỗ trợ
P70010,Jumper & Connector,Mạch điện & PCB,P70016,Dây cáp,Mạch điện & PCB,Tương thích một phần,0.72,Cần cài đặt driver
P70010,Jumper & Connector,Mạch điện & PCB,P70017,Vỏ bảo vệ mạch,Mạch điện & PCB,Tương thích một phần,0.73,Cần firmware tương thích
P70011,Jumper & Connector,Mạch điện & PCB,P70012,Ốc vít & Spacer,Mạch điện & PCB,Tương thích một phần,0.57,Cần phần mềm hỗ trợ
P70011,Jumper & Connector,Mạch điện & PCB,P70013,Ốc vít & Spacer,Mạch điện & PCB,Tương thích hoàn toàn,0.89,Cần cấu hình thêm
P70011,Jumper & Connector,Mạch điện & PCB,P70014,Socket IC,Mạch điện & PCB,Tương thích một phần,0.68,Cần cập nhật firmware
P70011,Jumper & Connector,Mạch điện & PCB,P70015,Header pin,Mạch điện & PCB,Tương thích hoàn toàn,0.87,Cần cấu hình thêm
P70011,Jumper & Connector,Mạch điện & PCB,P70016,Dây cáp,Mạch điện & PCB,Tương thích một phần,0.71,Cần driver phù hợp
P70011,Jumper & Connector,Mạch điện & PCB,P70017,Vỏ bảo vệ mạch,Mạch điện & PCB,Tương thích một phần,0.57,Cần firmware tương thích
P70012,Ốc vít & Spacer,Mạch điện & PCB,P70013,Ốc vít & Spacer,Mạch điện & PCB,Tương thích một phần,0.64,Cần driver phù hợp
P70012,Ốc vít & Spacer,Mạch điện & PCB,P70014,Socket IC,Mạch điện & PCB,Tương thích một phần,0.8,Cần driver phù hợp
P70012,Ốc vít & Spacer,Mạch điện & PCB,P70015,Header pin,Mạch điện & PCB,Tương thích hoàn toàn,0.86,Cần phần mềm hỗ trợ
P70012,Ốc vít & Spacer,Mạch điện & PCB,P70016,Dây cáp,Mạch điện & PCB,Tương thích hoàn toàn,0.87,Cần adapter chuyển đổi
P70012,Ốc vít & Spacer,Mạch điện & PCB,P70017,Vỏ bảo vệ mạch,Mạch điện & PCB,Tương thích hoàn toàn,0.83,Cần adapter chuyển đổi
P70013,Ốc vít & Spacer,Mạch điện & PCB,P70014,Socket IC,Mạch điện & PCB,Tương thích một phần,0.7,Có thể kết nối trực tiếp
P70013,Ốc vít & Spacer,Mạch điện & PCB,P70015,Header pin,Mạch điện & PCB,Không tương thích,0.33,Cần cấu hình thêm
P70013,Ốc vít & Spacer,Mạch điện & PCB,P70016,Dây cáp,Mạch điện & PCB,Tương thích một phần,0.63,Cần thiết bị trung gian
P70013,Ốc vít & Spacer,Mạch điện & PCB,P70017,Vỏ bảo vệ mạch,Mạch điện & PCB,Tương thích hoàn toàn,0.81,Cần firmware tương thích
P70014,Socket IC,Mạch điện & PCB,P70015,Header pin,Mạch điện & PCB,Tương thích hoàn toàn,0.92,Cần driver phù hợp
P70014,Socket IC,Mạch điện & PCB,P70016,Dây cáp,Mạch điện & PCB,Không tương thích,0.37,Cần nguồn điện phù hợp
P70014,Socket IC,Mạch điện & PCB,P70017,Vỏ bảo vệ mạch,Mạch điện & PCB,Tương thích một phần,0.54,Cần firmware tương thích
P70015,Header pin,Mạch điện & PCB,P70016,Dây cáp,Mạch điện & PCB,Không tương thích,0.04,Cần cài đặt driver
P70015,Header pin,Mạch điện & PCB,P70017,Vỏ bảo vệ mạch,Mạch điện & PCB,Tương thích một phần,0.67,Cần nguồn điện phù hợp
P70016,Dây cáp,Mạch điện & PCB,P70017,Vỏ bảo vệ mạch,Mạch điện & PCB,Tương thích một phần,0.7,Cần phần mềm hỗ trợ
P80001,Adapter nguồn,Nguồn điện & Pin,P80002,Adapter nguồn,Nguồn điện & Pin,Tương thích hoàn toàn,0.95,Cần firmware tương thích
P80001,Adapter nguồn,Nguồn điện & Pin,P80003,Adapter nguồn,Nguồn điện & Pin,Không tương thích,0.06,Cần cấu hình thêm
P80001,Adapter nguồn,Nguồn điện & Pin,P80004,Pin Lithium,Nguồn điện & Pin,Tương thích một phần,0.59,Cần nguồn điện phù hợp
P80001,Adapter nguồn,Nguồn điện & Pin,P80005,Pin Lithium,Nguồn điện & Pin,Tương thích một phần,0.76,Cần driver phù hợp
P80001,Adapter nguồn,Nguồn điện & Pin,P80006,Bộ nguồn điều chỉnh,Nguồn điện & Pin,Tương thích hoàn toàn,0.85,Cần cài đặt driver
P80001,Adapter nguồn,Nguồn điện & Pin,P80007,Bộ nguồn điều chỉnh,Nguồn điện & Pin,Tương thích hoàn toàn,0.86,Cần cấu hình thêm
P80001,Adapter nguồn,Nguồn điện & Pin,P80008,Bộ chuyển đổi DC-DC,Nguồn điện & Pin,Tương thích một phần,0.52,Cần thiết bị trung gian
P80001,Adapter nguồn,Nguồn điện & Pin,P80009,Bộ chuyển đổi DC-DC,Nguồn điện & Pin,Tương thích một phần,0.61,Cần driver phù hợp
P80001,Adapter nguồn,Nguồn điện & Pin,P80010,Bộ sạc pin,Nguồn điện & Pin,Tương thích một phần,0.7,Có thể kết nối trực tiếp
P80001,Adapter nguồn,Nguồn điện & Pin,P80011,Bộ sạc pin,Nguồn điện & Pin,Không tương thích,0.32,Cần nguồn điện phù hợp
P80001,Adapter nguồn,Nguồn điện & Pin,P80012,Bộ điều khiển nguồn,Nguồn điện & Pin,Tương thích hoàn toàn,0.86,Cần adapter chuyển đổi
P80001,Adapter nguồn,Nguồn điện & Pin,P80013,Bộ điều khiển nguồn,Nguồn điện & Pin,Tương thích một phần,0.64,Cần adapter chuyển đổi
P80001,Adapter nguồn,Nguồn điện & Pin,P80014,Pin năng lượng mặt trời,Nguồn điện & Pin,Tương thích một phần,0.67,Cần driver phù hợp
P80001,Adapter nguồn,Nguồn điện & Pin,P80015,Tụ siêu,Nguồn điện & Pin,Tương thích một phần,0.64,Cần cấu hình thêm
P80001,Adapter nguồn,Nguồn điện & Pin,P80016,Giá đỡ pin,Nguồn điện & Pin,Tương thích một phần,0.58,Cần cài đặt driver
P80001,Adapter nguồn,Nguồn điện & Pin,P80017,Bộ bảo vệ pin,Nguồn điện & Pin,Không tương thích,0.07,Cần firmware tương thích
P80002,Adapter nguồn,Nguồn điện & Pin,P80003,Adapter nguồn,Nguồn điện & Pin,Tương thích hoàn toàn,0.86,Cần cấu hình thêm
P80002,Adapter nguồn,Nguồn điện & Pin,P80004,Pin Lithium,Nguồn điện & Pin,Tương thích một phần,0.52,Cần cấu hình thêm
P80002,Adapter nguồn,Nguồn điện & Pin,P80005,Pin Lithium,Nguồn điện & Pin,Tương thích một phần,0.51,Cần driver phù hợp
P80002,Adapter nguồn,Nguồn điện & Pin,P80006,Bộ nguồn điều chỉnh,Nguồn điện & Pin,Tương thích một phần,0.61,Cần phần mềm hỗ trợ
P80002,Adapter nguồn,Nguồn điện & Pin,P80007,Bộ nguồn điều chỉnh,Nguồn điện & Pin,Tương thích một phần,0.69,Cần cập nhật firmware
P80002,Adapter nguồn,Nguồn điện & Pin,P80008,Bộ chuyển đổi DC-DC,Nguồn điện & Pin,Tương thích một phần,0.8,Cần nguồn điện phù hợp
P80002,Adapter nguồn,Nguồn điện & Pin,P80009,Bộ chuyển đổi DC-DC,Nguồn điện & Pin,Tương thích hoàn toàn,0.96,Cần driver phù hợp
P80002,Adapter nguồn,Nguồn điện & Pin,P80010,Bộ sạc pin,Nguồn điện & Pin,Không tương thích,0.14,Cần driver phù hợp
P80002,Adapter nguồn,Nguồn điện & Pin,P80011,Bộ sạc pin,Nguồn điện & Pin,Tương thích một phần,0.58,Cần cấu hình thêm
P80002,Adapter nguồn,Nguồn điện & Pin,P80012,Bộ điều khiển nguồn,Nguồn điện & Pin,Tương thích một phần,0.63,Cần phần mềm hỗ trợ
P80002,Adapter nguồn,Nguồn điện & Pin,P80013,Bộ điều khiển nguồn,Nguồn điện & Pin,Tương thích một phần,0.57,Có thể kết nối trực tiếp
P80002,Adapter nguồn,Nguồn điện & Pin,P80014,Pin năng lượng mặt trời,Nguồn điện & Pin,Tương thích một phần,0.68,Cần thiết bị trung gian
P80002,Adapter nguồn,Nguồn điện & Pin,P80015,Tụ siêu,Nguồn điện & Pin,Tương thích một phần,0.56,Cần cấu hình thêm
P80002,Adapter nguồn,Nguồn điện & Pin,P80016,Giá đỡ pin,Nguồn điện & Pin,Tương thích hoàn toàn,0.93,Cần thiết bị trung gian
P80002,Adapter nguồn,Nguồn điện & Pin,P80017,Bộ bảo vệ pin,Nguồn điện & Pin,Tương thích hoàn toàn,0.87,Cần cài đặt driver
P80003,Adapter nguồn,Nguồn điện & Pin,P80004,Pin Lithium,Nguồn điện & Pin,Tương thích hoàn toàn,0.81,Cần driver phù hợp
P80003,Adapter nguồn,Nguồn điện & Pin,P80005,Pin Lithium,Nguồn điện & Pin,Tương thích hoàn toàn,0.94,Cần firmware tương thích
P80003,Adapter nguồn,Nguồn điện & Pin,P80006,Bộ nguồn điều chỉnh,Nguồn điện & Pin,Tương thích một phần,0.53,Cần firmware tương thích
P80003,Adapter nguồn,Nguồn điện & Pin,P80007,Bộ nguồn điều chỉnh,Nguồn điện & Pin,Không tương thích,0.04,Có thể kết nối trực tiếp
P80003,Adapter nguồn,Nguồn điện & Pin,P80008,Bộ chuyển đổi DC-DC,Nguồn điện & Pin,Tương thích một phần,0.68,Cần thiết bị trung gian
P80003,Adapter nguồn,Nguồn điện & Pin,P80009,Bộ chuyển đổi DC-DC,Nguồn điện & Pin,Tương thích hoàn toàn,0.93,Cần firmware tương thích
P80003,Adapter nguồn,Nguồn điện & Pin,P80010,Bộ sạc pin,Nguồn điện & Pin,Tương thích hoàn toàn,1.0,Cần nguồn điện phù hợp
P80003,Adapter nguồn,Nguồn điện & Pin,P80011,Bộ sạc pin,Nguồn điện & Pin,Tương thích một phần,0.69,Cần cập nhật firmware
P80003,Adapter nguồn,Nguồn điện & Pin,P80012,Bộ điều khiển nguồn,Nguồn điện & Pin,Tương thích một phần,0.67,Cần adapter chuyển đổi
P80003,Adapter nguồn,Nguồn điện & Pin,P80013,Bộ điều khiển nguồn,Nguồn điện & Pin,Tương thích một phần,0.56,Cần adapter chuyển đổi
P80003,Adapter nguồn,Nguồn điện & Pin,P80014,Pin năng lượng mặt trời,Nguồn điện & Pin,Tương thích một phần,0.74,Cần phần mềm hỗ trợ
P80003,Adapter nguồn,Nguồn điện & Pin,P80015,Tụ siêu,Nguồn điện & Pin,Không tương thích,0.18,Cần thiết bị trung gian
P80003,Adapter nguồn,Nguồn điện & Pin,P80016,Giá đỡ pin,Nguồn điện & Pin,Tương thích một phần,0.61,Cần cấu hình thêm
P80003,Adapter nguồn,Nguồn điện & Pin,P80017,Bộ bảo vệ pin,Nguồn điện & Pin,Không tương thích,0.23,Cần thiết bị trung gian
P80004,Pin Lithium,Nguồn điện & Pin,P80005,Pin Lithium,Nguồn điện & Pin,Tương thích một phần,0.53,Cần cài đặt driver
P80004,Pin Lithium,Nguồn điện & Pin,P80006,Bộ nguồn điều chỉnh,Nguồn điện & Pin,Tương thích hoàn toàn,0.95,Cần phần mềm hỗ trợ
P80004,Pin Lithium,Nguồn điện & Pin,P80007,Bộ nguồn điều chỉnh,Nguồn điện & Pin,Tương thích một phần,0.58,Cần adapter chuyển đổi
P80004,Pin Lithium,Nguồn điện & Pin,P80008,Bộ chuyển đổi DC-DC,Nguồn điện & Pin,Tương thích một phần,0.64,Cần cập nhật firmware
P80004,Pin Lithium,Nguồn điện & Pin,P80009,Bộ chuyển đổi DC-DC,Nguồn điện & Pin,Tương thích một phần,0.74,Cần cấu hình thêm
P80004,Pin Lithium,Nguồn điện & Pin,P80010,Bộ sạc pin,Nguồn điện & Pin,Tương thích một phần,0.73,Cần firmware tương thích
P80004,Pin Lithium,Nguồn điện & Pin,P80011,Bộ sạc pin,Nguồn điện & Pin,Tương thích một phần,0.79,Cần thiết bị trung gian
P80004,Pin Lithium,Nguồn điện & Pin,P80012,Bộ điều khiển nguồn,Nguồn điện & Pin,Tương thích một phần,0.5,Cần cấu hình thêm
P80004,Pin Lithium,Nguồn điện & Pin,P80013,Bộ điều khiển nguồn,Nguồn điện & Pin,Tương thích một phần,0.7,Cần phần mềm hỗ trợ
P80004,Pin Lithium,Nguồn điện & Pin,P80014,Pin năng lượng mặt trời,Nguồn điện & Pin,Tương thích hoàn toàn,0.83,Cần cài đặt driver
P80004,Pin Lithium,Nguồn điện & Pin,P80015,Tụ siêu,Nguồn điện & Pin,Tương thích một phần,0.52,Cần firmware tương thích
P80004,Pin Lithium,Nguồn điện & Pin,P80016,Giá đỡ pin,Nguồn điện & Pin,Tương thích một phần,0.65,Có thể kết nối trực tiếp
P80004,Pin Lithium,Nguồn điện & Pin,P80017,Bộ bảo vệ pin,Nguồn điện & Pin,Tương thích một phần,0.52,Cần cập nhật firmware
P80005,Pin Lithium,Nguồn điện & Pin,P80006,Bộ nguồn điều chỉnh,Nguồn điện & Pin,Tương thích một phần,0.51,Cần adapter chuyển đổi
P80005,Pin Lithium,Nguồn điện & Pin,P80007,Bộ nguồn điều chỉnh,Nguồn điện & Pin,Tương thích một phần,0.55,Cần firmware tương thích
P80005,Pin Lithium,Nguồn điện & Pin,P80008,Bộ chuyển đổi DC-DC,Nguồn điện & Pin,Tương thích một phần,0.6,Cần thiết bị trung gian
P80005,Pin Lithium,Nguồn điện & Pin,P80009,Bộ chuyển đổi DC-DC,Nguồn điện & Pin,Tương thích một phần,0.53,Cần firmware tương thích
P80005,Pin Lithium,Nguồn điện & Pin,P80010,Bộ sạc pin,Nguồn điện & Pin,Tương thích hoàn toàn,0.88,Cần thiết bị trung gian
P80005,Pin Lithium,Nguồn điện & Pin,P80011,Bộ sạc pin,Nguồn điện & Pin,Tương thích một phần,0.77,Cần adapter chuyển đổi
P80005,Pin Lithium,Nguồn điện & Pin,P80012,Bộ điều khiển nguồn,Nguồn điện & Pin,Tương thích hoàn toàn,0.95,Cần cấu hình thêm
P80005,Pin Lithium,Nguồn điện & Pin,P80013,Bộ điều khiển nguồn,Nguồn điện & Pin,Không tương thích,0.06,Cần phần mềm hỗ trợ
P80005,Pin Lithium,Nguồn điện & Pin,P80014,Pin năng lượng mặt trời,Nguồn điện & Pin,Tương thích hoàn toàn,0.9,Có thể kết nối trực tiếp
P80005,Pin Lithium,Nguồn điện & Pin,P80015,Tụ siêu,Nguồn điện & Pin,Tương thích một phần,0.62,Cần nguồn điện phù hợp
P80005,Pin Lithium,Nguồn điện & Pin,P80016,Giá đỡ pin,Nguồn điện & Pin,Tương thích một phần,0.67,Cần phần mềm hỗ trợ
P80005,Pin Lithium,Nguồn điện & Pin,P80017,Bộ bảo vệ pin,Nguồn điện & Pin,Tương thích hoàn toàn,0.98,Cần cài đặt driver
P80006,Bộ nguồn điều chỉnh,Nguồn điện & Pin,P80007,Bộ nguồn điều chỉnh,Nguồn điện & Pin,Không tương thích,0.29,Cần thiết bị trung gian
P80006,Bộ nguồn điều chỉnh,Nguồn điện & Pin,P80008,Bộ chuyển đổi DC-DC,Nguồn điện & Pin,Không tương thích,0.14,Cần driver phù hợp
P80006,Bộ nguồn điều chỉnh,Nguồn điện & Pin,P80009,Bộ chuyển đổi DC-DC,Nguồn điện & Pin,Không tương thích,0.09,Cần driver phù hợp
P80006,Bộ nguồn điều chỉnh,Nguồn điện & Pin,P80010,Bộ sạc pin,Nguồn điện & Pin,Tương thích một phần,0.77,Cần firmware tương thích
P80006,Bộ nguồn điều chỉnh,Nguồn điện & Pin,P80011,Bộ sạc pin,Nguồn điện & Pin,Tương thích hoàn toàn,0.82,Cần thiết bị trung gian
P80006,Bộ nguồn điều chỉnh,Nguồn điện & Pin,P80012,Bộ điều khiển nguồn,Nguồn điện & Pin,Tương thích một phần,0.52,Cần phần mềm hỗ trợ
P80006,Bộ nguồn điều chỉnh,Nguồn điện & Pin,P80013,Bộ điều khiển nguồn,Nguồn điện & Pin,Tương thích một phần,0.79,Cần nguồn điện phù hợp
P80006,Bộ nguồn điều chỉnh,Nguồn điện & Pin,P80014,Pin năng lượng mặt trời,Nguồn điện & Pin,Tương thích một phần,0.71,Cần adapter chuyển đổi
P80006,Bộ nguồn điều chỉnh,Nguồn điện & Pin,P80015,Tụ siêu,Nguồn điện & Pin,Tương thích một phần,0.77,Có thể kết nối trực tiếp
P80006,Bộ nguồn điều chỉnh,Nguồn điện & Pin,P80016,Giá đỡ pin,Nguồn điện & Pin,Tương thích hoàn toàn,0.94,Cần phần mềm hỗ trợ
P80006,Bộ nguồn điều chỉnh,Nguồn điện & Pin,P80017,Bộ bảo vệ pin,Nguồn điện & Pin,Tương thích một phần,0.54,Cần cài đặt driver
P80007,Bộ nguồn điều chỉnh,Nguồn điện & Pin,P80008,Bộ chuyển đổi DC-DC,Nguồn điện & Pin,Tương thích một phần,0.63,Cần adapter chuyển đổi
P80007,Bộ nguồn điều chỉnh,Nguồn điện & Pin,P80009,Bộ chuyển đổi DC-DC,Nguồn điện & Pin,Tương thích một phần,0.61,Cần firmware tương thích
P80007,Bộ nguồn điều chỉnh,Nguồn điện & Pin,P80010,Bộ sạc pin,Nguồn điện & Pin,Tương thích một phần,0.54,Cần nguồn điện phù hợp
P80007,Bộ nguồn điều chỉnh,Nguồn điện & Pin,P80011,Bộ sạc pin,Nguồn điện & Pin,Tương thích hoàn toàn,0.9,Cần cấu hình thêm
P80007,Bộ nguồn điều chỉnh,Nguồn điện & Pin,P80012,Bộ điều khiển nguồn,Nguồn điện & Pin,Tương thích một phần,0.71,Cần driver phù hợp
P80007,Bộ nguồn điều chỉnh,Nguồn điện & Pin,P80013,Bộ điều khiển nguồn,Nguồn điện & Pin,Không tương thích,0.08,Cần cấu hình thêm
P80007,Bộ nguồn điều chỉnh,Nguồn điện & Pin,P80014,Pin năng lượng mặt trời,Nguồn điện & Pin,Không tương thích,0.28,Cần firmware tương thích
P80007,Bộ nguồn điều chỉnh,Nguồn điện & Pin,P80015,Tụ siêu,Nguồn điện & Pin,Tương thích một phần,0.63,Cần cài đặt driver
P80007,Bộ nguồn điều chỉnh,Nguồn điện & Pin,P80016,Giá đỡ pin,Nguồn điện & Pin,Tương thích một phần,0.69,Cần cài đặt driver
P80007,Bộ nguồn điều chỉnh,Nguồn điện & Pin,P80017,Bộ bảo vệ pin,Nguồn điện & Pin,Tương thích một phần,0.55,Cần driver phù hợp
P80008,Bộ chuyển đổi DC-DC,Nguồn điện & Pin,P80009,Bộ chuyển đổi DC-DC,Nguồn điện & Pin,Tương thích hoàn toàn,0.82,Cần thiết bị trung gian
P80008,Bộ chuyển đổi DC-DC,Nguồn điện & Pin,P80010,Bộ sạc pin,Nguồn điện & Pin,Không tương thích,0.21,Có thể kết nối trực tiếp
P80008,Bộ chuyển đổi DC-DC,Nguồn điện & Pin,P80011,Bộ sạc pin,Nguồn điện & Pin,Không tương thích,0.31,Cần nguồn điện phù hợp
P80008,Bộ chuyển đổi DC-DC,Nguồn điện & Pin,P80012,Bộ điều khiển nguồn,Nguồn điện & Pin,Tương thích hoàn toàn,0.86,Cần cài đặt driver
P80008,Bộ chuyển đổi DC-DC,Nguồn điện & Pin,P80013,Bộ điều khiển nguồn,Nguồn điện & Pin,Tương thích một phần,0.54,Cần cài đặt driver
P80008,Bộ chuyển đổi DC-DC,Nguồn điện & Pin,P80014,Pin năng lượng mặt trời,Nguồn điện & Pin,Tương thích hoàn toàn,0.83,Cần nguồn điện phù hợp
P80008,Bộ chuyển đổi DC-DC,Nguồn điện & Pin,P80015,Tụ siêu,Nguồn điện & Pin,Tương thích một phần,0.63,Cần firmware tương thích
P80008,Bộ chuyển đổi DC-DC,Nguồn điện & Pin,P80016,Giá đỡ pin,Nguồn điện & Pin,Tương thích một phần,0.54,Cần adapter chuyển đổi
P80008,Bộ chuyển đổi DC-DC,Nguồn điện & Pin,P80017,Bộ bảo vệ pin,Nguồn điện & Pin,Tương thích hoàn toàn,0.87,Có thể kết nối trực tiếp
P80009,Bộ chuyển đổi DC-DC,Nguồn điện & Pin,P80010,Bộ sạc pin,Nguồn điện & Pin,Tương thích một phần,0.55,Cần cài đặt driver
P80009,Bộ chuyển đổi DC-DC,Nguồn điện & Pin,P80011,Bộ sạc pin,Nguồn điện & Pin,Không tương thích,0.04,Cần phần mềm hỗ trợ
P80009,Bộ chuyển đổi DC-DC,Nguồn điện & Pin,P80012,Bộ điều khiển nguồn,Nguồn điện & Pin,Tương thích một phần,0.57,Cần driver phù hợp
P80009,Bộ chuyển đổi DC-DC,Nguồn điện & Pin,P80013,Bộ điều khiển nguồn,Nguồn điện & Pin,Tương thích một phần,0.74,Cần adapter chuyển đổi
P80009,Bộ chuyển đổi DC-DC,Nguồn điện & Pin,P80014,Pin năng lượng mặt trời,Nguồn điện & Pin,Tương thích một phần,0.73,Cần cấu hình thêm
P80009,Bộ chuyển đổi DC-DC,Nguồn điện & Pin,P80015,Tụ siêu,Nguồn điện & Pin,Không tương thích,0.37,Cần nguồn điện phù hợp
P80009,Bộ chuyển đổi DC-DC,Nguồn điện & Pin,P80016,Giá đỡ pin,Nguồn điện & Pin,Tương thích một phần,0.61,Cần phần mềm hỗ trợ
P80009,Bộ chuyển đổi DC-DC,Nguồn điện & Pin,P80017,Bộ bảo vệ pin,Nguồn điện & Pin,Không tương thích,0.08,Cần nguồn điện phù hợp
P80010,Bộ sạc pin,Nguồn điện & Pin,P80011,Bộ sạc pin,Nguồn điện & Pin,Tương thích một phần,0.79,Cần driver phù hợp
P80010,Bộ sạc pin,Nguồn điện & Pin,P80012,Bộ điều khiển nguồn,Nguồn điện & Pin,Tương thích một phần,0.62,Cần cài đặt driver
P80010,Bộ sạc pin,Nguồn điện & Pin,P80013,Bộ điều khiển nguồn,Nguồn điện & Pin,Tương thích một phần,0.61,Cần phần mềm hỗ trợ
P80010,Bộ sạc pin,Nguồn điện & Pin,P80014,Pin năng lượng mặt trời,Nguồn điện & Pin,Không tương thích,0.24,Cần adapter chuyển đổi
P80010,Bộ sạc pin,Nguồn điện & Pin,P80015,Tụ siêu,Nguồn điện & Pin,Tương thích hoàn toàn,0.9,Cần firmware tương thích
P80010,Bộ sạc pin,Nguồn điện & Pin,P80016,Giá đỡ pin,Nguồn điện & Pin,Tương thích hoàn toàn,0.83,Cần cập nhật firmware
P80010,Bộ sạc pin,Nguồn điện & Pin,P80017,Bộ bảo vệ pin,Nguồn điện & Pin,Tương thích một phần,0.52,Cần cấu hình thêm
P80011,Bộ sạc pin,Nguồn điện & Pin,P80012,Bộ điều khiển nguồn,Nguồn điện & Pin,Tương thích hoàn toàn,0.9,Cần driver phù hợp
P80011,Bộ sạc pin,Nguồn điện & Pin,P80013,Bộ điều khiển nguồn,Nguồn điện & Pin,Tương thích một phần,0.71,Cần cài đặt driver
P80011,Bộ sạc pin,Nguồn điện & Pin,P80014,Pin năng lượng mặt trời,Nguồn điện & Pin,Không tương thích,0.05,Cần driver phù hợp
P80011,Bộ sạc pin,Nguồn điện & Pin,P80015,Tụ siêu,Nguồn điện & Pin,Tương thích một phần,0.62,Cần adapter chuyển đổi
P80011,Bộ sạc pin,Nguồn điện & Pin,P80016,Giá đỡ pin,Nguồn điện & Pin,Tương thích một phần,0.61,Cần cập nhật firmware
P80011,Bộ sạc pin,Nguồn điện & Pin,P80017,Bộ bảo vệ pin,Nguồn điện & Pin,Không tương thích,0.14,Cần phần mềm hỗ trợ
P80012,Bộ điều khiển nguồn,Nguồn điện & Pin,P80013,Bộ điều khiển nguồn,Nguồn điện & Pin,Tương thích hoàn toàn,0.95,Cần driver phù hợp
P80012,Bộ điều khiển nguồn,Nguồn điện & Pin,P80014,Pin năng lượng mặt trời,Nguồn điện & Pin,Tương thích hoàn toàn,0.87,Cần firmware tương thích
P80012,Bộ điều khiển nguồn,Nguồn điện & Pin,P80015,Tụ siêu,Nguồn điện & Pin,Tương thích hoàn toàn,0.93,Cần adapter chuyển đổi
P80012,Bộ điều khiển nguồn,Nguồn điện & Pin,P80016,Giá đỡ pin,Nguồn điện & Pin,Tương thích một phần,0.51,Cần adapter chuyển đổi
P80012,Bộ điều khiển nguồn,Nguồn điện & Pin,P80017,Bộ bảo vệ pin,Nguồn điện & Pin,Tương thích hoàn toàn,0.94,Cần cấu hình thêm
P80013,Bộ điều khiển nguồn,Nguồn điện & Pin,P80014,Pin năng lượng mặt trời,Nguồn điện & Pin,Tương thích một phần,0.69,Có thể kết nối trực tiếp
P80013,Bộ điều khiển nguồn,Nguồn điện & Pin,P80015,Tụ siêu,Nguồn điện & Pin,Không tương thích,0.14,Cần adapter chuyển đổi
P80013,Bộ điều khiển nguồn,Nguồn điện & Pin,P80016,Giá đỡ pin,Nguồn điện & Pin,Tương thích hoàn toàn,0.93,Cần cập nhật firmware
P80013,Bộ điều khiển nguồn,Nguồn điện & Pin,P80017,Bộ bảo vệ pin,Nguồn điện & Pin,Tương thích hoàn toàn,0.94,Cần cập nhật firmware
P80014,Pin năng lượng mặt trời,Nguồn điện & Pin,P80015,Tụ siêu,Nguồn điện & Pin,Tương thích hoàn toàn,0.93,Cần nguồn điện phù hợp
P80014,Pin năng lượng mặt trời,Nguồn điện & Pin,P80016,Giá đỡ pin,Nguồn điện & Pin,Không tương thích,0.0,Có thể kết nối trực tiếp
P80014,Pin năng lượng mặt trời,Nguồn điện & Pin,P80017,Bộ bảo vệ pin,Nguồn điện & Pin,Tương thích hoàn toàn,0.81,Cần driver phù hợp
P80015,Tụ siêu,Nguồn điện & Pin,P80016,Giá đỡ pin,Nguồn điện & Pin,Tương thích hoàn toàn,0.97,Cần thiết bị trung gian
P80015,Tụ siêu,Nguồn điện & Pin,P80017,Bộ bảo vệ pin,Nguồn điện & Pin,Tương thích một phần,0.71,Cần phần mềm hỗ trợ
P80016,Giá đỡ pin,Nguồn điện & Pin,P80017,Bộ bảo vệ pin,Nguồn điện & Pin,Tương thích hoàn toàn,0.87,Cần thiết bị trung gian
P90001,LED,Linh kiện quang điện tử,P90002,LED,Linh kiện quang điện tử,Không tương thích,0.26,Cần adapter chuyển đổi
P90001,LED,Linh kiện quang điện tử,P90003,LED,Linh kiện quang điện tử,Tương thích một phần,0.51,Cần adapter chuyển đổi
P90001,LED,Linh kiện quang điện tử,P90004,LED RGB,Linh kiện quang điện tử,Tương thích một phần,0.54,Cần phần mềm hỗ trợ
P90001,LED,Linh kiện quang điện tử,P90005,LED RGB,Linh kiện quang điện tử,Tương thích một phần,0.5,Có thể kết nối trực tiếp
P90001,LED,Linh kiện quang điện tử,P90006,LED Matrix,Linh kiện quang điện tử,Tương thích một phần,0.65,Cần driver phù hợp
P90001,LED,Linh kiện quang điện tử,P90007,LED Matrix,Linh kiện quang điện tử,Tương thích một phần,0.56,Cần driver phù hợp
P90001,LED,Linh kiện quang điện tử,P90008,Màn hình LCD,Linh kiện quang điện tử,Tương thích hoàn toàn,0.82,Có thể kết nối trực tiếp
P90001,LED,Linh kiện quang điện tử,P90009,Màn hình LCD,Linh kiện quang điện tử,Tương thích một phần,0.59,Cần firmware tương thích
P90001,LED,Linh kiện quang điện tử,P90010,Màn hình OLED,Linh kiện quang điện tử,Tương thích hoàn toàn,0.98,Cần phần mềm hỗ trợ
P90001,LED,Linh kiện quang điện tử,P90011,Màn hình OLED,Linh kiện quang điện tử,Tương thích một phần,0.72,Cần cập nhật firmware
P90001,LED,Linh kiện quang điện tử,P90012,Phototransistor,Linh kiện quang điện tử,Tương thích hoàn toàn,0.88,Cần firmware tương thích
P90001,LED,Linh kiện quang điện tử,P90013,Phototransistor,Linh kiện quang điện tử,Tương thích một phần,0.71,Cần nguồn điện phù hợp
P90001,LED,Linh kiện quang điện tử,P90014,Photoresistor (LDR),Linh kiện quang điện tử,Tương thích một phần,0.78,Cần adapter chuyển đổi
P90001,LED,Linh kiện quang điện tử,P90015,Opto-isolator,Linh kiện quang điện tử,Tương thích hoàn toàn,0.97,Cần adapter chuyển đổi
P90001,LED,Linh kiện quang điện tử,P90016,LED Driver,Linh kiện quang điện tử,Tương thích hoàn toàn,0.84,Cần phần mềm hỗ trợ
P90001,LED,Linh kiện quang điện tử,P90017,Bộ phát hiện quang,Linh kiện quang điện tử,Tương thích một phần,0.66,Cần driver phù hợp
P90002,LED,Linh kiện quang điện tử,P90003,LED,Linh kiện quang điện tử,Tương thích một phần,0.52,Cần firmware tương thích
P90002,LED,Linh kiện quang điện tử,P90004,LED RGB,Linh kiện quang điện tử,Không tương thích,0.3,Cần driver phù hợp
P90002,LED,Linh kiện quang điện tử,P90005,LED RGB,Linh kiện quang điện tử,Tương thích một phần,0.53,Cần nguồn điện phù hợp
P90002,LED,Linh kiện quang điện tử,P90006,LED Matrix,Linh kiện quang điện tử,Tương thích một phần,0.76,Cần cấu hình thêm
P90002,LED,Linh kiện quang điện tử,P90007,LED Matrix,Linh kiện quang điện tử,Tương thích một phần,0.68,Cần cài đặt driver
P90002,LED,Linh kiện quang điện tử,P90008,Màn hình LCD,Linh kiện quang điện tử,Không tương thích,0.28,Cần nguồn điện phù hợp
P90002,LED,Linh kiện quang điện tử,P90009,Màn hình LCD,Linh kiện quang điện tử,Tương thích hoàn toàn,0.99,Cần driver phù hợp
P90002,LED,Linh kiện quang điện tử,P90010,Màn hình OLED,Linh kiện quang điện tử,Tương thích một phần,0.52,Cần cài đặt driver
P90002,LED,Linh kiện quang điện tử,P90011,Màn hình OLED,Linh kiện quang điện tử,Tương thích hoàn toàn,0.87,Cần driver phù hợp
P90002,LED,Linh kiện quang điện tử,P90012,Phototransistor,Linh kiện quang điện tử,Tương thích một phần,0.65,Cần thiết bị trung gian
P90002,LED,Linh kiện quang điện tử,P90013,Phototransistor,Linh kiện quang điện tử,Tương thích một phần,0.74,Cần cập nhật firmware
P90002,LED,Linh kiện quang điện tử,P90014,Photoresistor (LDR),Linh kiện quang điện tử,Tương thích hoàn toàn,0.96,Cần nguồn điện phù hợp
P90002,LED,Linh kiện quang điện tử,P90015,Opto-isolator,Linh kiện quang điện tử,Tương thích một phần,0.51,Có thể kết nối trực tiếp
P90002,LED,Linh kiện quang điện tử,P90016,LED Driver,Linh kiện quang điện tử,Tương thích hoàn toàn,0.86,Cần cài đặt driver
P90002,LED,Linh kiện quang điện tử,P90017,Bộ phát hiện quang,Linh kiện quang điện tử,Không tương thích,0.17,Cần driver phù hợp
P90003,LED,Linh kiện quang điện tử,P90004,LED RGB,Linh kiện quang điện tử,Không tương thích,0.04,Cần adapter chuyển đổi
P90003,LED,Linh kiện quang điện tử,P90005,LED RGB,Linh kiện quang điện tử,Tương thích hoàn toàn,0.96,Cần phần mềm hỗ trợ
P90003,LED,Linh kiện quang điện tử,P90006,LED Matrix,Linh kiện quang điện tử,Tương thích một phần,0.6,Cần firmware tương thích
P90003,LED,Linh kiện quang điện tử,P90007,LED Matrix,Linh kiện quang điện tử,Tương thích một phần,0.73,Cần cấu hình thêm
P90003,LED,Linh kiện quang điện tử,P90008,Màn hình LCD,Linh kiện quang điện tử,Tương thích một phần,0.62,Cần thiết bị trung gian
P90003,LED,Linh kiện quang điện tử,P90009,Màn hình LCD,Linh kiện quang điện tử,Tương thích hoàn toàn,0.97,Có thể kết nối trực tiếp
P90003,LED,Linh kiện quang điện tử,P90010,Màn hình OLED,Linh kiện quang điện tử,Tương thích một phần,0.66,Cần phần mềm hỗ trợ
P90003,LED,Linh kiện quang điện tử,P90011,Màn hình OLED,Linh kiện quang điện tử,Tương thích một phần,0.65,Cần driver phù hợp
P90003,LED,Linh kiện quang điện tử,P90012,Phototransistor,Linh kiện quang điện tử,Tương thích hoàn toàn,0.86,Cần cấu hình thêm
P90003,LED,Linh kiện quang điện tử,P90013,Phototransistor,Linh kiện quang điện tử,Tương thích một phần,0.54,Cần nguồn điện phù hợp
P90003,LED,Linh kiện quang điện tử,P90014,Photoresistor (LDR),Linh kiện quang điện tử,Không tương thích,0.08,Cần firmware tương thích
P90003,LED,Linh kiện quang điện tử,P90015,Opto-isolator,Linh kiện quang điện tử,Tương thích một phần,0.68,Cần thiết bị trung gian
P90003,LED,Linh kiện quang điện tử,P90016,LED Driver,Linh kiện quang điện tử,Tương thích hoàn toàn,0.99,Cần cấu hình thêm
P90003,LED,Linh kiện quang điện tử,P90017,Bộ phát hiện quang,Linh kiện quang điện tử,Tương thích một phần,0.67,Có thể kết nối trực tiếp
P90004,LED RGB,Linh kiện quang điện tử,P90005,LED RGB,Linh kiện quang điện tử,Tương thích một phần,0.67,Cần cập nhật firmware
P90004,LED RGB,Linh kiện quang điện tử,P90006,LED Matrix,Linh kiện quang điện tử,Tương thích một phần,0.71,Cần cập nhật firmware
P90004,LED RGB,Linh kiện quang điện tử,P90007,LED Matrix,Linh kiện quang điện tử,Tương thích một phần,0.75,Cần thiết bị trung gian
P90004,LED RGB,Linh kiện quang điện tử,P90008,Màn hình LCD,Linh kiện quang điện tử,Tương thích hoàn toàn,0.86,Cần thiết bị trung gian
P90004,LED RGB,Linh kiện quang điện tử,P90009,Màn hình LCD,Linh kiện quang điện tử,Tương thích một phần,0.58,Cần cập nhật firmware
P90004,LED RGB,Linh kiện quang điện tử,P90010,Màn hình OLED,Linh kiện quang điện tử,Tương thích một phần,0.62,Cần phần mềm hỗ trợ
P90004,LED RGB,Linh kiện quang điện tử,P90011,Màn hình OLED,Linh kiện quang điện tử,Không tương thích,0.1,Cần cập nhật firmware
P90004,LED RGB,Linh kiện quang điện tử,P90012,Phototransistor,Linh kiện quang điện tử,Tương thích hoàn toàn,0.89,Cần nguồn điện phù hợp
P90004,LED RGB,Linh kiện quang điện tử,P90013,Phototransistor,Linh kiện quang điện tử,Tương thích một phần,0.69,Cần cài đặt driver
P90004,LED RGB,Linh kiện quang điện tử,P90014,Photoresistor (LDR),Linh kiện quang điện tử,Tương thích hoàn toàn,0.94,Cần phần mềm hỗ trợ
P90004,LED RGB,Linh kiện quang điện tử,P90015,Opto-isolator,Linh kiện quang điện tử,Tương thích một phần,0.71,Cần firmware tương thích
P90004,LED RGB,Linh kiện quang điện tử,P90016,LED Driver,Linh kiện quang điện tử,Không tương thích,0.01,Cần cấu hình thêm
P90004,LED RGB,Linh kiện quang điện tử,P90017,Bộ phát hiện quang,Linh kiện quang điện tử,Tương thích hoàn toàn,0.86,Cần thiết bị trung gian
P90005,LED RGB,Linh kiện quang điện tử,P90006,LED Matrix,Linh kiện quang điện tử,Tương thích một phần,0.58,Cần cập nhật firmware
P90005,LED RGB,Linh kiện quang điện tử,P90007,LED Matrix,Linh kiện quang điện tử,Không tương thích,0.36,Cần adapter chuyển đổi
P90005,LED RGB,Linh kiện quang điện tử,P90008,Màn hình LCD,Linh kiện quang điện tử,Không tương thích,0.06,Cần nguồn điện phù hợp
P90005,LED RGB,Linh kiện quang điện tử,P90009,Màn hình LCD,Linh kiện quang điện tử,Tương thích hoàn toàn,0.85,Cần nguồn điện phù hợp
P90005,LED RGB,Linh kiện quang điện tử,P90010,Màn hình OLED,Linh kiện quang điện tử,Tương thích một phần,0.74,Cần thiết bị trung gian
P90005,LED RGB,Linh kiện quang điện tử,P90011,Màn hình OLED,Linh kiện quang điện tử,Tương thích hoàn toàn,0.93,Cần adapter chuyển đổi
P90005,LED RGB,Linh kiện quang điện tử,P90012,Phototransistor,Linh kiện quang điện tử,Tương thích một phần,0.51,Cần phần mềm hỗ trợ
P90005,LED RGB,Linh kiện quang điện tử,P90013,Phototransistor,Linh kiện quang điện tử,Tương thích một phần,0.6,Cần thiết bị trung gian
P90005,LED RGB,Linh kiện quang điện tử,P90014,Photoresistor (LDR),Linh kiện quang điện tử,Tương thích hoàn toàn,0.89,Cần cài đặt driver
P90005,LED RGB,Linh kiện quang điện tử,P90015,Opto-isolator,Linh kiện quang điện tử,Tương thích một phần,0.73,Cần phần mềm hỗ trợ
P90005,LED RGB,Linh kiện quang điện tử,P90016,LED Driver,Linh kiện quang điện tử,Tương thích hoàn toàn,0.85,Cần adapter chuyển đổi
P90005,LED RGB,Linh kiện quang điện tử,P90017,Bộ phát hiện quang,Linh kiện quang điện tử,Tương thích một phần,0.72,Có thể kết nối trực tiếp
P90006,LED Matrix,Linh kiện quang điện tử,P90007,LED Matrix,Linh kiện quang điện tử,Tương thích một phần,0.52,Cần adapter chuyển đổi
P90006,LED Matrix,Linh kiện quang điện tử,P90008,Màn hình LCD,Linh kiện quang điện tử,Không tương thích,0.17,Cần adapter chuyển đổi
P90006,LED Matrix,Linh kiện quang điện tử,P90009,Màn hình LCD,Linh kiện quang điện tử,Tương thích một phần,0.69,Cần nguồn điện phù hợp
P90006,LED Matrix,Linh kiện quang điện tử,P90010,Màn hình OLED,Linh kiện quang điện tử,Không tương thích,0.38,Cần cập nhật firmware
P90006,LED Matrix,Linh kiện quang điện tử,P90011,Màn hình OLED,Linh kiện quang điện tử,Tương thích một phần,0.55,Cần thiết bị trung gian
P90006,LED Matrix,Linh kiện quang điện tử,P90012,Phototransistor,Linh kiện quang điện tử,Không tương thích,0.19,Cần cấu hình thêm
P90006,LED Matrix,Linh kiện quang điện tử,P90013,Phototransistor,Linh kiện quang điện tử,Tương thích một phần,0.59,Cần cài đặt driver
P90006,LED Matrix,Linh kiện quang điện tử,P90014,Photoresistor (LDR),Linh kiện quang điện tử,Tương thích một phần,0.6,Cần phần mềm hỗ trợ
P90006,LED Matrix,Linh kiện quang điện tử,P90015,Opto-isolator,Linh kiện quang điện tử,Tương thích một phần,0.7,Cần adapter chuyển đổi
P90006,LED Matrix,Linh kiện quang điện tử,P90016,LED Driver,Linh kiện quang điện tử,Tương thích một phần,0.64,Cần phần mềm hỗ trợ
P90006,LED Matrix,Linh kiện quang điện tử,P90017,Bộ phát hiện quang,Linh kiện quang điện tử,Không tương thích,0.32,Cần thiết bị trung gian
P90007,LED Matrix,Linh kiện quang điện tử,P90008,Màn hình LCD,Linh kiện quang điện tử,Tương thích một phần,0.74,Có thể kết nối trực tiếp
P90007,LED Matrix,Linh kiện quang điện tử,P90009,Màn hình LCD,Linh kiện quang điện tử,Tương thích hoàn toàn,0.81,Cần adapter chuyển đổi
P90007,LED Matrix,Linh kiện quang điện tử,P90010,Màn hình OLED,Linh kiện quang điện tử,Tương thích hoàn toàn,0.93,Cần adapter chuyển đổi
P90007,LED Matrix,Linh kiện quang điện tử,P90011,Màn hình OLED,Linh kiện quang điện tử,Tương thích hoàn toàn,0.96,Có thể kết nối trực tiếp
P90007,LED Matrix,Linh kiện quang điện tử,P90012,Phototransistor,Linh kiện quang điện tử,Tương thích hoàn toàn,0.81,Cần thiết bị trung gian
P90007,LED Matrix,Linh kiện quang điện tử,P90013,Phototransistor,Linh kiện quang điện tử,Tương thích một phần,0.67,Cần cấu hình thêm
P90007,LED Matrix,Linh kiện quang điện tử,P90014,Photoresistor (LDR),Linh kiện quang điện tử,Không tương thích,0.21,Cần adapter chuyển đổi
P90007,LED Matrix,Linh kiện quang điện tử,P90015,Opto-isolator,Linh kiện quang điện tử,Tương thích một phần,0.69,Cần cấu hình thêm
P90007,LED Matrix,Linh kiện quang điện tử,P90016,LED Driver,Linh kiện quang điện tử,Không tương thích,0.08,Cần cấu hình thêm
P90007,LED Matrix,Linh kiện quang điện tử,P90017,Bộ phát hiện quang,Linh kiện quang điện tử,Không tương thích,0.15,Cần cấu hình thêm
P90008,Màn hình LCD,Linh kiện quang điện tử,P90009,Màn hình LCD,Linh kiện quang điện tử,Tương thích hoàn toàn,0.88,Cần cập nhật firmware
P90008,Màn hình LCD,Linh kiện quang điện tử,P90010,Màn hình OLED,Linh kiện quang điện tử,Tương thích một phần,0.59,Cần firmware tương thích
P90008,Màn hình LCD,Linh kiện quang điện tử,P90011,Màn hình OLED,Linh kiện quang điện tử,Tương thích một phần,0.59,Có thể kết nối trực tiếp
P90008,Màn hình LCD,Linh kiện quang điện tử,P90012,Phototransistor,Linh kiện quang điện tử,Không tương thích,0.07,Cần cập nhật firmware
P90008,Màn hình LCD,Linh kiện quang điện tử,P90013,Phototransistor,Linh kiện quang điện tử,Không tương thích,0.22,Cần cài đặt driver
P90008,Màn hình LCD,Linh kiện quang điện tử,P90014,Photoresistor (LDR),Linh kiện quang điện tử,Tương thích hoàn toàn,0.81,Cần firmware tương thích
P90008,Màn hình LCD,Linh kiện quang điện tử,P90015,Opto-isolator,Linh kiện quang điện tử,Tương thích hoàn toàn,0.81,Cần thiết bị trung gian
P90008,Màn hình LCD,Linh kiện quang điện tử,P90016,LED Driver,Linh kiện quang điện tử,Tương thích hoàn toàn,0.89,Cần adapter chuyển đổi
P90008,Màn hình LCD,Linh kiện quang điện tử,P90017,Bộ phát hiện quang,Linh kiện quang điện tử,Tương thích hoàn toàn,0.9,Cần phần mềm hỗ trợ
P90009,Màn hình LCD,Linh kiện quang điện tử,P90010,Màn hình OLED,Linh kiện quang điện tử,Tương thích hoàn toàn,0.91,Có thể kết nối trực tiếp
P90009,Màn hình LCD,Linh kiện quang điện tử,P90011,Màn hình OLED,Linh kiện quang điện tử,Tương thích hoàn toàn,0.93,Cần phần mềm hỗ trợ
P90009,Màn hình LCD,Linh kiện quang điện tử,P90012,Phototransistor,Linh kiện quang điện tử,Tương thích một phần,0.59,Cần firmware tương thích
P90009,Màn hình LCD,Linh kiện quang điện tử,P90013,Phototransistor,Linh kiện quang điện tử,Không tương thích,0.34,Cần driver phù hợp
P90009,Màn hình LCD,Linh kiện quang điện tử,P90014,Photoresistor (LDR),Linh kiện quang điện tử,Tương thích hoàn toàn,0.92,Cần thiết bị trung gian
P90009,Màn hình LCD,Linh kiện quang điện tử,P90015,Opto-isolator,Linh kiện quang điện tử,Tương thích hoàn toàn,0.86,Cần thiết bị trung gian
P90009,Màn hình LCD,Linh kiện quang điện tử,P90016,LED Driver,Linh kiện quang điện tử,Không tương thích,0.26,Cần nguồn điện phù hợp
P90009,Màn hình LCD,Linh kiện quang điện tử,P90017,Bộ phát hiện quang,Linh kiện quang điện tử,Không tương thích,0.07,Cần thiết bị trung gian
P90010,Màn hình OLED,Linh kiện quang điện tử,P90011,Màn hình OLED,Linh kiện quang điện tử,Tương thích một phần,0.54,Cần cập nhật firmware
P90010,Màn hình OLED,Linh kiện quang điện tử,P90012,Phototransistor,Linh kiện quang điện tử,Tương thích hoàn toàn,0.86,Cần adapter chuyển đổi
P90010,Màn hình OLED,Linh kiện quang điện tử,P90013,Phototransistor,Linh kiện quang điện tử,Không tương thích,0.34,Cần firmware tương thích
P90010,Màn hình OLED,Linh kiện quang điện tử,P90014,Photoresistor (LDR),Linh kiện quang điện tử,Tương thích một phần,0.6,Cần cài đặt driver
P90010,Màn hình OLED,Linh kiện quang điện tử,P90015,Opto-isolator,Linh kiện quang điện tử,Không tương thích,0.15,Cần cài đặt driver
P90010,Màn hình OLED,Linh kiện quang điện tử,P90016,LED Driver,Linh kiện quang điện tử,Tương thích một phần,0.63,Cần driver phù hợp
P90010,Màn hình OLED,Linh kiện quang điện tử,P90017,Bộ phát hiện quang,Linh kiện quang điện tử,Không tương thích,0.01,Cần cài đặt driver
P90011,Màn hình OLED,Linh kiện quang điện tử,P90012,Phototransistor,Linh kiện quang điện tử,Tương thích một phần,0.72,Cần cấu hình thêm
P90011,Màn hình OLED,Linh kiện quang điện tử,P90013,Phototransistor,Linh kiện quang điện tử,Tương thích hoàn toàn,0.94,Cần adapter chuyển đổi
P90011,Màn hình OLED,Linh kiện quang điện tử,P90014,Photoresistor (LDR),Linh kiện quang điện tử,Tương thích hoàn toàn,0.88,Cần adapter chuyển đổi
P90011,Màn hình OLED,Linh kiện quang điện tử,P90015,Opto-isolator,Linh kiện quang điện tử,Tương thích một phần,0.61,Có thể kết nối trực tiếp
P90011,Màn hình OLED,Linh kiện quang điện tử,P90016,LED Driver,Linh kiện quang điện tử,Tương thích một phần,0.63,Cần driver phù hợp
P90011,Màn hình OLED,Linh kiện quang điện tử,P90017,Bộ phát hiện quang,Linh kiện quang điện tử,Tương thích một phần,0.64,Cần cài đặt driver
P90012,Phototransistor,Linh kiện quang điện tử,P90013,Phototransistor,Linh kiện quang điện tử,Tương thích một phần,0.64,Cần adapter chuyển đổi
P90012,Phototransistor,Linh kiện quang điện tử,P90014,Photoresistor (LDR),Linh kiện quang điện tử,Tương thích một phần,0.76,Cần adapter chuyển đổi
P90012,Phototransistor,Linh kiện quang điện tử,P90015,Opto-isolator,Linh kiện quang điện tử,Tương thích một phần,0.78,Có thể kết nối trực tiếp
P90012,Phototransistor,Linh kiện quang điện tử,P90016,LED Driver,Linh kiện quang điện tử,Tương thích một phần,0.72,Cần cấu hình thêm
P90012,Phototransistor,Linh kiện quang điện tử,P90017,Bộ phát hiện quang,Linh kiện quang điện tử,Tương thích hoàn toàn,0.99,Cần thiết bị trung gian
P90013,Phototransistor,Linh kiện quang điện tử,P90014,Photoresistor (LDR),Linh kiện quang điện tử,Tương thích hoàn toàn,0.96,Có thể kết nối trực tiếp
P90013,Phototransistor,Linh kiện quang điện tử,P90015,Opto-isolator,Linh kiện quang điện tử,Tương thích một phần,0.73,Có thể kết nối trực tiếp
P90013,Phototransistor,Linh kiện quang điện tử,P90016,LED Driver,Linh kiện quang điện tử,Tương thích hoàn toàn,0.87,Cần driver phù hợp
P90013,Phototransistor,Linh kiện quang điện tử,P90017,Bộ phát hiện quang,Linh kiện quang điện tử,Không tương thích,0.17,Có thể kết nối trực tiếp
P90014,Photoresistor (LDR),Linh kiện quang điện tử,P90015,Opto-isolator,Linh kiện quang điện tử,Tương thích một phần,0.66,Cần cài đặt driver
P90014,Photoresistor (LDR),Linh kiện quang điện tử,P90016,LED Driver,Linh kiện quang điện tử,Tương thích hoàn toàn,1.0,Cần adapter chuyển đổi
P90014,Photoresistor (LDR),Linh kiện quang điện tử,P90017,Bộ phát hiện quang,Linh kiện quang điện tử,Không tương thích,0.03,Cần cập nhật firmware
P90015,Opto-isolator,Linh kiện quang điện tử,P90016,LED Driver,Linh kiện quang điện tử,Tương thích một phần,0.67,Cần nguồn điện phù hợp
P90015,Opto-isolator,Linh kiện quang điện tử,P90017,Bộ phát hiện quang,Linh kiện quang điện tử,Không tương thích,0.09,Cần phần mềm hỗ trợ
P90016,LED Driver,Linh kiện quang điện tử,P90017,Bộ phát hiện quang,Linh kiện quang điện tử,Tương thích một phần,0.56,Cần cài đặt driver
P10101,Động cơ DC,Linh kiện cơ điện tử,P10102,Động cơ DC,Linh kiện cơ điện tử,Tương thích một phần,0.63,Cần driver phù hợp
P10101,Động cơ DC,Linh kiện cơ điện tử,P10103,Động cơ DC,Linh kiện cơ điện tử,Không tương thích,0.11,Có thể kết nối trực tiếp
P10101,Động cơ DC,Linh kiện cơ điện tử,P10104,Động cơ servo,Linh kiện cơ điện tử,Tương thích hoàn toàn,0.89,Cần thiết bị trung gian
P10101,Động cơ DC,Linh kiện cơ điện tử,P10105,Động cơ servo,Linh kiện cơ điện tử,Tương thích một phần,0.75,Cần thiết bị trung gian
P10101,Động cơ DC,Linh kiện cơ điện tử,P10106,Động cơ bước,Linh kiện cơ điện tử,Không tương thích,0.09,Cần firmware tương thích
P10101,Động cơ DC,Linh kiện cơ điện tử,P10107,Động cơ bước,Linh kiện cơ điện tử,Tương thích hoàn toàn,0.87,Cần adapter chuyển đổi
P10101,Động cơ DC,Linh kiện cơ điện tử,P10108,Driver động cơ,Linh kiện cơ điện tử,Tương thích một phần,0.63,Cần driver phù hợp
P10101,Động cơ DC,Linh kiện cơ điện tử,P10109,Driver động cơ,Linh kiện cơ điện tử,Tương thích một phần,0.73,Có thể kết nối trực tiếp
P10101,Động cơ DC,Linh kiện cơ điện tử,P10110,Rơ-le,Linh kiện cơ điện tử,Tương thích một phần,0.52,Cần thiết bị trung gian
P10101,Động cơ DC,Linh kiện cơ điện tử,P10111,Rơ-le,Linh kiện cơ điện tử,Tương thích một phần,0.8,Cần cập nhật firmware
P10101,Động cơ DC,Linh kiện cơ điện tử,P10112,Solenoid,Linh kiện cơ điện tử,Tương thích hoàn toàn,0.92,Cần firmware tương thích
P10101,Động cơ DC,Linh kiện cơ điện tử,P10113,Solenoid,Linh kiện cơ điện tử,Tương thích một phần,0.51,Cần cập nhật firmware
P10101,Động cơ DC,Linh kiện cơ điện tử,P10114,Bánh răng & Pulley,Linh kiện cơ điện tử,Tương thích hoàn toàn,0.87,Có thể kết nối trực tiếp
P10101,Động cơ DC,Linh kiện cơ điện tử,P10115,Trục & Ổ trục,Linh kiện cơ điện tử,Không tương thích,0.06,Cần nguồn điện phù hợp
P10101,Động cơ DC,Linh kiện cơ điện tử,P10116,Khớp nối,Linh kiện cơ điện tử,Tương thích hoàn toàn,0.81,Cần thiết bị trung gian
P10101,Động cơ DC,Linh kiện cơ điện tử,P10117,Động cơ rung,Linh kiện cơ điện tử,Tương thích hoàn toàn,0.8,Cần firmware tương thích
P10102,Động cơ DC,Linh kiện cơ điện tử,P10103,Động cơ DC,Linh kiện cơ điện tử,Tương thích một phần,0.69,Có thể kết nối trực tiếp
P10102,Động cơ DC,Linh kiện cơ điện tử,P10104,Động cơ servo,Linh kiện cơ điện tử,Tương thích hoàn toàn,0.91,Cần firmware tương thích
P10102,Động cơ DC,Linh kiện cơ điện tử,P10105,Động cơ servo,Linh kiện cơ điện tử,Tương thích một phần,0.54,Cần driver phù hợp
P10102,Động cơ DC,Linh kiện cơ điện tử,P10106,Động cơ bước,Linh kiện cơ điện tử,Tương thích hoàn toàn,0.83,Có thể kết nối trực tiếp
P10102,Động cơ DC,Linh kiện cơ điện tử,P10107,Động cơ bước,Linh kiện cơ điện tử,Tương thích một phần,0.73,Cần phần mềm hỗ trợ
P10102,Động cơ DC,Linh kiện cơ điện tử,P10108,Driver động cơ,Linh kiện cơ điện tử,Không tương thích,0.21,Cần cấu hình thêm
P10102,Động cơ DC,Linh kiện cơ điện tử,P10109,Driver động cơ,Linh kiện cơ điện tử,Tương thích hoàn toàn,0.91,Cần driver phù hợp
P10102,Động cơ DC,Linh kiện cơ điện tử,P10110,Rơ-le,Linh kiện cơ điện tử,Tương thích một phần,0.8,Cần thiết bị trung gian
P10102,Động cơ DC,Linh kiện cơ điện tử,P10111,Rơ-le,Linh kiện cơ điện tử,Không tương thích,0.05,Cần adapter chuyển đổi
P10102,Động cơ DC,Linh kiện cơ điện tử,P10112,Solenoid,Linh kiện cơ điện tử,Tương thích một phần,0.65,Cần cài đặt driver
P10102,Động cơ DC,Linh kiện cơ điện tử,P10113,Solenoid,Linh kiện cơ điện tử,Tương thích một phần,0.69,Cần driver phù hợp
P10102,Động cơ DC,Linh kiện cơ điện tử,P10114,Bánh răng & Pulley,Linh kiện cơ điện tử,Tương thích hoàn toàn,0.91,Cần adapter chuyển đổi
P10102,Động cơ DC,Linh kiện cơ điện tử,P10115,Trục & Ổ trục,Linh kiện cơ điện tử,Tương thích một phần,0.69,Cần phần mềm hỗ trợ
P10102,Động cơ DC,Linh kiện cơ điện tử,P10116,Khớp nối,Linh kiện cơ điện tử,Không tương thích,0.35,Cần driver phù hợp
P10102,Động cơ DC,Linh kiện cơ điện tử,P10117,Động cơ rung,Linh kiện cơ điện tử,Tương thích một phần,0.6,Cần nguồn điện phù hợp
P10103,Động cơ DC,Linh kiện cơ điện tử,P10104,Động cơ servo,Linh kiện cơ điện tử,Tương thích một phần,0.7,Cần nguồn điện phù hợp
P10103,Động cơ DC,Linh kiện cơ điện tử,P10105,Động cơ servo,Linh kiện cơ điện tử,Tương thích một phần,0.72,Có thể kết nối trực tiếp
P10103,Động cơ DC,Linh kiện cơ điện tử,P10106,Động cơ bước,Linh kiện cơ điện tử,Tương thích một phần,0.67,Cần cài đặt driver
P10103,Động cơ DC,Linh kiện cơ điện tử,P10107,Động cơ bước,Linh kiện cơ điện tử,Không tương thích,0.28,Có thể kết nối trực tiếp
P10103,Động cơ DC,Linh kiện cơ điện tử,P10108,Driver động cơ,Linh kiện cơ điện tử,Tương thích một phần,0.69,Cần cài đặt driver
P10103,Động cơ DC,Linh kiện cơ điện tử,P10109,Driver động cơ,Linh kiện cơ điện tử,Tương thích hoàn toàn,0.84,Có thể kết nối trực tiếp
P10103,Động cơ DC,Linh kiện cơ điện tử,P10110,Rơ-le,Linh kiện cơ điện tử,Tương thích một phần,0.76,Có thể kết nối trực tiếp
P10103,Động cơ DC,Linh kiện cơ điện tử,P10111,Rơ-le,Linh kiện cơ điện tử,Tương thích một phần,0.58,Cần cấu hình thêm
P10103,Động cơ DC,Linh kiện cơ điện tử,P10112,Solenoid,Linh kiện cơ điện tử,Tương thích một phần,0.6,Cần firmware tương thích
P10103,Động cơ DC,Linh kiện cơ điện tử,P10113,Solenoid,Linh kiện cơ điện tử,Tương thích một phần,0.77,Cần driver phù hợp
P10103,Động cơ DC,Linh kiện cơ điện tử,P10114,Bánh răng & Pulley,Linh kiện cơ điện tử,Tương thích hoàn toàn,0.97,Cần adapter chuyển đổi
P10103,Động cơ DC,Linh kiện cơ điện tử,P10115,Trục & Ổ trục,Linh kiện cơ điện tử,Tương thích một phần,0.62,Cần adapter chuyển đổi
P10103,Động cơ DC,Linh kiện cơ điện tử,P10116,Khớp nối,Linh kiện cơ điện tử,Tương thích một phần,0.54,Cần firmware tương thích
P10103,Động cơ DC,Linh kiện cơ điện tử,P10117,Động cơ rung,Linh kiện cơ điện tử,Tương thích hoàn toàn,0.98,Cần cấu hình thêm
P10104,Động cơ servo,Linh kiện cơ điện tử,P10105,Động cơ servo,Linh kiện cơ điện tử,Không tương thích,0.37,Cần firmware tương thích
P10104,Động cơ servo,Linh kiện cơ điện tử,P10106,Động cơ bước,Linh kiện cơ điện tử,Tương thích một phần,0.73,Cần cập nhật firmware
P10104,Động cơ servo,Linh kiện cơ điện tử,P10107,Động cơ bước,Linh kiện cơ điện tử,Tương thích hoàn toàn,0.91,Cần cài đặt driver
P10104,Động cơ servo,Linh kiện cơ điện tử,P10108,Driver động cơ,Linh kiện cơ điện tử,Không tương thích,0.22,Cần cài đặt driver
P10104,Động cơ servo,Linh kiện cơ điện tử,P10109,Driver động cơ,Linh kiện cơ điện tử,Không tương thích,0.11,Cần firmware tương thích
P10104,Động cơ servo,Linh kiện cơ điện tử,P10110,Rơ-le,Linh kiện cơ điện tử,Tương thích hoàn toàn,0.88,Cần cài đặt driver
P10104,Động cơ servo,Linh kiện cơ điện tử,P10111,Rơ-le,Linh kiện cơ điện tử,Tương thích hoàn toàn,0.88,Có thể kết nối trực tiếp
P10104,Động cơ servo,Linh kiện cơ điện tử,P10112,Solenoid,Linh kiện cơ điện tử,Tương thích một phần,0.8,Cần cấu hình thêm
P10104,Động cơ servo,Linh kiện cơ điện tử,P10113,Solenoid,Linh kiện cơ điện tử,Tương thích một phần,0.7,Cần driver phù hợp
P10104,Động cơ servo,Linh kiện cơ điện tử,P10114,Bánh răng & Pulley,Linh kiện cơ điện tử,Tương thích hoàn toàn,0.98,Cần adapter chuyển đổi
P10104,Động cơ servo,Linh kiện cơ điện tử,P10115,Trục & Ổ trục,Linh kiện cơ điện tử,Tương thích một phần,0.67,Cần cập nhật firmware
P10104,Động cơ servo,Linh kiện cơ điện tử,P10116,Khớp nối,Linh kiện cơ điện tử,Tương thích hoàn toàn,0.88,Cần cài đặt driver
P10104,Động cơ servo,Linh kiện cơ điện tử,P10117,Động cơ rung,Linh kiện cơ điện tử,Tương thích một phần,0.53,Cần cài đặt driver
P10105,Động cơ servo,Linh kiện cơ điện tử,P10106,Động cơ bước,Linh kiện cơ điện tử,Tương thích một phần,0.58,Cần cài đặt driver
P10105,Động cơ servo,Linh kiện cơ điện tử,P10107,Động cơ bước,Linh kiện cơ điện tử,Tương thích hoàn toàn,0.8,Cần cài đặt driver
P10105,Động cơ servo,Linh kiện cơ điện tử,P10108,Driver động cơ,Linh kiện cơ điện tử,Tương thích hoàn toàn,1.0,Cần phần mềm hỗ trợ
P10105,Động cơ servo,Linh kiện cơ điện tử,P10109,Driver động cơ,Linh kiện cơ điện tử,Tương thích hoàn toàn,1.0,Cần nguồn điện phù hợp
P10105,Động cơ servo,Linh kiện cơ điện tử,P10110,Rơ-le,Linh kiện cơ điện tử,Tương thích một phần,0.67,Cần nguồn điện phù hợp
P10105,Động cơ servo,Linh kiện cơ điện tử,P10111,Rơ-le,Linh kiện cơ điện tử,Không tương thích,0.32,Cần cập nhật firmware
P10105,Động cơ servo,Linh kiện cơ điện tử,P10112,Solenoid,Linh kiện cơ điện tử,Tương thích hoàn toàn,0.96,Cần phần mềm hỗ trợ
P10105,Động cơ servo,Linh kiện cơ điện tử,P10113,Solenoid,Linh kiện cơ điện tử,Tương thích một phần,0.7,Cần cập nhật firmware
P10105,Động cơ servo,Linh kiện cơ điện tử,P10114,Bánh răng & Pulley,Linh kiện cơ điện tử,Không tương thích,0.15,Cần cấu hình thêm
P10105,Động cơ servo,Linh kiện cơ điện tử,P10115,Trục & Ổ trục,Linh kiện cơ điện tử,Không tương thích,0.01,Cần nguồn điện phù hợp
P10105,Động cơ servo,Linh kiện cơ điện tử,P10116,Khớp nối,Linh kiện cơ điện tử,Không tương thích,0.03,Cần cấu hình thêm
P10105,Động cơ servo,Linh kiện cơ điện tử,P10117,Động cơ rung,Linh kiện cơ điện tử,Tương thích hoàn toàn,0.87,Cần nguồn điện phù hợp
P10106,Động cơ bước,Linh kiện cơ điện tử,P10107,Động cơ bước,Linh kiện cơ điện tử,Tương thích một phần,0.57,Cần phần mềm hỗ trợ
P10106,Động cơ bước,Linh kiện cơ điện tử,P10108,Driver động cơ,Linh kiện cơ điện tử,Tương thích một phần,0.57,Cần thiết bị trung gian
P10106,Động cơ bước,Linh kiện cơ điện tử,P10109,Driver động cơ,Linh kiện cơ điện tử,Tương thích một phần,0.73,Cần cài đặt driver
P10106,Động cơ bước,Linh kiện cơ điện tử,P10110,Rơ-le,Linh kiện cơ điện tử,Tương thích một phần,0.61,Cần adapter chuyển đổi
P10106,Động cơ bước,Linh kiện cơ điện tử,P10111,Rơ-le,Linh kiện cơ điện tử,Không tương thích,0.3,Có thể kết nối trực tiếp
P10106,Động cơ bước,Linh kiện cơ điện tử,P10112,Solenoid,Linh kiện cơ điện tử,Không tương thích,0.27,Cần phần mềm hỗ trợ
P10106,Động cơ bước,Linh kiện cơ điện tử,P10113,Solenoid,Linh kiện cơ điện tử,Tương thích hoàn toàn,0.95,Cần phần mềm hỗ trợ
P10106,Động cơ bước,Linh kiện cơ điện tử,P10114,Bánh răng & Pulley,Linh kiện cơ điện tử,Không tương thích,0.31,Có thể kết nối trực tiếp
P10106,Động cơ bước,Linh kiện cơ điện tử,P10115,Trục & Ổ trục,Linh kiện cơ điện tử,Tương thích một phần,0.56,Có thể kết nối trực tiếp
P10106,Động cơ bước,Linh kiện cơ điện tử,P10116,Khớp nối,Linh kiện cơ điện tử,Tương thích một phần,0.66,Có thể kết nối trực tiếp
P10106,Động cơ bước,Linh kiện cơ điện tử,P10117,Động cơ rung,Linh kiện cơ điện tử,Tương thích một phần,0.7,Cần thiết bị trung gian
P10107,Động cơ bước,Linh kiện cơ điện tử,P10108,Driver động cơ,Linh kiện cơ điện tử,Tương thích hoàn toàn,0.99,Cần thiết bị trung gian
P10107,Động cơ bước,Linh kiện cơ điện tử,P10109,Driver động cơ,Linh kiện cơ điện tử,Tương thích hoàn toàn,0.9,Có thể kết nối trực tiếp
P10107,Động cơ bước,Linh kiện cơ điện tử,P10110,Rơ-le,Linh kiện cơ điện tử,Không tương thích,0.28,Cần cài đặt driver
P10107,Động cơ bước,Linh kiện cơ điện tử,P10111,Rơ-le,Linh kiện cơ điện tử,Tương thích một phần,0.66,Cần adapter chuyển đổi
P10107,Động cơ bước,Linh kiện cơ điện tử,P10112,Solenoid,Linh kiện cơ điện tử,Tương thích hoàn toàn,0.99,Cần driver phù hợp
P10107,Động cơ bước,Linh kiện cơ điện tử,P10113,Solenoid,Linh kiện cơ điện tử,Tương thích một phần,0.67,Cần cấu hình thêm
P10107,Động cơ bước,Linh kiện cơ điện tử,P10114,Bánh răng & Pulley,Linh kiện cơ điện tử,Tương thích hoàn toàn,0.97,Cần cài đặt driver
P10107,Động cơ bước,Linh kiện cơ điện tử,P10115,Trục & Ổ trục,Linh kiện cơ điện tử,Tương thích một phần,0.55,Cần driver phù hợp
P10107,Động cơ bước,Linh kiện cơ điện tử,P10116,Khớp nối,Linh kiện cơ điện tử,Tương thích một phần,0.72,Cần adapter chuyển đổi
P10107,Động cơ bước,Linh kiện cơ điện tử,P10117,Động cơ rung,Linh kiện cơ điện tử,Tương thích một phần,0.77,Cần adapter chuyển đổi
P10108,Driver động cơ,Linh kiện cơ điện tử,P10109,Driver động cơ,Linh kiện cơ điện tử,Tương thích một phần,0.58,Cần cập nhật firmware
P10108,Driver động cơ,Linh kiện cơ điện tử,P10110,Rơ-le,Linh kiện cơ điện tử,Không tương thích,0.34,Có thể kết nối trực tiếp
P10108,Driver động cơ,Linh kiện cơ điện tử,P10111,Rơ-le,Linh kiện cơ điện tử,Không tương thích,0.26,Cần cấu hình thêm
P10108,Driver động cơ,Linh kiện cơ điện tử,P10112,Solenoid,Linh kiện cơ điện tử,Tương thích hoàn toàn,0.81,Có thể kết nối trực tiếp
P10108,Driver động cơ,Linh kiện cơ điện tử,P10113,Solenoid,Linh kiện cơ điện tử,Tương thích hoàn toàn,0.97,Cần cập nhật firmware
P10108,Driver động cơ,Linh kiện cơ điện tử,P10114,Bánh răng & Pulley,Linh kiện cơ điện tử,Tương thích hoàn toàn,0.91,Cần cài đặt driver
P10108,Driver động cơ,Linh kiện cơ điện tử,P10115,Trục & Ổ trục,Linh kiện cơ điện tử,Tương thích một phần,0.7,Cần cập nhật firmware
P10108,Driver động cơ,Linh kiện cơ điện tử,P10116,Khớp nối,Linh kiện cơ điện tử,Tương thích một phần,0.66,Cần nguồn điện phù hợp
P10108,Driver động cơ,Linh kiện cơ điện tử,P10117,Động cơ rung,Linh kiện cơ điện tử,Tương thích hoàn toàn,0.9,Cần nguồn điện phù hợp
P10109,Driver động cơ,Linh kiện cơ điện tử,P10110,Rơ-le,Linh kiện cơ điện tử,Tương thích hoàn toàn,0.87,Cần thiết bị trung gian
P10109,Driver động cơ,Linh kiện cơ điện tử,P10111,Rơ-le,Linh kiện cơ điện tử,Tương thích hoàn toàn,0.86,Cần firmware tương thích
P10109,Driver động cơ,Linh kiện cơ điện tử,P10112,Solenoid,Linh kiện cơ điện tử,Tương thích hoàn toàn,0.84,Cần nguồn điện phù hợp
P10109,Driver động cơ,Linh kiện cơ điện tử,P10113,Solenoid,Linh kiện cơ điện tử,Tương thích một phần,0.61,Cần cài đặt driver
P10109,Driver động cơ,Linh kiện cơ điện tử,P10114,Bánh răng & Pulley,Linh kiện cơ điện tử,Tương thích một phần,0.7,Cần thiết bị trung gian
P10109,Driver động cơ,Linh kiện cơ điện tử,P10115,Trục & Ổ trục,Linh kiện cơ điện tử,Không tương thích,0.03,Cần thiết bị trung gian
P10109,Driver động cơ,Linh kiện cơ điện tử,P10116,Khớp nối,Linh kiện cơ điện tử,Tương thích một phần,0.63,Cần phần mềm hỗ trợ
P10109,Driver động cơ,Linh kiện cơ điện tử,P10117,Động cơ rung,Linh kiện cơ điện tử,Tương thích hoàn toàn,0.8,Có thể kết nối trực tiếp
P10110,Rơ-le,Linh kiện cơ điện tử,P10111,Rơ-le,Linh kiện cơ điện tử,Tương thích một phần,0.52,Cần thiết bị trung gian
P10110,Rơ-le,Linh kiện cơ điện tử,P10112,Solenoid,Linh kiện cơ điện tử,Không tương thích,0.21,Cần nguồn điện phù hợp
P10110,Rơ-le,Linh kiện cơ điện tử,P10113,Solenoid,Linh kiện cơ điện tử,Tương thích một phần,0.65,Cần thiết bị trung gian
P10110,Rơ-le,Linh kiện cơ điện tử,P10114,Bánh răng & Pulley,Linh kiện cơ điện tử,Tương thích hoàn toàn,0.97,Cần phần mềm hỗ trợ
P10110,Rơ-le,Linh kiện cơ điện tử,P10115,Trục & Ổ trục,Linh kiện cơ điện tử,Tương thích một phần,0.74,Cần phần mềm hỗ trợ
P10110,Rơ-le,Linh kiện cơ điện tử,P10116,Khớp nối,Linh kiện cơ điện tử,Tương thích một phần,0.8,Cần cập nhật firmware
P10110,Rơ-le,Linh kiện cơ điện tử,P10117,Động cơ rung,Linh kiện cơ điện tử,Tương thích hoàn toàn,0.9,Cần cấu hình thêm
P10111,Rơ-le,Linh kiện cơ điện tử,P10112,Solenoid,Linh kiện cơ điện tử,Tương thích một phần,0.51,Cần cập nhật firmware
P10111,Rơ-le,Linh kiện cơ điện tử,P10113,Solenoid,Linh kiện cơ điện tử,Không tương thích,0.18,Cần cài đặt driver
P10111,Rơ-le,Linh kiện cơ điện tử,P10114,Bánh răng & Pulley,Linh kiện cơ điện tử,Không tương thích,0.23,Cần cấu hình thêm
P10111,Rơ-le,Linh kiện cơ điện tử,P10115,Trục & Ổ trục,Linh kiện cơ điện tử,Tương thích hoàn toàn,0.92,Cần thiết bị trung gian
P10111,Rơ-le,Linh kiện cơ điện tử,P10116,Khớp nối,Linh kiện cơ điện tử,Tương thích một phần,0.67,Có thể kết nối trực tiếp
P10111,Rơ-le,Linh kiện cơ điện tử,P10117,Động cơ rung,Linh kiện cơ điện tử,Không tương thích,0.21,Cần cấu hình thêm
P10112,Solenoid,Linh kiện cơ điện tử,P10113,Solenoid,Linh kiện cơ điện tử,Tương thích một phần,0.56,Cần thiết bị trung gian
P10112,Solenoid,Linh kiện cơ điện tử,P10114,Bánh răng & Pulley,Linh kiện cơ điện tử,Tương thích hoàn toàn,0.85,Có thể kết nối trực tiếp
P10112,Solenoid,Linh kiện cơ điện tử,P10115,Trục & Ổ trục,Linh kiện cơ điện tử,Tương thích hoàn toàn,0.99,Cần cài đặt driver
P10112,Solenoid,Linh kiện cơ điện tử,P10116,Khớp nối,Linh kiện cơ điện tử,Tương thích một phần,0.67,Cần nguồn điện phù hợp
P10112,Solenoid,Linh kiện cơ điện tử,P10117,Động cơ rung,Linh kiện cơ điện tử,Không tương thích,0.31,Cần firmware tương thích
P10113,Solenoid,Linh kiện cơ điện tử,P10114,Bánh răng & Pulley,Linh kiện cơ điện tử,Tương thích hoàn toàn,0.83,Cần cấu hình thêm
P10113,Solenoid,Linh kiện cơ điện tử,P10115,Trục & Ổ trục,Linh kiện cơ điện tử,Tương thích hoàn toàn,1.0,Cần phần mềm hỗ trợ
P10113,Solenoid,Linh kiện cơ điện tử,P10116,Khớp nối,Linh kiện cơ điện tử,Tương thích hoàn toàn,0.97,Cần nguồn điện phù hợp
P10113,Solenoid,Linh kiện cơ điện tử,P10117,Động cơ rung,Linh kiện cơ điện tử,Không tương thích,0.06,Có thể kết nối trực tiếp
P10114,Bánh răng & Pulley,Linh kiện cơ điện tử,P10115,Trục & Ổ trục,Linh kiện cơ điện tử,Không tương thích,0.1,Cần driver phù hợp
P10114,Bánh răng & Pulley,Linh kiện cơ điện tử,P10116,Khớp nối,Linh kiện cơ điện tử,Tương thích một phần,0.56,Cần nguồn điện phù hợp
P10114,Bánh răng & Pulley,Linh kiện cơ điện tử,P10117,Động cơ rung,Linh kiện cơ điện tử,Tương thích một phần,0.78,Cần cấu hình thêm
P10115,Trục & Ổ trục,Linh kiện cơ điện tử,P10116,Khớp nối,Linh kiện cơ điện tử,Không tương thích,0.04,Cần cấu hình thêm
P10115,Trục & Ổ trục,Linh kiện cơ điện tử,P10117,Động cơ rung,Linh kiện cơ điện tử,Không tương thích,0.34,Cần driver phù hợp
P10116,Khớp nối,Linh kiện cơ điện tử,P10117,Động cơ rung,Linh kiện cơ điện tử,Không tương thích,0.33,Cần cập nhật firmware
P11101,Loa,Thiết bị âm thanh,P11102,Loa,Thiết bị âm thanh,Tương thích hoàn toàn,0.85,Cần cập nhật firmware
P11101,Loa,Thiết bị âm thanh,P11103,Loa,Thiết bị âm thanh,Tương thích hoàn toàn,0.92,Cần adapter chuyển đổi
P11101,Loa,Thiết bị âm thanh,P11104,Micro,Thiết bị âm thanh,Tương thích hoàn toàn,0.87,Cần phần mềm hỗ trợ
P11101,Loa,Thiết bị âm thanh,P11105,Micro,Thiết bị âm thanh,Tương thích một phần,0.73,Có thể kết nối trực tiếp
P11101,Loa,Thiết bị âm thanh,P11106,Bộ khuếch đại âm thanh,Thiết bị âm thanh,Tương thích hoàn toàn,0.84,Cần cấu hình thêm
P11101,Loa,Thiết bị âm thanh,P11107,Bộ khuếch đại âm thanh,Thiết bị âm thanh,Tương thích hoàn toàn,0.96,Cần adapter chuyển đổi
P11101,Loa,Thiết bị âm thanh,P11108,Module phát âm,Thiết bị âm thanh,Tương thích một phần,0.75,Cần firmware tương thích
P11101,Loa,Thiết bị âm thanh,P11109,Module phát âm,Thiết bị âm thanh,Tương thích một phần,0.71,Cần nguồn điện phù hợp
P11101,Loa,Thiết bị âm thanh,P11110,IC xử lý âm thanh,Thiết bị âm thanh,Tương thích hoàn toàn,0.83,Cần phần mềm hỗ trợ
P11101,Loa,Thiết bị âm thanh,P11111,IC xử lý âm thanh,Thiết bị âm thanh,Không tương thích,0.37,Cần driver phù hợp
P11101,Loa,Thiết bị âm thanh,P11112,Bộ lọc âm thanh,Thiết bị âm thanh,Tương thích một phần,0.64,Cần cài đặt driver
P11101,Loa,Thiết bị âm thanh,P11113,Bộ lọc âm thanh,Thiết bị âm thanh,Không tương thích,0.21,Cần firmware tương thích
P11101,Loa,Thiết bị âm thanh,P11114,Jack âm thanh,Thiết bị âm thanh,Không tương thích,0.14,Có thể kết nối trực tiếp
P11101,Loa,Thiết bị âm thanh,P11115,Module Bluetooth Audio,Thiết bị âm thanh,Không tương thích,0.29,Cần nguồn điện phù hợp
P11101,Loa,Thiết bị âm thanh,P11116,Phản hồi xúc giác,Thiết bị âm thanh,Tương thích một phần,0.54,Có thể kết nối trực tiếp
P11101,Loa,Thiết bị âm thanh,P11117,Còi & Buzzer,Thiết bị âm thanh,Không tương thích,0.35,Cần cài đặt driver
P11102,Loa,Thiết bị âm thanh,P11103,Loa,Thiết bị âm thanh,Không tương thích,0.0,Cần driver phù hợp
P11102,Loa,Thiết bị âm thanh,P11104,Micro,Thiết bị âm thanh,Tương thích một phần,0.8,Cần nguồn điện phù hợp
P11102,Loa,Thiết bị âm thanh,P11105,Micro,Thiết bị âm thanh,Tương thích một phần,0.53,Cần cấu hình thêm
P11102,Loa,Thiết bị âm thanh,P11106,Bộ khuếch đại âm thanh,Thiết bị âm thanh,Tương thích hoàn toàn,0.88,Cần driver phù hợp
P11102,Loa,Thiết bị âm thanh,P11107,Bộ khuếch đại âm thanh,Thiết bị âm thanh,Tương thích một phần,0.6,Cần firmware tương thích
P11102,Loa,Thiết bị âm thanh,P11108,Module phát âm,Thiết bị âm thanh,Không tương thích,0.3,Cần adapter chuyển đổi
P11102,Loa,Thiết bị âm thanh,P11109,Module phát âm,Thiết bị âm thanh,Tương thích hoàn toàn,0.98,Cần thiết bị trung gian
P11102,Loa,Thiết bị âm thanh,P11110,IC xử lý âm thanh,Thiết bị âm thanh,Tương thích hoàn toàn,0.87,Cần cài đặt driver
P11102,Loa,Thiết bị âm thanh,P11111,IC xử lý âm thanh,Thiết bị âm thanh,Tương thích hoàn toàn,0.84,Cần cập nhật firmware
P11102,Loa,Thiết bị âm thanh,P11112,Bộ lọc âm thanh,Thiết bị âm thanh,Tương thích một phần,0.77,Cần cài đặt driver
P11102,Loa,Thiết bị âm thanh,P11113,Bộ lọc âm thanh,Thiết bị âm thanh,Tương thích hoàn toàn,0.82,Cần firmware tương thích
P11102,Loa,Thiết bị âm thanh,P11114,Jack âm thanh,Thiết bị âm thanh,Không tương thích,0.06,Có thể kết nối trực tiếp
P11102,Loa,Thiết bị âm thanh,P11115,Module Bluetooth Audio,Thiết bị âm thanh,Không tương thích,0.35,Cần nguồn điện phù hợp
P11102,Loa,Thiết bị âm thanh,P11116,Phản hồi xúc giác,Thiết bị âm thanh,Tương thích một phần,0.69,Cần cấu hình thêm
P11102,Loa,Thiết bị âm thanh,P11117,Còi & Buzzer,Thiết bị âm thanh,Tương thích hoàn toàn,0.94,Cần cài đặt driver
P11103,Loa,Thiết bị âm thanh,P11104,Micro,Thiết bị âm thanh,Tương thích một phần,0.71,Cần cài đặt driver
P11103,Loa,Thiết bị âm thanh,P11105,Micro,Thiết bị âm thanh,Tương thích hoàn toàn,0.9,Cần adapter chuyển đổi
P11103,Loa,Thiết bị âm thanh,P11106,Bộ khuếch đại âm thanh,Thiết bị âm thanh,Tương thích hoàn toàn,0.98,Cần firmware tương thích
P11103,Loa,Thiết bị âm thanh,P11107,Bộ khuếch đại âm thanh,Thiết bị âm thanh,Tương thích một phần,0.69,Cần driver phù hợp
P11103,Loa,Thiết bị âm thanh,P11108,Module phát âm,Thiết bị âm thanh,Tương thích hoàn toàn,0.95,Cần firmware tương thích
P11103,Loa,Thiết bị âm thanh,P11109,Module phát âm,Thiết bị âm thanh,Tương thích hoàn toàn,0.96,Cần firmware tương thích
P11103,Loa,Thiết bị âm thanh,P11110,IC xử lý âm thanh,Thiết bị âm thanh,Tương thích hoàn toàn,0.94,Cần driver phù hợp
P11103,Loa,Thiết bị âm thanh,P11111,IC xử lý âm thanh,Thiết bị âm thanh,Tương thích một phần,0.61,Cần firmware tương thích
P11103,Loa,Thiết bị âm thanh,P11112,Bộ lọc âm thanh,Thiết bị âm thanh,Tương thích hoàn toàn,0.95,Cần nguồn điện phù hợp
P11103,Loa,Thiết bị âm thanh,P11113,Bộ lọc âm thanh,Thiết bị âm thanh,Không tương thích,0.22,Cần nguồn điện phù hợp
P11103,Loa,Thiết bị âm thanh,P11114,Jack âm thanh,Thiết bị âm thanh,Tương thích một phần,0.69,Cần cập nhật firmware
P11103,Loa,Thiết bị âm thanh,P11115,Module Bluetooth Audio,Thiết bị âm thanh,Tương thích một phần,0.51,Cần firmware tương thích
P11103,Loa,Thiết bị âm thanh,P11116,Phản hồi xúc giác,Thiết bị âm thanh,Tương thích một phần,0.72,Cần thiết bị trung gian
P11103,Loa,Thiết bị âm thanh,P11117,Còi & Buzzer,Thiết bị âm thanh,Tương thích hoàn toàn,0.88,Cần phần mềm hỗ trợ
P11104,Micro,Thiết bị âm thanh,P11105,Micro,Thiết bị âm thanh,Tương thích một phần,0.51,Cần nguồn điện phù hợp
P11104,Micro,Thiết bị âm thanh,P11106,Bộ khuếch đại âm thanh,Thiết bị âm thanh,Tương thích hoàn toàn,0.83,Cần phần mềm hỗ trợ
P11104,Micro,Thiết bị âm thanh,P11107,Bộ khuếch đại âm thanh,Thiết bị âm thanh,Tương thích hoàn toàn,0.88,Cần firmware tương thích
P11104,Micro,Thiết bị âm thanh,P11108,Module phát âm,Thiết bị âm thanh,Tương thích một phần,0.61,Cần phần mềm hỗ trợ
P11104,Micro,Thiết bị âm thanh,P11109,Module phát âm,Thiết bị âm thanh,Tương thích hoàn toàn,0.85,Cần firmware tương thích
P11104,Micro,Thiết bị âm thanh,P11110,IC xử lý âm thanh,Thiết bị âm thanh,Tương thích hoàn toàn,0.85,Cần cập nhật firmware
P11104,Micro,Thiết bị âm thanh,P11111,IC xử lý âm thanh,Thiết bị âm thanh,Tương thích một phần,0.55,Cần cài đặt driver
P11104,Micro,Thiết bị âm thanh,P11112,Bộ lọc âm thanh,Thiết bị âm thanh,Tương thích hoàn toàn,0.92,Cần thiết bị trung gian
P11104,Micro,Thiết bị âm thanh,P11113,Bộ lọc âm thanh,Thiết bị âm thanh,Tương thích một phần,0.72,Cần thiết bị trung gian
P11104,Micro,Thiết bị âm thanh,P11114,Jack âm thanh,Thiết bị âm thanh,Tương thích một phần,0.77,Cần firmware tương thích
P11104,Micro,Thiết bị âm thanh,P11115,Module Bluetooth Audio,Thiết bị âm thanh,Tương thích hoàn toàn,0.93,Cần cấu hình thêm
P11104,Micro,Thiết bị âm thanh,P11116,Phản hồi xúc giác,Thiết bị âm thanh,Tương thích một phần,0.68,Cần cấu hình thêm
P11104,Micro,Thiết bị âm thanh,P11117,Còi & Buzzer,Thiết bị âm thanh,Tương thích một phần,0.57,Cần driver phù hợp
P11105,Micro,Thiết bị âm thanh,P11106,Bộ khuếch đại âm thanh,Thiết bị âm thanh,Tương thích hoàn toàn,0.9,Cần phần mềm hỗ trợ
P11105,Micro,Thiết bị âm thanh,P11107,Bộ khuếch đại âm thanh,Thiết bị âm thanh,Tương thích hoàn toàn,0.9,Cần cập nhật firmware
P11105,Micro,Thiết bị âm thanh,P11108,Module phát âm,Thiết bị âm thanh,Tương thích hoàn toàn,0.9,Cần cấu hình thêm
P11105,Micro,Thiết bị âm thanh,P11109,Module phát âm,Thiết bị âm thanh,Tương thích hoàn toàn,0.92,Cần cấu hình thêm
P11105,Micro,Thiết bị âm thanh,P11110,IC xử lý âm thanh,Thiết bị âm thanh,Không tương thích,0.28,Cần cập nhật firmware
P11105,Micro,Thiết bị âm thanh,P11111,IC xử lý âm thanh,Thiết bị âm thanh,Tương thích một phần,0.65,Cần phần mềm hỗ trợ
P11105,Micro,Thiết bị âm thanh,P11112,Bộ lọc âm thanh,Thiết bị âm thanh,Tương thích hoàn toàn,0.94,Cần nguồn điện phù hợp
P11105,Micro,Thiết bị âm thanh,P11113,Bộ lọc âm thanh,Thiết bị âm thanh,Tương thích một phần,0.69,Cần phần mềm hỗ trợ
P11105,Micro,Thiết bị âm thanh,P11114,Jack âm thanh,Thiết bị âm thanh,Tương thích một phần,0.66,Cần cấu hình thêm
P11105,Micro,Thiết bị âm thanh,P11115,Module Bluetooth Audio,Thiết bị âm thanh,Không tương thích,0.31,Có thể kết nối trực tiếp
P11105,Micro,Thiết bị âm thanh,P11116,Phản hồi xúc giác,Thiết bị âm thanh,Không tương thích,0.35,Cần phần mềm hỗ trợ
P11105,Micro,Thiết bị âm thanh,P11117,Còi & Buzzer,Thiết bị âm thanh,Tương thích hoàn toàn,0.91,Có thể kết nối trực tiếp
P11106,Bộ khuếch đại âm thanh,Thiết bị âm thanh,P11107,Bộ khuếch đại âm thanh,Thiết bị âm thanh,Không tương thích,0.36,Cần cập nhật firmware
P11106,Bộ khuếch đại âm thanh,Thiết bị âm thanh,P11108,Module phát âm,Thiết bị âm thanh,Tương thích hoàn toàn,0.94,Cần driver phù hợp
P11106,Bộ khuếch đại âm thanh,Thiết bị âm thanh,P11109,Module phát âm,Thiết bị âm thanh,Tương thích hoàn toàn,0.96,Cần nguồn điện phù hợp
P11106,Bộ khuếch đại âm thanh,Thiết bị âm thanh,P11110,IC xử lý âm thanh,Thiết bị âm thanh,Tương thích một phần,0.77,Cần phần mềm hỗ trợ
P11106,Bộ khuếch đại âm thanh,Thiết bị âm thanh,P11111,IC xử lý âm thanh,Thiết bị âm thanh,Không tương thích,0.29,Cần cài đặt driver
P11106,Bộ khuếch đại âm thanh,Thiết bị âm thanh,P11112,Bộ lọc âm thanh,Thiết bị âm thanh,Tương thích hoàn toàn,1.0,Cần driver phù hợp
P11106,Bộ khuếch đại âm thanh,Thiết bị âm thanh,P11113,Bộ lọc âm thanh,Thiết bị âm thanh,Không tương thích,0.14,Cần driver phù hợp
P11106,Bộ khuếch đại âm thanh,Thiết bị âm thanh,P11114,Jack âm thanh,Thiết bị âm thanh,Tương thích hoàn toàn,0.92,Cần thiết bị trung gian
P11106,Bộ khuếch đại âm thanh,Thiết bị âm thanh,P11115,Module Bluetooth Audio,Thiết bị âm thanh,Tương thích một phần,0.58,Cần driver phù hợp
P11106,Bộ khuếch đại âm thanh,Thiết bị âm thanh,P11116,Phản hồi xúc giác,Thiết bị âm thanh,Không tương thích,0.22,Cần firmware tương thích
P11106,Bộ khuếch đại âm thanh,Thiết bị âm thanh,P11117,Còi & Buzzer,Thiết bị âm thanh,Tương thích một phần,0.54,Cần cài đặt driver
P11107,Bộ khuếch đại âm thanh,Thiết bị âm thanh,P11108,Module phát âm,Thiết bị âm thanh,Tương thích một phần,0.61,Cần cấu hình thêm
P11107,Bộ khuếch đại âm thanh,Thiết bị âm thanh,P11109,Module phát âm,Thiết bị âm thanh,Tương thích một phần,0.79,Cần cài đặt driver
P11107,Bộ khuếch đại âm thanh,Thiết bị âm thanh,P11110,IC xử lý âm thanh,Thiết bị âm thanh,Tương thích một phần,0.51,Cần thiết bị trung gian
P11107,Bộ khuếch đại âm thanh,Thiết bị âm thanh,P11111,IC xử lý âm thanh,Thiết bị âm thanh,Tương thích một phần,0.63,Cần phần mềm hỗ trợ
P11107,Bộ khuếch đại âm thanh,Thiết bị âm thanh,P11112,Bộ lọc âm thanh,Thiết bị âm thanh,Tương thích một phần,0.61,Cần driver phù hợp
P11107,Bộ khuếch đại âm thanh,Thiết bị âm thanh,P11113,Bộ lọc âm thanh,Thiết bị âm thanh,Tương thích một phần,0.57,Cần cập nhật firmware
P11107,Bộ khuếch đại âm thanh,Thiết bị âm thanh,P11114,Jack âm thanh,Thiết bị âm thanh,Tương thích hoàn toàn,0.88,Có thể kết nối trực tiếp
P11107,Bộ khuếch đại âm thanh,Thiết bị âm thanh,P11115,Module Bluetooth Audio,Thiết bị âm thanh,Tương thích một phần,0.78,Cần thiết bị trung gian
P11107,Bộ khuếch đại âm thanh,Thiết bị âm thanh,P11116,Phản hồi xúc giác,Thiết bị âm thanh,Tương thích một phần,0.56,Cần phần mềm hỗ trợ
P11107,Bộ khuếch đại âm thanh,Thiết bị âm thanh,P11117,Còi & Buzzer,Thiết bị âm thanh,Tương thích một phần,0.55,Cần thiết bị trung gian
P11108,Module phát âm,Thiết bị âm thanh,P11109,Module phát âm,Thiết bị âm thanh,Tương thích một phần,0.74,Cần cài đặt driver
P11108,Module phát âm,Thiết bị âm thanh,P11110,IC xử lý âm thanh,Thiết bị âm thanh,Không tương thích,0.4,Cần adapter chuyển đổi
P11108,Module phát âm,Thiết bị âm thanh,P11111,IC xử lý âm thanh,Thiết bị âm thanh,Tương thích một phần,0.54,Cần nguồn điện phù hợp
P11108,Module phát âm,Thiết bị âm thanh,P11112,Bộ lọc âm thanh,Thiết bị âm thanh,Tương thích một phần,0.79,Cần thiết bị trung gian
P11108,Module phát âm,Thiết bị âm thanh,P11113,Bộ lọc âm thanh,Thiết bị âm thanh,Tương thích một phần,0.61,Cần driver phù hợp
P11108,Module phát âm,Thiết bị âm thanh,P11114,Jack âm thanh,Thiết bị âm thanh,Tương thích một phần,0.55,Có thể kết nối trực tiếp
P11108,Module phát âm,Thiết bị âm thanh,P11115,Module Bluetooth Audio,Thiết bị âm thanh,Không tương thích,0.16,Cần driver phù hợp
P11108,Module phát âm,Thiết bị âm thanh,P11116,Phản hồi xúc giác,Thiết bị âm thanh,Tương thích hoàn toàn,0.83,Cần adapter chuyển đổi
P11108,Module phát âm,Thiết bị âm thanh,P11117,Còi & Buzzer,Thiết bị âm thanh,Tương thích một phần,0.53,Cần phần mềm hỗ trợ
P11109,Module phát âm,Thiết bị âm thanh,P11110,IC xử lý âm thanh,Thiết bị âm thanh,Không tương thích,0.31,Cần cập nhật firmware
P11109,Module phát âm,Thiết bị âm thanh,P11111,IC xử lý âm thanh,Thiết bị âm thanh,Tương thích hoàn toàn,0.89,Cần adapter chuyển đổi
P11109,Module phát âm,Thiết bị âm thanh,P11112,Bộ lọc âm thanh,Thiết bị âm thanh,Tương thích một phần,0.69,Cần firmware tương thích
P11109,Module phát âm,Thiết bị âm thanh,P11113,Bộ lọc âm thanh,Thiết bị âm thanh,Không tương thích,0.22,Cần cài đặt driver
P11109,Module phát âm,Thiết bị âm thanh,P11114,Jack âm thanh,Thiết bị âm thanh,Tương thích hoàn toàn,0.8,Cần phần mềm hỗ trợ
P11109,Module phát âm,Thiết bị âm thanh,P11115,Module Bluetooth Audio,Thiết bị âm thanh,Không tương thích,0.31,Cần driver phù hợp
P11109,Module phát âm,Thiết bị âm thanh,P11116,Phản hồi xúc giác,Thiết bị âm thanh,Tương thích một phần,0.7,Cần thiết bị trung gian
P11109,Module phát âm,Thiết bị âm thanh,P11117,Còi & Buzzer,Thiết bị âm thanh,Tương thích một phần,0.64,Cần driver phù hợp
P11110,IC xử lý âm thanh,Thiết bị âm thanh,P11111,IC xử lý âm thanh,Thiết bị âm thanh,Không tương thích,0.13,Cần cài đặt driver
P11110,IC xử lý âm thanh,Thiết bị âm thanh,P11112,Bộ lọc âm thanh,Thiết bị âm thanh,Tương thích hoàn toàn,0.83,Cần cấu hình thêm
P11110,IC xử lý âm thanh,Thiết bị âm thanh,P11113,Bộ lọc âm thanh,Thiết bị âm thanh,Tương thích hoàn toàn,0.84,Cần cập nhật firmware
P11110,IC xử lý âm thanh,Thiết bị âm thanh,P11114,Jack âm thanh,Thiết bị âm thanh,Tương thích một phần,0.66,Cần driver phù hợp
P11110,IC xử lý âm thanh,Thiết bị âm thanh,P11115,Module Bluetooth Audio,Thiết bị âm thanh,Tương thích một phần,0.77,Cần cấu hình thêm
P11110,IC xử lý âm thanh,Thiết bị âm thanh,P11116,Phản hồi xúc giác,Thiết bị âm thanh,Tương thích một phần,0.77,Cần thiết bị trung gian
P11110,IC xử lý âm thanh,Thiết bị âm thanh,P11117,Còi & Buzzer,Thiết bị âm thanh,Tương thích một phần,0.66,Cần nguồn điện phù hợp
P11111,IC xử lý âm thanh,Thiết bị âm thanh,P11112,Bộ lọc âm thanh,Thiết bị âm thanh,Không tương thích,0.29,Cần driver phù hợp
P11111,IC xử lý âm thanh,Thiết bị âm thanh,P11113,Bộ lọc âm thanh,Thiết bị âm thanh,Tương thích hoàn toàn,0.86,Cần nguồn điện phù hợp
P11111,IC xử lý âm thanh,Thiết bị âm thanh,P11114,Jack âm thanh,Thiết bị âm thanh,Tương thích một phần,0.58,Cần phần mềm hỗ trợ
P11111,IC xử lý âm thanh,Thiết bị âm thanh,P11115,Module Bluetooth Audio,Thiết bị âm thanh,Không tương thích,0.28,Có thể kết nối trực tiếp
P11111,IC xử lý âm thanh,Thiết bị âm thanh,P11116,Phản hồi xúc giác,Thiết bị âm thanh,Tương thích hoàn toàn,0.89,Cần phần mềm hỗ trợ
P11111,IC xử lý âm thanh,Thiết bị âm thanh,P11117,Còi & Buzzer,Thiết bị âm thanh,Tương thích một phần,0.51,Có thể kết nối trực tiếp
P11112,Bộ lọc âm thanh,Thiết bị âm thanh,P11113,Bộ lọc âm thanh,Thiết bị âm thanh,Tương thích một phần,0.52,Cần cập nhật firmware
P11112,Bộ lọc âm thanh,Thiết bị âm thanh,P11114,Jack âm thanh,Thiết bị âm thanh,Tương thích hoàn toàn,0.83,Cần thiết bị trung gian
P11112,Bộ lọc âm thanh,Thiết bị âm thanh,P11115,Module Bluetooth Audio,Thiết bị âm thanh,Tương thích hoàn toàn,0.97,Cần thiết bị trung gian
P11112,Bộ lọc âm thanh,Thiết bị âm thanh,P11116,Phản hồi xúc giác,Thiết bị âm thanh,Không tương thích,0.23,Cần phần mềm hỗ trợ
P11112,Bộ lọc âm thanh,Thiết bị âm thanh,P11117,Còi & Buzzer,Thiết bị âm thanh,Không tương thích,0.08,Cần cập nhật firmware
P11113,Bộ lọc âm thanh,Thiết bị âm thanh,P11114,Jack âm thanh,Thiết bị âm thanh,Tương thích hoàn toàn,0.91,Cần cài đặt driver
P11113,Bộ lọc âm thanh,Thiết bị âm thanh,P11115,Module Bluetooth Audio,Thiết bị âm thanh,Tương thích một phần,0.66,Cần driver phù hợp
P11113,Bộ lọc âm thanh,Thiết bị âm thanh,P11116,Phản hồi xúc giác,Thiết bị âm thanh,Tương thích hoàn toàn,0.88,Cần phần mềm hỗ trợ
P11113,Bộ lọc âm thanh,Thiết bị âm thanh,P11117,Còi & Buzzer,Thiết bị âm thanh,Tương thích một phần,0.6,Cần driver phù hợp
P11114,Jack âm thanh,Thiết bị âm thanh,P11115,Module Bluetooth Audio,Thiết bị âm thanh,Tương thích hoàn toàn,0.99,Có thể kết nối trực tiếp
P11114,Jack âm thanh,Thiết bị âm thanh,P11116,Phản hồi xúc giác,Thiết bị âm thanh,Tương thích một phần,0.61,Có thể kết nối trực tiếp
P11114,Jack âm thanh,Thiết bị âm thanh,P11117,Còi & Buzzer,Thiết bị âm thanh,Tương thích hoàn toàn,0.92,Cần cập nhật firmware
P11115,Module Bluetooth Audio,Thiết bị âm thanh,P11116,Phản hồi xúc giác,Thiết bị âm thanh,Tương thích một phần,0.5,Cần nguồn điện phù hợp
P11115,Module Bluetooth Audio,Thiết bị âm thanh,P11117,Còi & Buzzer,Thiết bị âm thanh,Tương thích một phần,0.57,Cần cấu hình thêm
P11116,Phản hồi xúc giác,Thiết bị âm thanh,P11117,Còi & Buzzer,Thiết bị âm thanh,Tương thích một phần,0.69,Cần firmware tương thích
P12101,Bộ điều khiển thông minh,Thiết bị IoT,P12102,Bộ điều khiển thông minh,Thiết bị IoT,Tương thích một phần,0.55,Cần nguồn điện phù hợp
P12101,Bộ điều khiển thông minh,Thiết bị IoT,P12103,Bộ điều khiển thông minh,Thiết bị IoT,Không tương thích,0.11,Có thể kết nối trực tiếp
P12101,Bộ điều khiển thông minh,Thiết bị IoT,P12104,Cảm biến thông minh,Thiết bị IoT,Tương thích một phần,0.64,Cần adapter chuyển đổi
P12101,Bộ điều khiển thông minh,Thiết bị IoT,P12105,Cảm biến thông minh,Thiết bị IoT,Tương thích hoàn toàn,0.81,Cần cập nhật firmware
P12101,Bộ điều khiển thông minh,Thiết bị IoT,P12106,Gateway IoT,Thiết bị IoT,Tương thích một phần,0.77,Cần cấu hình thêm
P12101,Bộ điều khiển thông minh,Thiết bị IoT,P12107,Gateway IoT,Thiết bị IoT,Tương thích hoàn toàn,0.89,Có thể kết nối trực tiếp
P12101,Bộ điều khiển thông minh,Thiết bị IoT,P12108,Module giám sát,Thiết bị IoT,Tương thích hoàn toàn,0.88,Cần firmware tương thích
P12101,Bộ điều khiển thông minh,Thiết bị IoT,P12109,Module giám sát,Thiết bị IoT,Tương thích hoàn toàn,0.84,Cần cấu hình thêm
P12101,Bộ điều khiển thông minh,Thiết bị IoT,P12110,Khóa thông minh,Thiết bị IoT,Tương thích hoàn toàn,0.86,Cần cài đặt driver
P12101,Bộ điều khiển thông minh,Thiết bị IoT,P12111,Khóa thông minh,Thiết bị IoT,Tương thích một phần,0.68,Cần thiết bị trung gian
P12101,Bộ điều khiển thông minh,Thiết bị IoT,P12112,Công tắc thông minh,Thiết bị IoT,Tương thích một phần,0.55,Cần cài đặt driver
P12101,Bộ điều khiển thông minh,Thiết bị IoT,P12113,Công tắc thông minh,Thiết bị IoT,Tương thích một phần,0.58,Cần nguồn điện phù hợp
P12101,Bộ điều khiển thông minh,Thiết bị IoT,P12114,Module điều khiển qua Internet,Thiết bị IoT,Tương thích một phần,0.61,Cần cập nhật firmware
P12101,Bộ điều khiển thông minh,Thiết bị IoT,P12115,Bộ điều khiển đèn thông minh,Thiết bị IoT,Tương thích hoàn toàn,0.92,Cần driver phù hợp
P12101,Bộ điều khiển thông minh,Thiết bị IoT,P12116,Bộ điều khiển nhiệt độ,Thiết bị IoT,Tương thích hoàn toàn,0.92,Cần firmware tương thích
P12101,Bộ điều khiển thông minh,Thiết bị IoT,P12117,Bộ thu thập dữ liệu IoT,Thiết bị IoT,Tương thích hoàn toàn,0.88,Cần cài đặt driver
P12102,Bộ điều khiển thông minh,Thiết bị IoT,P12103,Bộ điều khiển thông minh,Thiết bị IoT,Tương thích một phần,0.53,Cần nguồn điện phù hợp
P12102,Bộ điều khiển thông minh,Thiết bị IoT,P12104,Cảm biến thông minh,Thiết bị IoT,Tương thích một phần,0.6,Cần firmware tương thích
P12102,Bộ điều khiển thông minh,Thiết bị IoT,P12105,Cảm biến thông minh,Thiết bị IoT,Tương thích một phần,0.69,Cần adapter chuyển đổi
P12102,Bộ điều khiển thông minh,Thiết bị IoT,P12106,Gateway IoT,Thiết bị IoT,Tương thích một phần,0.66,Cần driver phù hợp
P12102,Bộ điều khiển thông minh,Thiết bị IoT,P12107,Gateway IoT,Thiết bị IoT,Tương thích hoàn toàn,0.84,Cần cài đặt driver
P12102,Bộ điều khiển thông minh,Thiết bị IoT,P12108,Module giám sát,Thiết bị IoT,Tương thích một phần,0.58,Cần adapter chuyển đổi
P12102,Bộ điều khiển thông minh,Thiết bị IoT,P12109,Module giám sát,Thiết bị IoT,Tương thích một phần,0.53,Có thể kết nối trực tiếp
P12102,Bộ điều khiển thông minh,Thiết bị IoT,P12110,Khóa thông minh,Thiết bị IoT,Tương thích một phần,0.6,Cần thiết bị trung gian
P12102,Bộ điều khiển thông minh,Thiết bị IoT,P12111,Khóa thông minh,Thiết bị IoT,Tương thích một phần,0.68,Cần firmware tương thích
P12102,Bộ điều khiển thông minh,Thiết bị IoT,P12112,Công tắc thông minh,Thiết bị IoT,Tương thích hoàn toàn,0.85,Cần adapter chuyển đổi
P12102,Bộ điều khiển thông minh,Thiết bị IoT,P12113,Công tắc thông minh,Thiết bị IoT,Tương thích một phần,0.72,Cần thiết bị trung gian
P12102,Bộ điều khiển thông minh,Thiết bị IoT,P12114,Module điều khiển qua Internet,Thiết bị IoT,Tương thích hoàn toàn,0.85,Cần phần mềm hỗ trợ
P12102,Bộ điều khiển thông minh,Thiết bị IoT,P12115,Bộ điều khiển đèn thông minh,Thiết bị IoT,Tương thích một phần,0.75,Cần adapter chuyển đổi
P12102,Bộ điều khiển thông minh,Thiết bị IoT,P12116,Bộ điều khiển nhiệt độ,Thiết bị IoT,Không tương thích,0.13,Cần thiết bị trung gian
P12102,Bộ điều khiển thông minh,Thiết bị IoT,P12117,Bộ thu thập dữ liệu IoT,Thiết bị IoT,Tương thích một phần,0.76,Cần nguồn điện phù hợp
P12103,Bộ điều khiển thông minh,Thiết bị IoT,P12104,Cảm biến thông minh,Thiết bị IoT,Không tương thích,0.03,Cần cài đặt driver
P12103,Bộ điều khiển thông minh,Thiết bị IoT,P12105,Cảm biến thông minh,Thiết bị IoT,Tương thích hoàn toàn,0.87,Cần cập nhật firmware
P12103,Bộ điều khiển thông minh,Thiết bị IoT,P12106,Gateway IoT,Thiết bị IoT,Tương thích hoàn toàn,0.88,Cần cài đặt driver
P12103,Bộ điều khiển thông minh,Thiết bị IoT,P12107,Gateway IoT,Thiết bị IoT,Tương thích một phần,0.65,Cần cài đặt driver
P12103,Bộ điều khiển thông minh,Thiết bị IoT,P12108,Module giám sát,Thiết bị IoT,Tương thích một phần,0.53,Cần cập nhật firmware
P12103,Bộ điều khiển thông minh,Thiết bị IoT,P12109,Module giám sát,Thiết bị IoT,Tương thích hoàn toàn,0.99,Cần thiết bị trung gian
P12103,Bộ điều khiển thông minh,Thiết bị IoT,P12110,Khóa thông minh,Thiết bị IoT,Tương thích hoàn toàn,0.82,Cần thiết bị trung gian
P12103,Bộ điều khiển thông minh,Thiết bị IoT,P12111,Khóa thông minh,Thiết bị IoT,Không tương thích,0.24,Cần nguồn điện phù hợp
P12103,Bộ điều khiển thông minh,Thiết bị IoT,P12112,Công tắc thông minh,Thiết bị IoT,Không tương thích,0.26,Cần phần mềm hỗ trợ
P12103,Bộ điều khiển thông minh,Thiết bị IoT,P12113,Công tắc thông minh,Thiết bị IoT,Tương thích hoàn toàn,0.94,Có thể kết nối trực tiếp
P12103,Bộ điều khiển thông minh,Thiết bị IoT,P12114,Module điều khiển qua Internet,Thiết bị IoT,Tương thích một phần,0.57,Có thể kết nối trực tiếp
P12103,Bộ điều khiển thông minh,Thiết bị IoT,P12115,Bộ điều khiển đèn thông minh,Thiết bị IoT,Tương thích hoàn toàn,0.82,Có thể kết nối trực tiếp
P12103,Bộ điều khiển thông minh,Thiết bị IoT,P12116,Bộ điều khiển nhiệt độ,Thiết bị IoT,Tương thích hoàn toàn,0.95,Cần nguồn điện phù hợp
P12103,Bộ điều khiển thông minh,Thiết bị IoT,P12117,Bộ thu thập dữ liệu IoT,Thiết bị IoT,Tương thích một phần,0.69,Cần cấu hình thêm
P12104,Cảm biến thông minh,Thiết bị IoT,P12105,Cảm biến thông minh,Thiết bị IoT,Tương thích một phần,0.77,Có thể kết nối trực tiếp
P12104,Cảm biến thông minh,Thiết bị IoT,P12106,Gateway IoT,Thiết bị IoT,Tương thích hoàn toàn,0.88,Cần cài đặt driver
P12104,Cảm biến thông minh,Thiết bị IoT,P12107,Gateway IoT,Thiết bị IoT,Tương thích một phần,0.56,Cần cấu hình thêm
P12104,Cảm biến thông minh,Thiết bị IoT,P12108,Module giám sát,Thiết bị IoT,Không tương thích,0.17,Cần driver phù hợp
P12104,Cảm biến thông minh,Thiết bị IoT,P12109,Module giám sát,Thiết bị IoT,Tương thích một phần,0.58,Cần driver phù hợp
P12104,Cảm biến thông minh,Thiết bị IoT,P12110,Khóa thông minh,Thiết bị IoT,Tương thích hoàn toàn,0.87,Cần driver phù hợp
P12104,Cảm biến thông minh,Thiết bị IoT,P12111,Khóa thông minh,Thiết bị IoT,Tương thích một phần,0.56,Cần thiết bị trung gian
P12104,Cảm biến thông minh,Thiết bị IoT,P12112,Công tắc thông minh,Thiết bị IoT,Tương thích một phần,0.54,Có thể kết nối trực tiếp
P12104,Cảm biến thông minh,Thiết bị IoT,P12113,Công tắc thông minh,Thiết bị IoT,Tương thích hoàn toàn,0.81,Cần phần mềm hỗ trợ
P12104,Cảm biến thông minh,Thiết bị IoT,P12114,Module điều khiển qua Internet,Thiết bị IoT,Không tương thích,0.03,Cần cấu hình thêm
P12104,Cảm biến thông minh,Thiết bị IoT,P12115,Bộ điều khiển đèn thông minh,Thiết bị IoT,Tương thích một phần,0.64,Cần driver phù hợp
P12104,Cảm biến thông minh,Thiết bị IoT,P12116,Bộ điều khiển nhiệt độ,Thiết bị IoT,Không tương thích,0.24,Cần phần mềm hỗ trợ
P12104,Cảm biến thông minh,Thiết bị IoT,P12117,Bộ thu thập dữ liệu IoT,Thiết bị IoT,Tương thích một phần,0.76,Cần adapter chuyển đổi
P12105,Cảm biến thông minh,Thiết bị IoT,P12106,Gateway IoT,Thiết bị IoT,Tương thích một phần,0.54,Cần thiết bị trung gian
P12105,Cảm biến thông minh,Thiết bị IoT,P12107,Gateway IoT,Thiết bị IoT,Tương thích hoàn toàn,0.93,Cần cấu hình thêm
P12105,Cảm biến thông minh,Thiết bị IoT,P12108,Module giám sát,Thiết bị IoT,Tương thích một phần,0.6,Cần cài đặt driver
P12105,Cảm biến thông minh,Thiết bị IoT,P12109,Module giám sát,Thiết bị IoT,Tương thích một phần,0.73,Cần nguồn điện phù hợp
P12105,Cảm biến thông minh,Thiết bị IoT,P12110,Khóa thông minh,Thiết bị IoT,Tương thích một phần,0.77,Cần cài đặt driver
P12105,Cảm biến thông minh,Thiết bị IoT,P12111,Khóa thông minh,Thiết bị IoT,Tương thích một phần,0.6,Cần cập nhật firmware
P12105,Cảm biến thông minh,Thiết bị IoT,P12112,Công tắc thông minh,Thiết bị IoT,Tương thích một phần,0.73,Có thể kết nối trực tiếp
P12105,Cảm biến thông minh,Thiết bị IoT,P12113,Công tắc thông minh,Thiết bị IoT,Tương thích hoàn toàn,0.95,Cần cập nhật firmware
P12105,Cảm biến thông minh,Thiết bị IoT,P12114,Module điều khiển qua Internet,Thiết bị IoT,Không tương thích,0.38,Cần nguồn điện phù hợp
P12105,Cảm biến thông minh,Thiết bị IoT,P12115,Bộ điều khiển đèn thông minh,Thiết bị IoT,Tương thích hoàn toàn,0.91,Cần cập nhật firmware
P12105,Cảm biến thông minh,Thiết bị IoT,P12116,Bộ điều khiển nhiệt độ,Thiết bị IoT,Tương thích một phần,0.71,Cần phần mềm hỗ trợ
P12105,Cảm biến thông minh,Thiết bị IoT,P12117,Bộ thu thập dữ liệu IoT,Thiết bị IoT,Tương thích một phần,0.69,Cần adapter chuyển đổi
P12106,Gateway IoT,Thiết bị IoT,P12107,Gateway IoT,Thiết bị IoT,Không tương thích,0.27,Cần phần mềm hỗ trợ
P12106,Gateway IoT,Thiết bị IoT,P12108,Module giám sát,Thiết bị IoT,Tương thích một phần,0.57,Cần cập nhật firmware
P12106,Gateway IoT,Thiết bị IoT,P12109,Module giám sát,Thiết bị IoT,Tương thích hoàn toàn,0.81,Có thể kết nối trực tiếp
P12106,Gateway IoT,Thiết bị IoT,P12110,Khóa thông minh,Thiết bị IoT,Tương thích một phần,0.79,Cần nguồn điện phù hợp
P12106,Gateway IoT,Thiết bị IoT,P12111,Khóa thông minh,Thiết bị IoT,Tương thích hoàn toàn,0.98,Cần nguồn điện phù hợp
P12106,Gateway IoT,Thiết bị IoT,P12112,Công tắc thông minh,Thiết bị IoT,Tương thích hoàn toàn,0.91,Cần cài đặt driver
P12106,Gateway IoT,Thiết bị IoT,P12113,Công tắc thông minh,Thiết bị IoT,Không tương thích,0.07,Cần firmware tương thích
P12106,Gateway IoT,Thiết bị IoT,P12114,Module điều khiển qua Internet,Thiết bị IoT,Không tương thích,0.1,Có thể kết nối trực tiếp
P12106,Gateway IoT,Thiết bị IoT,P12115,Bộ điều khiển đèn thông minh,Thiết bị IoT,Tương thích một phần,0.6,Cần firmware tương thích
P12106,Gateway IoT,Thiết bị IoT,P12116,Bộ điều khiển nhiệt độ,Thiết bị IoT,Tương thích một phần,0.66,Có thể kết nối trực tiếp
P12106,Gateway IoT,Thiết bị IoT,P12117,Bộ thu thập dữ liệu IoT,Thiết bị IoT,Tương thích hoàn toàn,0.98,Cần cập nhật firmware
P12107,Gateway IoT,Thiết bị IoT,P12108,Module giám sát,Thiết bị IoT,Tương thích một phần,0.75,Cần cập nhật firmware
P12107,Gateway IoT,Thiết bị IoT,P12109,Module giám sát,Thiết bị IoT,Tương thích hoàn toàn,0.95,Cần phần mềm hỗ trợ
P12107,Gateway IoT,Thiết bị IoT,P12110,Khóa thông minh,Thiết bị IoT,Tương thích một phần,0.5,Có thể kết nối trực tiếp
P12107,Gateway IoT,Thiết bị IoT,P12111,Khóa thông minh,Thiết bị IoT,Không tương thích,0.0,Cần firmware tương thích
P12107,Gateway IoT,Thiết bị IoT,P12112,Công tắc thông minh,Thiết bị IoT,Không tương thích,0.21,Có thể kết nối trực tiếp
P12107,Gateway IoT,Thiết bị IoT,P12113,Công tắc thông minh,Thiết bị IoT,Tương thích một phần,0.58,Cần nguồn điện phù hợp
P12107,Gateway IoT,Thiết bị IoT,P12114,Module điều khiển qua Internet,Thiết bị IoT,Tương thích một phần,0.75,Cần cấu hình thêm
P12107,Gateway IoT,Thiết bị IoT,P12115,Bộ điều khiển đèn thông minh,Thiết bị IoT,Tương thích hoàn toàn,0.91,Cần thiết bị trung gian
P12107,Gateway IoT,Thiết bị IoT,P12116,Bộ điều khiển nhiệt độ,Thiết bị IoT,Tương thích một phần,0.62,Cần thiết bị trung gian
P12107,Gateway IoT,Thiết bị IoT,P12117,Bộ thu thập dữ liệu IoT,Thiết bị IoT,Tương thích hoàn toàn,0.93,Cần cập nhật firmware
P12108,Module giám sát,Thiết bị IoT,P12109,Module giám sát,Thiết bị IoT,Tương thích một phần,0.66,Cần driver phù hợp
P12108,Module giám sát,Thiết bị IoT,P12110,Khóa thông minh,Thiết bị IoT,Tương thích hoàn toàn,0.81,Cần cập nhật firmware
P12108,Module giám sát,Thiết bị IoT,P12111,Khóa thông minh,Thiết bị IoT,Tương thích hoàn toàn,0.89,Cần cấu hình thêm
P12108,Module giám sát,Thiết bị IoT,P12112,Công tắc thông minh,Thiết bị IoT,Tương thích một phần,0.65,Cần phần mềm hỗ trợ
P12108,Module giám sát,Thiết bị IoT,P12113,Công tắc thông minh,Thiết bị IoT,Tương thích hoàn toàn,0.97,Có thể kết nối trực tiếp
P12108,Module giám sát,Thiết bị IoT,P12114,Module điều khiển qua Internet,Thiết bị IoT,Tương thích một phần,0.57,Cần cài đặt driver
P12108,Module giám sát,Thiết bị IoT,P12115,Bộ điều khiển đèn thông minh,Thiết bị IoT,Tương thích một phần,0.79,Cần nguồn điện phù hợp
P12108,Module giám sát,Thiết bị IoT,P12116,Bộ điều khiển nhiệt độ,Thiết bị IoT,Tương thích một phần,0.64,Cần cập nhật firmware
P12108,Module giám sát,Thiết bị IoT,P12117,Bộ thu thập dữ liệu IoT,Thiết bị IoT,Tương thích hoàn toàn,0.81,Cần phần mềm hỗ trợ
P12109,Module giám sát,Thiết bị IoT,P12110,Khóa thông minh,Thiết bị IoT,Tương thích hoàn toàn,0.8,Có thể kết nối trực tiếp
P12109,Module giám sát,Thiết bị IoT,P12111,Khóa thông minh,Thiết bị IoT,Tương thích một phần,0.61,Cần cài đặt driver
P12109,Module giám sát,Thiết bị IoT,P12112,Công tắc thông minh,Thiết bị IoT,Tương thích một phần,0.64,Cần driver phù hợp
P12109,Module giám sát,Thiết bị IoT,P12113,Công tắc thông minh,Thiết bị IoT,Tương thích một phần,0.69,Cần adapter chuyển đổi
P12109,Module giám sát,Thiết bị IoT,P12114,Module điều khiển qua Internet,Thiết bị IoT,Tương thích hoàn toàn,0.96,Cần cấu hình thêm
P12109,Module giám sát,Thiết bị IoT,P12115,Bộ điều khiển đèn thông minh,Thiết bị IoT,Tương thích hoàn toàn,0.97,Cần cập nhật firmware
P12109,Module giám sát,Thiết bị IoT,P12116,Bộ điều khiển nhiệt độ,Thiết bị IoT,Tương thích một phần,0.68,Cần thiết bị trung gian
P12109,Module giám sát,Thiết bị IoT,P12117,Bộ thu thập dữ liệu IoT,Thiết bị IoT,Tương thích một phần,0.59,Cần cập nhật firmware
P12110,Khóa thông minh,Thiết bị IoT,P12111,Khóa thông minh,Thiết bị IoT,Tương thích hoàn toàn,0.92,Cần cấu hình thêm
P12110,Khóa thông minh,Thiết bị IoT,P12112,Công tắc thông minh,Thiết bị IoT,Không tương thích,0.13,Cần thiết bị trung gian
P12110,Khóa thông minh,Thiết bị IoT,P12113,Công tắc thông minh,Thiết bị IoT,Tương thích hoàn toàn,0.85,Cần cài đặt driver
P12110,Khóa thông minh,Thiết bị IoT,P12114,Module điều khiển qua Internet,Thiết bị IoT,Tương thích hoàn toàn,0.83,Cần cài đặt driver
P12110,Khóa thông minh,Thiết bị IoT,P12115,Bộ điều khiển đèn thông minh,Thiết bị IoT,Tương thích hoàn toàn,0.93,Cần phần mềm hỗ trợ
P12110,Khóa thông minh,Thiết bị IoT,P12116,Bộ điều khiển nhiệt độ,Thiết bị IoT,Tương thích một phần,0.74,Có thể kết nối trực tiếp
P12110,Khóa thông minh,Thiết bị IoT,P12117,Bộ thu thập dữ liệu IoT,Thiết bị IoT,Tương thích một phần,0.55,Cần nguồn điện phù hợp
P12111,Khóa thông minh,Thiết bị IoT,P12112,Công tắc thông minh,Thiết bị IoT,Tương thích hoàn toàn,0.89,Cần adapter chuyển đổi
P12111,Khóa thông minh,Thiết bị IoT,P12113,Công tắc thông minh,Thiết bị IoT,Tương thích hoàn toàn,0.92,Cần driver phù hợp
P12111,Khóa thông minh,Thiết bị IoT,P12114,Module điều khiển qua Internet,Thiết bị IoT,Tương thích hoàn toàn,0.8,Cần cập nhật firmware
P12111,Khóa thông minh,Thiết bị IoT,P12115,Bộ điều khiển đèn thông minh,Thiết bị IoT,Không tương thích,0.24,Cần driver phù hợp
P12111,Khóa thông minh,Thiết bị IoT,P12116,Bộ điều khiển nhiệt độ,Thiết bị IoT,Tương thích hoàn toàn,0.87,Cần firmware tương thích
P12111,Khóa thông minh,Thiết bị IoT,P12117,Bộ thu thập dữ liệu IoT,Thiết bị IoT,Tương thích một phần,0.76,Cần cài đặt driver
P12112,Công tắc thông minh,Thiết bị IoT,P12113,Công tắc thông minh,Thiết bị IoT,Tương thích hoàn toàn,0.83,Có thể kết nối trực tiếp
P12112,Công tắc thông minh,Thiết bị IoT,P12114,Module điều khiển qua Internet,Thiết bị IoT,Không tương thích,0.36,Cần cập nhật firmware
P12112,Công tắc thông minh,Thiết bị IoT,P12115,Bộ điều khiển đèn thông minh,Thiết bị IoT,Tương thích một phần,0.74,Cần firmware tương thích
P12112,Công tắc thông minh,Thiết bị IoT,P12116,Bộ điều khiển nhiệt độ,Thiết bị IoT,Tương thích hoàn toàn,0.93,Cần driver phù hợp
P12112,Công tắc thông minh,Thiết bị IoT,P12117,Bộ thu thập dữ liệu IoT,Thiết bị IoT,Tương thích một phần,0.78,Có thể kết nối trực tiếp
P12113,Công tắc thông minh,Thiết bị IoT,P12114,Module điều khiển qua Internet,Thiết bị IoT,Tương thích hoàn toàn,0.94,Cần thiết bị trung gian
P12113,Công tắc thông minh,Thiết bị IoT,P12115,Bộ điều khiển đèn thông minh,Thiết bị IoT,Tương thích một phần,0.7,Cần nguồn điện phù hợp
P12113,Công tắc thông minh,Thiết bị IoT,P12116,Bộ điều khiển nhiệt độ,Thiết bị IoT,Tương thích một phần,0.75,Cần thiết bị trung gian
P12113,Công tắc thông minh,Thiết bị IoT,P12117,Bộ thu thập dữ liệu IoT,Thiết bị IoT,Tương thích một phần,0.65,Cần cài đặt driver
P12114,Module điều khiển qua Internet,Thiết bị IoT,P12115,Bộ điều khiển đèn thông minh,Thiết bị IoT,Tương thích hoàn toàn,0.83,Cần cài đặt driver
P12114,Module điều khiển qua Internet,Thiết bị IoT,P12116,Bộ điều khiển nhiệt độ,Thiết bị IoT,Tương thích hoàn toàn,0.88,Cần cấu hình thêm
P12114,Module điều khiển qua Internet,Thiết bị IoT,P12117,Bộ thu thập dữ liệu IoT,Thiết bị IoT,Tương thích một phần,0.74,Cần phần mềm hỗ trợ
P12115,Bộ điều khiển đèn thông minh,Thiết bị IoT,P12116,Bộ điều khiển nhiệt độ,Thiết bị IoT,Tương thích hoàn toàn,0.89,Cần cập nhật firmware
P12115,Bộ điều khiển đèn thông minh,Thiết bị IoT,P12117,Bộ thu thập dữ liệu IoT,Thiết bị IoT,Không tương thích,0.38,Cần cập nhật firmware
P12116,Bộ điều khiển nhiệt độ,Thiết bị IoT,P12117,Bộ thu thập dữ liệu IoT,Thiết bị IoT,Tương thích một phần,0.68,Cần driver phù hợp
P13101,Mỏ hàn,Dụng cụ điện tử,P13102,Mỏ hàn,Dụng cụ điện tử,Tương thích một phần,0.65,Cần cài đặt driver
P13101,Mỏ hàn,Dụng cụ điện tử,P13103,Mỏ hàn,Dụng cụ điện tử,Tương thích một phần,0.62,Có thể kết nối trực tiếp
P13101,Mỏ hàn,Dụng cụ điện tử,P13104,Thiếc hàn,Dụng cụ điện tử,Tương thích một phần,0.55,Cần cài đặt driver
P13101,Mỏ hàn,Dụng cụ điện tử,P13105,Thiếc hàn,Dụng cụ điện tử,Tương thích một phần,0.73,Cần adapter chuyển đổi
P13101,Mỏ hàn,Dụng cụ điện tử,P13106,Nhíp,Dụng cụ điện tử,Không tương thích,0.05,Cần driver phù hợp
P13101,Mỏ hàn,Dụng cụ điện tử,P13107,Nhíp,Dụng cụ điện tử,Không tương thích,0.29,Có thể kết nối trực tiếp
P13101,Mỏ hàn,Dụng cụ điện tử,P13108,Kìm,Dụng cụ điện tử,Tương thích hoàn toàn,0.95,Cần cài đặt driver
P13101,Mỏ hàn,Dụng cụ điện tử,P13109,Kìm,Dụng cụ điện tử,Không tương thích,0.12,Cần cập nhật firmware
P13101,Mỏ hàn,Dụng cụ điện tử,P13110,Dao cắt,Dụng cụ điện tử,Tương thích một phần,0.67,Cần cài đặt driver
P13101,Mỏ hàn,Dụng cụ điện tử,P13111,Dao cắt,Dụng cụ điện tử,Tương thích một phần,0.53,Cần adapter chuyển đổi
P13101,Mỏ hàn,Dụng cụ điện tử,P13112,Kính lúp,Dụng cụ điện tử,Tương thích một phần,0.78,Cần cập nhật firmware
P13101,Mỏ hàn,Dụng cụ điện tử,P13113,Kính lúp,Dụng cụ điện tử,Tương thích hoàn toàn,0.84,Có thể kết nối trực tiếp
P13101,Mỏ hàn,Dụng cụ điện tử,P13114,Ống hút thiếc,Dụng cụ điện tử,Tương thích một phần,0.66,Có thể kết nối trực tiếp
P13101,Mỏ hàn,Dụng cụ điện tử,P13115,Paste hàn,Dụng cụ điện tử,Tương thích hoàn toàn,0.98,Có thể kết nối trực tiếp
P13101,Mỏ hàn,Dụng cụ điện tử,P13116,Máy khò nhiệt,Dụng cụ điện tử,Tương thích hoàn toàn,0.81,Cần driver phù hợp
P13101,Mỏ hàn,Dụng cụ điện tử,P13117,Bộ vít chuyên dụng,Dụng cụ điện tử,Tương thích một phần,0.52,Cần adapter chuyển đổi
P13102,Mỏ hàn,Dụng cụ điện tử,P13103,Mỏ hàn,Dụng cụ điện tử,Không tương thích,0.06,Cần thiết bị trung gian
P13102,Mỏ hàn,Dụng cụ điện tử,P13104,Thiếc hàn,Dụng cụ điện tử,Tương thích một phần,0.79,Có thể kết nối trực tiếp
P13102,Mỏ hàn,Dụng cụ điện tử,P13105,Thiếc hàn,Dụng cụ điện tử,Tương thích hoàn toàn,0.94,Cần cài đặt driver
P13102,Mỏ hàn,Dụng cụ điện tử,P13106,Nhíp,Dụng cụ điện tử,Tương thích một phần,0.67,Cần firmware tương thích
P13102,Mỏ hàn,Dụng cụ điện tử,P13107,Nhíp,Dụng cụ điện tử,Tương thích hoàn toàn,0.84,Có thể kết nối trực tiếp
P13102,Mỏ hàn,Dụng cụ điện tử,P13108,Kìm,Dụng cụ điện tử,Tương thích một phần,0.79,Cần cấu hình thêm
P13102,Mỏ hàn,Dụng cụ điện tử,P13109,Kìm,Dụng cụ điện tử,Tương thích một phần,0.71,Cần adapter chuyển đổi
P13102,Mỏ hàn,Dụng cụ điện tử,P13110,Dao cắt,Dụng cụ điện tử,Tương thích một phần,0.66,Cần cấu hình thêm
P13102,Mỏ hàn,Dụng cụ điện tử,P13111,Dao cắt,Dụng cụ điện tử,Tương thích một phần,0.51,Có thể kết nối trực tiếp
P13102,Mỏ hàn,Dụng cụ điện tử,P13112,Kính lúp,Dụng cụ điện tử,Không tương thích,0.1,Cần phần mềm hỗ trợ
P13102,Mỏ hàn,Dụng cụ điện tử,P13113,Kính lúp,Dụng cụ điện tử,Tương thích một phần,0.51,Cần phần mềm hỗ trợ
P13102,Mỏ hàn,Dụng cụ điện tử,P13114,Ống hút thiếc,Dụng cụ điện tử,Tương thích một phần,0.74,Cần driver phù hợp
P13102,Mỏ hàn,Dụng cụ điện tử,P13115,Paste hàn,Dụng cụ điện tử,Tương thích một phần,0.55,Cần cài đặt driver
P13102,Mỏ hàn,Dụng cụ điện tử,P13116,Máy khò nhiệt,Dụng cụ điện tử,Tương thích một phần,0.56,Cần adapter chuyển đổi
P13102,Mỏ hàn,Dụng cụ điện tử,P13117,Bộ vít chuyên dụng,Dụng cụ điện tử,Tương thích một phần,0.6,Cần adapter chuyển đổi
P13103,Mỏ hàn,Dụng cụ điện tử,P13104,Thiếc hàn,Dụng cụ điện tử,Tương thích một phần,0.61,Cần adapter chuyển đổi
P13103,Mỏ hàn,Dụng cụ điện tử,P13105,Thiếc hàn,Dụng cụ điện tử,Tương thích một phần,0.78,Có thể kết nối trực tiếp
P13103,Mỏ hàn,Dụng cụ điện tử,P13106,Nhíp,Dụng cụ điện tử,Tương thích một phần,0.64,Cần thiết bị trung gian
P13103,Mỏ hàn,Dụng cụ điện tử,P13107,Nhíp,Dụng cụ điện tử,Không tương thích,0.4,Cần cài đặt driver
P13103,Mỏ hàn,Dụng cụ điện tử,P13108,Kìm,Dụng cụ điện tử,Không tương thích,0.24,Cần phần mềm hỗ trợ
P13103,Mỏ hàn,Dụng cụ điện tử,P13109,Kìm,Dụng cụ điện tử,Tương thích một phần,0.63,Cần driver phù hợp
P13103,Mỏ hàn,Dụng cụ điện tử,P13110,Dao cắt,Dụng cụ điện tử,Tương thích một phần,0.77,Cần driver phù hợp
P13103,Mỏ hàn,Dụng cụ điện tử,P13111,Dao cắt,Dụng cụ điện tử,Tương thích một phần,0.69,Cần cập nhật firmware
P13103,Mỏ hàn,Dụng cụ điện tử,P13112,Kính lúp,Dụng cụ điện tử,Tương thích một phần,0.61,Cần cập nhật firmware
P13103,Mỏ hàn,Dụng cụ điện tử,P13113,Kính lúp,Dụng cụ điện tử,Không tương thích,0.21,Cần cấu hình thêm
P13103,Mỏ hàn,Dụng cụ điện tử,P13114,Ống hút thiếc,Dụng cụ điện tử,Tương thích một phần,0.6,Có thể kết nối trực tiếp
P13103,Mỏ hàn,Dụng cụ điện tử,P13115,Paste hàn,Dụng cụ điện tử,Tương thích hoàn toàn,0.89,Cần thiết bị trung gian
P13103,Mỏ hàn,Dụng cụ điện tử,P13116,Máy khò nhiệt,Dụng cụ điện tử,Tương thích hoàn toàn,0.84,Có thể kết nối trực tiếp
P13103,Mỏ hàn,Dụng cụ điện tử,P13117,Bộ vít chuyên dụng,Dụng cụ điện tử,Tương thích một phần,0.72,Cần firmware tương thích
P13104,Thiếc hàn,Dụng cụ điện tử,P13105,Thiếc hàn,Dụng cụ điện tử,Không tương thích,0.27,Cần driver phù hợp
P13104,Thiếc hàn,Dụng cụ điện tử,P13106,Nhíp,Dụng cụ điện tử,Tương thích một phần,0.69,Cần driver phù hợp
P13104,Thiếc hàn,Dụng cụ điện tử,P13107,Nhíp,Dụng cụ điện tử,Tương thích một phần,0.62,Cần adapter chuyển đổi
P13104,Thiếc hàn,Dụng cụ điện tử,P13108,Kìm,Dụng cụ điện tử,Không tương thích,0.08,Cần driver phù hợp
P13104,Thiếc hàn,Dụng cụ điện tử,P13109,Kìm,Dụng cụ điện tử,Tương thích hoàn toàn,0.94,Có thể kết nối trực tiếp
P13104,Thiếc hàn,Dụng cụ điện tử,P13110,Dao cắt,Dụng cụ điện tử,Không tương thích,0.29,Cần driver phù hợp
P13104,Thiếc hàn,Dụng cụ điện tử,P13111,Dao cắt,Dụng cụ điện tử,Tương thích một phần,0.77,Cần adapter chuyển đổi
P13104,Thiếc hàn,Dụng cụ điện tử,P13112,Kính lúp,Dụng cụ điện tử,Tương thích hoàn toàn,0.95,Cần phần mềm hỗ trợ
P13104,Thiếc hàn,Dụng cụ điện tử,P13113,Kính lúp,Dụng cụ điện tử,Tương thích hoàn toàn,0.98,Cần phần mềm hỗ trợ
P13104,Thiếc hàn,Dụng cụ điện tử,P13114,Ống hút thiếc,Dụng cụ điện tử,Tương thích một phần,0.75,Cần cập nhật firmware
P13104,Thiếc hàn,Dụng cụ điện tử,P13115,Paste hàn,Dụng cụ điện tử,Tương thích một phần,0.64,Cần adapter chuyển đổi
P13104,Thiếc hàn,Dụng cụ điện tử,P13116,Máy khò nhiệt,Dụng cụ điện tử,Tương thích một phần,0.68,Cần cài đặt driver
P13104,Thiếc hàn,Dụng cụ điện tử,P13117,Bộ vít chuyên dụng,Dụng cụ điện tử,Tương thích một phần,0.65,Cần cấu hình thêm
P13105,Thiếc hàn,Dụng cụ điện tử,P13106,Nhíp,Dụng cụ điện tử,Tương thích hoàn toàn,0.94,Cần phần mềm hỗ trợ
P13105,Thiếc hàn,Dụng cụ điện tử,P13107,Nhíp,Dụng cụ điện tử,Tương thích một phần,0.71,Cần cập nhật firmware
P13105,Thiếc hàn,Dụng cụ điện tử,P13108,Kìm,Dụng cụ điện tử,Tương thích hoàn toàn,0.88,Cần adapter chuyển đổi
P13105,Thiếc hàn,Dụng cụ điện tử,P13109,Kìm,Dụng cụ điện tử,Tương thích một phần,0.64,Có thể kết nối trực tiếp
P13105,Thiếc hàn,Dụng cụ điện tử,P13110,Dao cắt,Dụng cụ điện tử,Tương thích một phần,0.75,Cần phần mềm hỗ trợ
P13105,Thiếc hàn,Dụng cụ điện tử,P13111,Dao cắt,Dụng cụ điện tử,Tương thích hoàn toàn,0.82,Cần nguồn điện phù hợp
P13105,Thiếc hàn,Dụng cụ điện tử,P13112,Kính lúp,Dụng cụ điện tử,Tương thích một phần,0.74,Cần driver phù hợp
P13105,Thiếc hàn,Dụng cụ điện tử,P13113,Kính lúp,Dụng cụ điện tử,Tương thích một phần,0.53,Cần phần mềm hỗ trợ
P13105,Thiếc hàn,Dụng cụ điện tử,P13114,Ống hút thiếc,Dụng cụ điện tử,Tương thích một phần,0.54,Cần cấu hình thêm
P13105,Thiếc hàn,Dụng cụ điện tử,P13115,Paste hàn,Dụng cụ điện tử,Không tương thích,0.16,Cần thiết bị trung gian
P13105,Thiếc hàn,Dụng cụ điện tử,P13116,Máy khò nhiệt,Dụng cụ điện tử,Tương thích hoàn toàn,0.81,Cần driver phù hợp
P13105,Thiếc hàn,Dụng cụ điện tử,P13117,Bộ vít chuyên dụng,Dụng cụ điện tử,Tương thích một phần,0.77,Cần firmware tương thích
P13106,Nhíp,Dụng cụ điện tử,P13107,Nhíp,Dụng cụ điện tử,Không tương thích,0.13,Cần nguồn điện phù hợp
P13106,Nhíp,Dụng cụ điện tử,P13108,Kìm,Dụng cụ điện tử,Tương thích hoàn toàn,0.84,Cần adapter chuyển đổi
P13106,Nhíp,Dụng cụ điện tử,P13109,Kìm,Dụng cụ điện tử,Tương thích một phần,0.69,Có thể kết nối trực tiếp
P13106,Nhíp,Dụng cụ điện tử,P13110,Dao cắt,Dụng cụ điện tử,Tương thích một phần,0.5,Cần cấu hình thêm
P13106,Nhíp,Dụng cụ điện tử,P13111,Dao cắt,Dụng cụ điện tử,Tương thích hoàn toàn,0.98,Cần cập nhật firmware
P13106,Nhíp,Dụng cụ điện tử,P13112,Kính lúp,Dụng cụ điện tử,Không tương thích,0.24,Cần cập nhật firmware
P13106,Nhíp,Dụng cụ điện tử,P13113,Kính lúp,Dụng cụ điện tử,Tương thích một phần,0.64,Cần thiết bị trung gian
P13106,Nhíp,Dụng cụ điện tử,P13114,Ống hút thiếc,Dụng cụ điện tử,Tương thích một phần,0.64,Cần thiết bị trung gian
P13106,Nhíp,Dụng cụ điện tử,P13115,Paste hàn,Dụng cụ điện tử,Tương thích một phần,0.54,Cần thiết bị trung gian
P13106,Nhíp,Dụng cụ điện tử,P13116,Máy khò nhiệt,Dụng cụ điện tử,Không tương thích,0.15,Cần thiết bị trung gian
P13106,Nhíp,Dụng cụ điện tử,P13117,Bộ vít chuyên dụng,Dụng cụ điện tử,Tương thích một phần,0.56,Có thể kết nối trực tiếp
P13107,Nhíp,Dụng cụ điện tử,P13108,Kìm,Dụng cụ điện tử,Tương thích hoàn toàn,0.81,Cần thiết bị trung gian
P13107,Nhíp,Dụng cụ điện tử,P13109,Kìm,Dụng cụ điện tử,Tương thích một phần,0.75,Cần driver phù hợp
P13107,Nhíp,Dụng cụ điện tử,P13110,Dao cắt,Dụng cụ điện tử,Không tương thích,0.25,Cần firmware tương thích
P13107,Nhíp,Dụng cụ điện tử,P13111,Dao cắt,Dụng cụ điện tử,Tương thích một phần,0.76,Cần driver phù hợp
P13107,Nhíp,Dụng cụ điện tử,P13112,Kính lúp,Dụng cụ điện tử,Tương thích một phần,0.76,Cần cài đặt driver
P13107,Nhíp,Dụng cụ điện tử,P13113,Kính lúp,Dụng cụ điện tử,Tương thích một phần,0.65,Có thể kết nối trực tiếp
P13107,Nhíp,Dụng cụ điện tử,P13114,Ống hút thiếc,Dụng cụ điện tử,Tương thích hoàn toàn,0.97,Cần phần mềm hỗ trợ
P13107,Nhíp,Dụng cụ điện tử,P13115,Paste hàn,Dụng cụ điện tử,Tương thích một phần,0.71,Cần phần mềm hỗ trợ
P13107,Nhíp,Dụng cụ điện tử,P13116,Máy khò nhiệt,Dụng cụ điện tử,Tương thích hoàn toàn,0.88,Cần nguồn điện phù hợp
P13107,Nhíp,Dụng cụ điện tử,P13117,Bộ vít chuyên dụng,Dụng cụ điện tử,Không tương thích,0.19,Có thể kết nối trực tiếp
P13108,Kìm,Dụng cụ điện tử,P13109,Kìm,Dụng cụ điện tử,Tương thích một phần,0.51,Cần phần mềm hỗ trợ
P13108,Kìm,Dụng cụ điện tử,P13110,Dao cắt,Dụng cụ điện tử,Tương thích một phần,0.64,Cần driver phù hợp
P13108,Kìm,Dụng cụ điện tử,P13111,Dao cắt,Dụng cụ điện tử,Tương thích hoàn toàn,0.91,Cần cập nhật firmware
P13108,Kìm,Dụng cụ điện tử,P13112,Kính lúp,Dụng cụ điện tử,Tương thích một phần,0.66,Cần firmware tương thích
P13108,Kìm,Dụng cụ điện tử,P13113,Kính lúp,Dụng cụ điện tử,Tương thích một phần,0.74,Cần cập nhật firmware
P13108,Kìm,Dụng cụ điện tử,P13114,Ống hút thiếc,Dụng cụ điện tử,Tương thích một phần,0.77,Cần nguồn điện phù hợp
P13108,Kìm,Dụng cụ điện tử,P13115,Paste hàn,Dụng cụ điện tử,Tương thích một phần,0.55,Cần cập nhật firmware
P13108,Kìm,Dụng cụ điện tử,P13116,Máy khò nhiệt,Dụng cụ điện tử,Không tương thích,0.03,Cần cập nhật firmware
P13108,Kìm,Dụng cụ điện tử,P13117,Bộ vít chuyên dụng,Dụng cụ điện tử,Tương thích hoàn toàn,0.93,Cần nguồn điện phù hợp
P13109,Kìm,Dụng cụ điện tử,P13110,Dao cắt,Dụng cụ điện tử,Tương thích một phần,0.61,Cần thiết bị trung gian
P13109,Kìm,Dụng cụ điện tử,P13111,Dao cắt,Dụng cụ điện tử,Tương thích một phần,0.54,Cần phần mềm hỗ trợ
P13109,Kìm,Dụng cụ điện tử,P13112,Kính lúp,Dụng cụ điện tử,Tương thích một phần,0.7,Cần firmware tương thích
P13109,Kìm,Dụng cụ điện tử,P13113,Kính lúp,Dụng cụ điện tử,Tương thích một phần,0.64,Cần thiết bị trung gian
P13109,Kìm,Dụng cụ điện tử,P13114,Ống hút thiếc,Dụng cụ điện tử,Tương thích một phần,0.56,Cần thiết bị trung gian
P13109,Kìm,Dụng cụ điện tử,P13115,Paste hàn,Dụng cụ điện tử,Tương thích một phần,0.77,Cần cấu hình thêm
P13109,Kìm,Dụng cụ điện tử,P13116,Máy khò nhiệt,Dụng cụ điện tử,Tương thích một phần,0.73,Cần phần mềm hỗ trợ
P13109,Kìm,Dụng cụ điện tử,P13117,Bộ vít chuyên dụng,Dụng cụ điện tử,Không tương thích,0.03,Cần thiết bị trung gian
P13110,Dao cắt,Dụng cụ điện tử,P13111,Dao cắt,Dụng cụ điện tử,Tương thích một phần,0.8,Cần cài đặt driver
P13110,Dao cắt,Dụng cụ điện tử,P13112,Kính lúp,Dụng cụ điện tử,Không tương thích,0.38,Cần thiết bị trung gian
P13110,Dao cắt,Dụng cụ điện tử,P13113,Kính lúp,Dụng cụ điện tử,Tương thích một phần,0.7,Cần cài đặt driver
P13110,Dao cắt,Dụng cụ điện tử,P13114,Ống hút thiếc,Dụng cụ điện tử,Tương thích hoàn toàn,0.8,Cần cập nhật firmware
P13110,Dao cắt,Dụng cụ điện tử,P13115,Paste hàn,Dụng cụ điện tử,Tương thích một phần,0.6,Cần thiết bị trung gian
P13110,Dao cắt,Dụng cụ điện tử,P13116,Máy khò nhiệt,Dụng cụ điện tử,Tương thích hoàn toàn,0.99,Cần firmware tương thích
P13110,Dao cắt,Dụng cụ điện tử,P13117,Bộ vít chuyên dụng,Dụng cụ điện tử,Tương thích một phần,0.68,Cần phần mềm hỗ trợ
P13111,Dao cắt,Dụng cụ điện tử,P13112,Kính lúp,Dụng cụ điện tử,Tương thích một phần,0.75,Cần adapter chuyển đổi
P13111,Dao cắt,Dụng cụ điện tử,P13113,Kính lúp,Dụng cụ điện tử,Tương thích một phần,0.62,Cần firmware tương thích
P13111,Dao cắt,Dụng cụ điện tử,P13114,Ống hút thiếc,Dụng cụ điện tử,Tương thích một phần,0.56,Cần cấu hình thêm
P13111,Dao cắt,Dụng cụ điện tử,P13115,Paste hàn,Dụng cụ điện tử,Tương thích một phần,0.69,Cần adapter chuyển đổi
P13111,Dao cắt,Dụng cụ điện tử,P13116,Máy khò nhiệt,Dụng cụ điện tử,Tương thích một phần,0.5,Cần nguồn điện phù hợp
P13111,Dao cắt,Dụng cụ điện tử,P13117,Bộ vít chuyên dụng,Dụng cụ điện tử,Tương thích hoàn toàn,0.94,Cần adapter chuyển đổi
P13112,Kính lúp,Dụng cụ điện tử,P13113,Kính lúp,Dụng cụ điện tử,Tương thích một phần,0.62,Cần thiết bị trung gian
P13112,Kính lúp,Dụng cụ điện tử,P13114,Ống hút thiếc,Dụng cụ điện tử,Không tương thích,0.03,Cần driver phù hợp
P13112,Kính lúp,Dụng cụ điện tử,P13115,Paste hàn,Dụng cụ điện tử,Tương thích một phần,0.78,Cần cài đặt driver
P13112,Kính lúp,Dụng cụ điện tử,P13116,Máy khò nhiệt,Dụng cụ điện tử,Tương thích một phần,0.57,Cần cài đặt driver
P13112,Kính lúp,Dụng cụ điện tử,P13117,Bộ vít chuyên dụng,Dụng cụ điện tử,Tương thích hoàn toàn,0.98,Có thể kết nối trực tiếp
P13113,Kính lúp,Dụng cụ điện tử,P13114,Ống hút thiếc,Dụng cụ điện tử,Tương thích hoàn toàn,0.84,Có thể kết nối trực tiếp
P13113,Kính lúp,Dụng cụ điện tử,P13115,Paste hàn,Dụng cụ điện tử,Tương thích hoàn toàn,0.9,Cần thiết bị trung gian
P13113,Kính lúp,Dụng cụ điện tử,P13116,Máy khò nhiệt,Dụng cụ điện tử,Tương thích hoàn toàn,0.9,Cần adapter chuyển đổi
P13113,Kính lúp,Dụng cụ điện tử,P13117,Bộ vít chuyên dụng,Dụng cụ điện tử,Tương thích một phần,0.66,Cần nguồn điện phù hợp
P13114,Ống hút thiếc,Dụng cụ điện tử,P13115,Paste hàn,Dụng cụ điện tử,Tương thích hoàn toàn,0.83,Cần thiết bị trung gian
P13114,Ống hút thiếc,Dụng cụ điện tử,P13116,Máy khò nhiệt,Dụng cụ điện tử,Tương thích một phần,0.67,Cần cấu hình thêm
P13114,Ống hút thiếc,Dụng cụ điện tử,P13117,Bộ vít chuyên dụng,Dụng cụ điện tử,Không tương thích,0.17,Cần cập nhật firmware
P13115,Paste hàn,Dụng cụ điện tử,P13116,Máy khò nhiệt,Dụng cụ điện tử,Không tương thích,0.03,Cần firmware tương thích
P13115,Paste hàn,Dụng cụ điện tử,P13117,Bộ vít chuyên dụng,Dụng cụ điện tử,Không tương thích,0.13,Cần phần mềm hỗ trợ
P13116,Máy khò nhiệt,Dụng cụ điện tử,P13117,Bộ vít chuyên dụng,Dụng cụ điện tử,Tương thích hoàn toàn,0.93,Cần firmware tương thích
P14101,Khung robot,Phụ kiện robot,P14102,Khung robot,Phụ kiện robot,Không tương thích,0.14,Cần cấu hình thêm
P14101,Khung robot,Phụ kiện robot,P14103,Khung robot,Phụ kiện robot,Không tương thích,0.01,Cần cập nhật firmware
P14101,Khung robot,Phụ kiện robot,P14104,Bánh xe robot,Phụ kiện robot,Tương thích một phần,0.62,Cần cập nhật firmware
P14101,Khung robot,Phụ kiện robot,P14105,Bánh xe robot,Phụ kiện robot,Tương thích một phần,0.69,Cần cài đặt driver
P14101,Khung robot,Phụ kiện robot,P14106,Cánh tay robot,Phụ kiện robot,Không tương thích,0.26,Cần driver phù hợp
P14101,Khung robot,Phụ kiện robot,P14107,Cánh tay robot,Phụ kiện robot,Tương thích một phần,0.65,Cần driver phù hợp
P14101,Khung robot,Phụ kiện robot,P14108,Gripper robot,Phụ kiện robot,Tương thích một phần,0.59,Cần nguồn điện phù hợp
P14101,Khung robot,Phụ kiện robot,P14109,Gripper robot,Phụ kiện robot,Tương thích hoàn toàn,0.88,Cần nguồn điện phù hợp
P14101,Khung robot,Phụ kiện robot,P14110,Giá đỡ camera,Phụ kiện robot,Tương thích một phần,0.51,Cần cấu hình thêm
P14101,Khung robot,Phụ kiện robot,P14111,Giá đỡ camera,Phụ kiện robot,Tương thích một phần,0.58,Cần driver phù hợp
P14101,Khung robot,Phụ kiện robot,P14112,Bộ đồ chơi robot,Phụ kiện robot,Không tương thích,0.01,Cần phần mềm hỗ trợ
P14101,Khung robot,Phụ kiện robot,P14113,Bộ đồ chơi robot,Phụ kiện robot,Tương thích hoàn toàn,0.93,Cần adapter chuyển đổi
P14101,Khung robot,Phụ kiện robot,P14114,Mô-đun tránh vật cản,Phụ kiện robot,Tương thích hoàn toàn,0.87,Cần nguồn điện phù hợp
P14101,Khung robot,Phụ kiện robot,P14115,Bộ chuyển động,Phụ kiện robot,Tương thích một phần,0.77,Cần nguồn điện phù hợp
P14101,Khung robot,Phụ kiện robot,P14116,Đế xoay,Phụ kiện robot,Tương thích một phần,0.72,Cần cấu hình thêm
P14101,Khung robot,Phụ kiện robot,P14117,Kit lắp ráp robot,Phụ kiện robot,Tương thích hoàn toàn,0.94,Cần cài đặt driver
P14102,Khung robot,Phụ kiện robot,P14103,Khung robot,Phụ kiện robot,Tương thích một phần,0.73,Cần nguồn điện phù hợp
P14102,Khung robot,Phụ kiện robot,P14104,Bánh xe robot,Phụ kiện robot,Tương thích một phần,0.78,Cần cập nhật firmware
P14102,Khung robot,Phụ kiện robot,P14105,Bánh xe robot,Phụ kiện robot,Tương thích một phần,0.68,Cần adapter chuyển đổi
P14102,Khung robot,Phụ kiện robot,P14106,Cánh tay robot,Phụ kiện robot,Tương thích một phần,0.66,Cần phần mềm hỗ trợ
P14102,Khung robot,Phụ kiện robot,P14107,Cánh tay robot,Phụ kiện robot,Tương thích một phần,0.63,Có thể kết nối trực tiếp
P14102,Khung robot,Phụ kiện robot,P14108,Gripper robot,Phụ kiện robot,Không tương thích,0.23,Cần thiết bị trung gian
P14102,Khung robot,Phụ kiện robot,P14109,Gripper robot,Phụ kiện robot,Tương thích một phần,0.76,Có thể kết nối trực tiếp
P14102,Khung robot,Phụ kiện robot,P14110,Giá đỡ camera,Phụ kiện robot,Tương thích một phần,0.76,Cần cấu hình thêm
P14102,Khung robot,Phụ kiện robot,P14111,Giá đỡ camera,Phụ kiện robot,Tương thích một phần,0.56,Cần cài đặt driver
P14102,Khung robot,Phụ kiện robot,P14112,Bộ đồ chơi robot,Phụ kiện robot,Tương thích một phần,0.53,Cần adapter chuyển đổi
P14102,Khung robot,Phụ kiện robot,P14113,Bộ đồ chơi robot,Phụ kiện robot,Không tương thích,0.13,Cần cấu hình thêm
P14102,Khung robot,Phụ kiện robot,P14114,Mô-đun tránh vật cản,Phụ kiện robot,Tương thích một phần,0.53,Cần driver phù hợp
P14102,Khung robot,Phụ kiện robot,P14115,Bộ chuyển động,Phụ kiện robot,Tương thích một phần,0.68,Cần phần mềm hỗ trợ
P14102,Khung robot,Phụ kiện robot,P14116,Đế xoay,Phụ kiện robot,Không tương thích,0.04,Cần thiết bị trung gian
P14102,Khung robot,Phụ kiện robot,P14117,Kit lắp ráp robot,Phụ kiện robot,Tương thích một phần,0.64,Cần firmware tương thích
P14103,Khung robot,Phụ kiện robot,P14104,Bánh xe robot,Phụ kiện robot,Tương thích hoàn toàn,0.84,Cần firmware tương thích
P14103,Khung robot,Phụ kiện robot,P14105,Bánh xe robot,Phụ kiện robot,Tương thích hoàn toàn,0.97,Cần cập nhật firmware
P14103,Khung robot,Phụ kiện robot,P14106,Cánh tay robot,Phụ kiện robot,Tương thích hoàn toàn,0.97,Cần driver phù hợp
P14103,Khung robot,Phụ kiện robot,P14107,Cánh tay robot,Phụ kiện robot,Tương thích một phần,0.58,Có thể kết nối trực tiếp
P14103,Khung robot,Phụ kiện robot,P14108,Gripper robot,Phụ kiện robot,Không tương thích,0.02,Cần firmware tương thích
P14103,Khung robot,Phụ kiện robot,P14109,Gripper robot,Phụ kiện robot,Không tương thích,0.05,Cần driver phù hợp
P14103,Khung robot,Phụ kiện robot,P14110,Giá đỡ camera,Phụ kiện robot,Tương thích một phần,0.78,Cần nguồn điện phù hợp
P14103,Khung robot,Phụ kiện robot,P14111,Giá đỡ camera,Phụ kiện robot,Tương thích một phần,0.66,Cần driver phù hợp
P14103,Khung robot,Phụ kiện robot,P14112,Bộ đồ chơi robot,Phụ kiện robot,Tương thích một phần,0.63,Cần cập nhật firmware
P14103,Khung robot,Phụ kiện robot,P14113,Bộ đồ chơi robot,Phụ kiện robot,Tương thích hoàn toàn,0.9,Có thể kết nối trực tiếp
P14103,Khung robot,Phụ kiện robot,P14114,Mô-đun tránh vật cản,Phụ kiện robot,Tương thích một phần,0.52,Cần adapter chuyển đổi
P14103,Khung robot,Phụ kiện robot,P14115,Bộ chuyển động,Phụ kiện robot,Tương thích hoàn toàn,0.81,Cần driver phù hợp
P14103,Khung robot,Phụ kiện robot,P14116,Đế xoay,Phụ kiện robot,Tương thích hoàn toàn,0.9,Cần cấu hình thêm
P14103,Khung robot,Phụ kiện robot,P14117,Kit lắp ráp robot,Phụ kiện robot,Tương thích một phần,0.7,Cần thiết bị trung gian
P14104,Bánh xe robot,Phụ kiện robot,P14105,Bánh xe robot,Phụ kiện robot,Tương thích một phần,0.52,Có thể kết nối trực tiếp
P14104,Bánh xe robot,Phụ kiện robot,P14106,Cánh tay robot,Phụ kiện robot,Tương thích một phần,0.55,Cần driver phù hợp
P14104,Bánh xe robot,Phụ kiện robot,P14107,Cánh tay robot,Phụ kiện robot,Tương thích hoàn toàn,0.85,Cần nguồn điện phù hợp
P14104,Bánh xe robot,Phụ kiện robot,P14108,Gripper robot,Phụ kiện robot,Tương thích một phần,0.59,Cần nguồn điện phù hợp
P14104,Bánh xe robot,Phụ kiện robot,P14109,Gripper robot,Phụ kiện robot,Không tương thích,0.1,Cần thiết bị trung gian
P14104,Bánh xe robot,Phụ kiện robot,P14110,Giá đỡ camera,Phụ kiện robot,Tương thích một phần,0.62,Cần cấu hình thêm
P14104,Bánh xe robot,Phụ kiện robot,P14111,Giá đỡ camera,Phụ kiện robot,Tương thích một phần,0.77,Cần firmware tương thích
P14104,Bánh xe robot,Phụ kiện robot,P14112,Bộ đồ chơi robot,Phụ kiện robot,Tương thích hoàn toàn,0.89,Có thể kết nối trực tiếp
P14104,Bánh xe robot,Phụ kiện robot,P14113,Bộ đồ chơi robot,Phụ kiện robot,Tương thích một phần,0.69,Cần phần mềm hỗ trợ
P14104,Bánh xe robot,Phụ kiện robot,P14114,Mô-đun tránh vật cản,Phụ kiện robot,Không tương thích,0.17,Cần adapter chuyển đổi
P14104,Bánh xe robot,Phụ kiện robot,P14115,Bộ chuyển động,Phụ kiện robot,Tương thích một phần,0.66,Cần thiết bị trung gian
P14104,Bánh xe robot,Phụ kiện robot,P14116,Đế xoay,Phụ kiện robot,Không tương thích,0.33,Cần nguồn điện phù hợp
P14104,Bánh xe robot,Phụ kiện robot,P14117,Kit lắp ráp robot,Phụ kiện robot,Tương thích hoàn toàn,0.81,Có thể kết nối trực tiếp
P14105,Bánh xe robot,Phụ kiện robot,P14106,Cánh tay robot,Phụ kiện robot,Tương thích hoàn toàn,0.89,Cần firmware tương thích
P14105,Bánh xe robot,Phụ kiện robot,P14107,Cánh tay robot,Phụ kiện robot,Tương thích một phần,0.64,Cần nguồn điện phù hợp
P14105,Bánh xe robot,Phụ kiện robot,P14108,Gripper robot,Phụ kiện robot,Tương thích một phần,0.76,Cần thiết bị trung gian
P14105,Bánh xe robot,Phụ kiện robot,P14109,Gripper robot,Phụ kiện robot,Tương thích hoàn toàn,0.94,Cần driver phù hợp
P14105,Bánh xe robot,Phụ kiện robot,P14110,Giá đỡ camera,Phụ kiện robot,Không tương thích,0.24,Cần nguồn điện phù hợp
P14105,Bánh xe robot,Phụ kiện robot,P14111,Giá đỡ camera,Phụ kiện robot,Tương thích hoàn toàn,0.97,Cần driver phù hợp
P14105,Bánh xe robot,Phụ kiện robot,P14112,Bộ đồ chơi robot,Phụ kiện robot,Tương thích hoàn toàn,0.87,Cần cài đặt driver
P14105,Bánh xe robot,Phụ kiện robot,P14113,Bộ đồ chơi robot,Phụ kiện robot,Không tương thích,0.32,Cần adapter chuyển đổi
P14105,Bánh xe robot,Phụ kiện robot,P14114,Mô-đun tránh vật cản,Phụ kiện robot,Tương thích một phần,0.61,Cần thiết bị trung gian
P14105,Bánh xe robot,Phụ kiện robot,P14115,Bộ chuyển động,Phụ kiện robot,Không tương thích,0.13,Cần cấu hình thêm
P14105,Bánh xe robot,Phụ kiện robot,P14116,Đế xoay,Phụ kiện robot,Tương thích một phần,0.71,Cần nguồn điện phù hợp
P14105,Bánh xe robot,Phụ kiện robot,P14117,Kit lắp ráp robot,Phụ kiện robot,Tương thích một phần,0.52,Cần cập nhật firmware
P14106,Cánh tay robot,Phụ kiện robot,P14107,Cánh tay robot,Phụ kiện robot,Tương thích một phần,0.75,Cần nguồn điện phù hợp
P14106,Cánh tay robot,Phụ kiện robot,P14108,Gripper robot,Phụ kiện robot,Tương thích hoàn toàn,1.0,Cần thiết bị trung gian
P14106,Cánh tay robot,Phụ kiện robot,P14109,Gripper robot,Phụ kiện robot,Tương thích hoàn toàn,0.93,Cần firmware tương thích
P14106,Cánh tay robot,Phụ kiện robot,P14110,Giá đỡ camera,Phụ kiện robot,Tương thích một phần,0.75,Có thể kết nối trực tiếp
P14106,Cánh tay robot,Phụ kiện robot,P14111,Giá đỡ camera,Phụ kiện robot,Không tương thích,0.18,Cần cập nhật firmware
P14106,Cánh tay robot,Phụ kiện robot,P14112,Bộ đồ chơi robot,Phụ kiện robot,Không tương thích,0.25,Cần firmware tương thích
P14106,Cánh tay robot,Phụ kiện robot,P14113,Bộ đồ chơi robot,Phụ kiện robot,Tương thích hoàn toàn,0.85,Cần nguồn điện phù hợp
P14106,Cánh tay robot,Phụ kiện robot,P14114,Mô-đun tránh vật cản,Phụ kiện robot,Tương thích hoàn toàn,0.89,Cần driver phù hợp
P14106,Cánh tay robot,Phụ kiện robot,P14115,Bộ chuyển động,Phụ kiện robot,Tương thích hoàn toàn,0.9,Cần cài đặt driver
P14106,Cánh tay robot,Phụ kiện robot,P14116,Đế xoay,Phụ kiện robot,Tương thích một phần,0.67,Cần adapter chuyển đổi
P14106,Cánh tay robot,Phụ kiện robot,P14117,Kit lắp ráp robot,Phụ kiện robot,Tương thích một phần,0.64,Cần firmware tương thích
P14107,Cánh tay robot,Phụ kiện robot,P14108,Gripper robot,Phụ kiện robot,Tương thích hoàn toàn,1.0,Cần cập nhật firmware
P14107,Cánh tay robot,Phụ kiện robot,P14109,Gripper robot,Phụ kiện robot,Tương thích một phần,0.78,Cần phần mềm hỗ trợ
P14107,Cánh tay robot,Phụ kiện robot,P14110,Giá đỡ camera,Phụ kiện robot,Tương thích hoàn toàn,0.92,Cần nguồn điện phù hợp
P14107,Cánh tay robot,Phụ kiện robot,P14111,Giá đỡ camera,Phụ kiện robot,Tương thích một phần,0.66,Cần firmware tương thích
P14107,Cánh tay robot,Phụ kiện robot,P14112,Bộ đồ chơi robot,Phụ kiện robot,Tương thích hoàn toàn,0.96,Cần firmware tương thích
P14107,Cánh tay robot,Phụ kiện robot,P14113,Bộ đồ chơi robot,Phụ kiện robot,Tương thích hoàn toàn,0.84,Cần driver phù hợp
P14107,Cánh tay robot,Phụ kiện robot,P14114,Mô-đun tránh vật cản,Phụ kiện robot,Không tương thích,0.08,Cần firmware tương thích
P14107,Cánh tay robot,Phụ kiện robot,P14115,Bộ chuyển động,Phụ kiện robot,Tương thích một phần,0.58,Có thể kết nối trực tiếp
P14107,Cánh tay robot,Phụ kiện robot,P14116,Đế xoay,Phụ kiện robot,Tương thích hoàn toàn,0.91,Cần thiết bị trung gian
P14107,Cánh tay robot,Phụ kiện robot,P14117,Kit lắp ráp robot,Phụ kiện robot,Tương thích hoàn toàn,0.96,Cần adapter chuyển đổi
P14108,Gripper robot,Phụ kiện robot,P14109,Gripper robot,Phụ kiện robot,Tương thích hoàn toàn,0.83,Có thể kết nối trực tiếp
P14108,Gripper robot,Phụ kiện robot,P14110,Giá đỡ camera,Phụ kiện robot,Tương thích một phần,0.79,Cần driver phù hợp
P14108,Gripper robot,Phụ kiện robot,P14111,Giá đỡ camera,Phụ kiện robot,Tương thích hoàn toàn,0.81,Cần driver phù hợp
P14108,Gripper robot,Phụ kiện robot,P14112,Bộ đồ chơi robot,Phụ kiện robot,Không tương thích,0.11,Cần nguồn điện phù hợp
P14108,Gripper robot,Phụ kiện robot,P14113,Bộ đồ chơi robot,Phụ kiện robot,Không tương thích,0.14,Cần thiết bị trung gian
P14108,Gripper robot,Phụ kiện robot,P14114,Mô-đun tránh vật cản,Phụ kiện robot,Tương thích hoàn toàn,1.0,Cần cài đặt driver
P14108,Gripper robot,Phụ kiện robot,P14115,Bộ chuyển động,Phụ kiện robot,Không tương thích,0.23,Cần firmware tương thích
P14108,Gripper robot,Phụ kiện robot,P14116,Đế xoay,Phụ kiện robot,Tương thích một phần,0.67,Cần cập nhật firmware
P14108,Gripper robot,Phụ kiện robot,P14117,Kit lắp ráp robot,Phụ kiện robot,Không tương thích,0.3,Cần driver phù hợp
P14109,Gripper robot,Phụ kiện robot,P14110,Giá đỡ camera,Phụ kiện robot,Tương thích một phần,0.65,Có thể kết nối trực tiếp
P14109,Gripper robot,Phụ kiện robot,P14111,Giá đỡ camera,Phụ kiện robot,Tương thích một phần,0.75,Cần cài đặt driver
P14109,Gripper robot,Phụ kiện robot,P14112,Bộ đồ chơi robot,Phụ kiện robot,Không tương thích,0.09,Cần cài đặt driver
P14109,Gripper robot,Phụ kiện robot,P14113,Bộ đồ chơi robot,Phụ kiện robot,Không tương thích,0.34,Cần cài đặt driver
P14109,Gripper robot,Phụ kiện robot,P14114,Mô-đun tránh vật cản,Phụ kiện robot,Tương thích hoàn toàn,0.85,Cần cập nhật firmware
P14109,Gripper robot,Phụ kiện robot,P14115,Bộ chuyển động,Phụ kiện robot,Tương thích một phần,0.67,Cần adapter chuyển đổi
P14109,Gripper robot,Phụ kiện robot,P14116,Đế xoay,Phụ kiện robot,Tương thích hoàn toàn,0.92,Cần nguồn điện phù hợp
P14109,Gripper robot,Phụ kiện robot,P14117,Kit lắp ráp robot,Phụ kiện robot,Tương thích một phần,0.54,Cần cập nhật firmware
P14110,Giá đỡ camera,Phụ kiện robot,P14111,Giá đỡ camera,Phụ kiện robot,Không tương thích,0.17,Cần firmware tương thích
P14110,Giá đỡ camera,Phụ kiện robot,P14112,Bộ đồ chơi robot,Phụ kiện robot,Tương thích một phần,0.61,Cần thiết bị trung gian
P14110,Giá đỡ camera,Phụ kiện robot,P14113,Bộ đồ chơi robot,Phụ kiện robot,Không tương thích,0.36,Cần cài đặt driver
P14110,Giá đỡ camera,Phụ kiện robot,P14114,Mô-đun tránh vật cản,Phụ kiện robot,Tương thích hoàn toàn,0.83,Cần cài đặt driver
P14110,Giá đỡ camera,Phụ kiện robot,P14115,Bộ chuyển động,Phụ kiện robot,Tương thích một phần,0.52,Cần cấu hình thêm
P14110,Giá đỡ camera,Phụ kiện robot,P14116,Đế xoay,Phụ kiện robot,Tương thích một phần,0.67,Cần driver phù hợp
P14110,Giá đỡ camera,Phụ kiện robot,P14117,Kit lắp ráp robot,Phụ kiện robot,Không tương thích,0.35,Cần cập nhật firmware
P14111,Giá đỡ camera,Phụ kiện robot,P14112,Bộ đồ chơi robot,Phụ kiện robot,Tương thích một phần,0.63,Cần cập nhật firmware
P14111,Giá đỡ camera,Phụ kiện robot,P14113,Bộ đồ chơi robot,Phụ kiện robot,Tương thích hoàn toàn,0.99,Cần adapter chuyển đổi
P14111,Giá đỡ camera,Phụ kiện robot,P14114,Mô-đun tránh vật cản,Phụ kiện robot,Tương thích một phần,0.73,Cần driver phù hợp
P14111,Giá đỡ camera,Phụ kiện robot,P14115,Bộ chuyển động,Phụ kiện robot,Tương thích một phần,0.69,Cần phần mềm hỗ trợ
P14111,Giá đỡ camera,Phụ kiện robot,P14116,Đế xoay,Phụ kiện robot,Tương thích hoàn toàn,0.94,Cần cài đặt driver
P14111,Giá đỡ camera,Phụ kiện robot,P14117,Kit lắp ráp robot,Phụ kiện robot,Tương thích một phần,0.69,Cần phần mềm hỗ trợ
P14112,Bộ đồ chơi robot,Phụ kiện robot,P14113,Bộ đồ chơi robot,Phụ kiện robot,Tương thích một phần,0.67,Cần phần mềm hỗ trợ
P14112,Bộ đồ chơi robot,Phụ kiện robot,P14114,Mô-đun tránh vật cản,Phụ kiện robot,Tương thích một phần,0.57,Cần adapter chuyển đổi
P14112,Bộ đồ chơi robot,Phụ kiện robot,P14115,Bộ chuyển động,Phụ kiện robot,Tương thích một phần,0.52,Cần cài đặt driver
P14112,Bộ đồ chơi robot,Phụ kiện robot,P14116,Đế xoay,Phụ kiện robot,Tương thích một phần,0.63,Cần thiết bị trung gian
P14112,Bộ đồ chơi robot,Phụ kiện robot,P14117,Kit lắp ráp robot,Phụ kiện robot,Tương thích một phần,0.76,Cần firmware tương thích
P14113,Bộ đồ chơi robot,Phụ kiện robot,P14114,Mô-đun tránh vật cản,Phụ kiện robot,Không tương thích,0.27,Cần adapter chuyển đổi
P14113,Bộ đồ chơi robot,Phụ kiện robot,P14115,Bộ chuyển động,Phụ kiện robot,Không tương thích,0.14,Cần driver phù hợp
P14113,Bộ đồ chơi robot,Phụ kiện robot,P14116,Đế xoay,Phụ kiện robot,Tương thích một phần,0.74,Cần adapter chuyển đổi
P14113,Bộ đồ chơi robot,Phụ kiện robot,P14117,Kit lắp ráp robot,Phụ kiện robot,Tương thích hoàn toàn,0.83,Có thể kết nối trực tiếp
P14114,Mô-đun tránh vật cản,Phụ kiện robot,P14115,Bộ chuyển động,Phụ kiện robot,Tương thích hoàn toàn,0.81,Cần firmware tương thích
P14114,Mô-đun tránh vật cản,Phụ kiện robot,P14116,Đế xoay,Phụ kiện robot,Tương thích hoàn toàn,0.87,Cần firmware tương thích
P14114,Mô-đun tránh vật cản,Phụ kiện robot,P14117,Kit lắp ráp robot,Phụ kiện robot,Tương thích một phần,0.65,Cần adapter chuyển đổi
P14115,Bộ chuyển động,Phụ kiện robot,P14116,Đế xoay,Phụ kiện robot,Tương thích một phần,0.55,Cần driver phù hợp
P14115,Bộ chuyển động,Phụ kiện robot,P14117,Kit lắp ráp robot,Phụ kiện robot,Không tương thích,0.13,Cần firmware tương thích
P14116,Đế xoay,Phụ kiện robot,P14117,Kit lắp ráp robot,Phụ kiện robot,Tương thích một phần,0.72,Cần cấu hình thêm
P15101,Đèn LED,Đèn & Chiếu sáng,P15102,Đèn LED,Đèn & Chiếu sáng,Tương thích hoàn toàn,0.87,Cần cài đặt driver
P15101,Đèn LED,Đèn & Chiếu sáng,P15103,Đèn LED,Đèn & Chiếu sáng,Tương thích hoàn toàn,0.81,Có thể kết nối trực tiếp
P15101,Đèn LED,Đèn & Chiếu sáng,P15104,Đèn UV,Đèn & Chiếu sáng,Tương thích hoàn toàn,0.93,Cần adapter chuyển đổi
P15101,Đèn LED,Đèn & Chiếu sáng,P15105,Đèn UV,Đèn & Chiếu sáng,Tương thích một phần,0.61,Cần cập nhật firmware
P15101,Đèn LED,Đèn & Chiếu sáng,P15106,Đèn hồng ngoại,Đèn & Chiếu sáng,Tương thích một phần,0.77,Cần thiết bị trung gian
P15101,Đèn LED,Đèn & Chiếu sáng,P15107,Đèn hồng ngoại,Đèn & Chiếu sáng,Tương thích hoàn toàn,0.85,Có thể kết nối trực tiếp
P15101,Đèn LED,Đèn & Chiếu sáng,P15108,Strip LED,Đèn & Chiếu sáng,Tương thích hoàn toàn,0.97,Cần cấu hình thêm
P15101,Đèn LED,Đèn & Chiếu sáng,P15109,Strip LED,Đèn & Chiếu sáng,Tương thích một phần,0.72,Cần thiết bị trung gian
P15101,Đèn LED,Đèn & Chiếu sáng,P15110,Bóng đèn thông minh,Đèn & Chiếu sáng,Tương thích hoàn toàn,0.92,Cần cài đặt driver
P15101,Đèn LED,Đèn & Chiếu sáng,P15111,Bóng đèn thông minh,Đèn & Chiếu sáng,Tương thích hoàn toàn,0.87,Cần adapter chuyển đổi
P15101,Đèn LED,Đèn & Chiếu sáng,P15112,Bộ điều khiển LED,Đèn & Chiếu sáng,Tương thích một phần,0.77,Cần thiết bị trung gian
P15101,Đèn LED,Đèn & Chiếu sáng,P15113,Bộ điều khiển LED,Đèn & Chiếu sáng,Không tương thích,0.2,Cần phần mềm hỗ trợ
P15101,Đèn LED,Đèn & Chiếu sáng,P15114,Đèn tín hiệu,Đèn & Chiếu sáng,Tương thích hoàn toàn,0.93,Cần thiết bị trung gian
P15101,Đèn LED,Đèn & Chiếu sáng,P15115,Module đèn nhấp nháy,Đèn & Chiếu sáng,Không tương thích,0.23,Cần cài đặt driver
P15101,Đèn LED,Đèn & Chiếu sáng,P15116,Bộ cấp nguồn LED,Đèn & Chiếu sáng,Tương thích hoàn toàn,0.94,Cần cấu hình thêm
P15101,Đèn LED,Đèn & Chiếu sáng,P15117,Đèn laser,Đèn & Chiếu sáng,Tương thích một phần,0.79,Có thể kết nối trực tiếp
P15102,Đèn LED,Đèn & Chiếu sáng,P15103,Đèn LED,Đèn & Chiếu sáng,Tương thích một phần,0.75,Cần nguồn điện phù hợp
P15102,Đèn LED,Đèn & Chiếu sáng,P15104,Đèn UV,Đèn & Chiếu sáng,Tương thích một phần,0.52,Cần cập nhật firmware
P15102,Đèn LED,Đèn & Chiếu sáng,P15105,Đèn UV,Đèn & Chiếu sáng,Tương thích một phần,0.6,Cần adapter chuyển đổi
P15102,Đèn LED,Đèn & Chiếu sáng,P15106,Đèn hồng ngoại,Đèn & Chiếu sáng,Tương thích hoàn toàn,0.88,Cần cài đặt driver
P15102,Đèn LED,Đèn & Chiếu sáng,P15107,Đèn hồng ngoại,Đèn & Chiếu sáng,Tương thích hoàn toàn,0.93,Có thể kết nối trực tiếp
P15102,Đèn LED,Đèn & Chiếu sáng,P15108,Strip LED,Đèn & Chiếu sáng,Tương thích hoàn toàn,0.85,Cần cấu hình thêm
P15102,Đèn LED,Đèn & Chiếu sáng,P15109,Strip LED,Đèn & Chiếu sáng,Không tương thích,0.26,Có thể kết nối trực tiếp
P15102,Đèn LED,Đèn & Chiếu sáng,P15110,Bóng đèn thông minh,Đèn & Chiếu sáng,Không tương thích,0.27,Cần cấu hình thêm
P15102,Đèn LED,Đèn & Chiếu sáng,P15111,Bóng đèn thông minh,Đèn & Chiếu sáng,Tương thích một phần,0.57,Cần firmware tương thích
P15102,Đèn LED,Đèn & Chiếu sáng,P15112,Bộ điều khiển LED,Đèn & Chiếu sáng,Không tương thích,0.39,Cần firmware tương thích
P15102,Đèn LED,Đèn & Chiếu sáng,P15113,Bộ điều khiển LED,Đèn & Chiếu sáng,Tương thích hoàn toàn,0.85,Cần thiết bị trung gian
P15102,Đèn LED,Đèn & Chiếu sáng,P15114,Đèn tín hiệu,Đèn & Chiếu sáng,Tương thích một phần,0.65,Cần cài đặt driver
P15102,Đèn LED,Đèn & Chiếu sáng,P15115,Module đèn nhấp nháy,Đèn & Chiếu sáng,Tương thích một phần,0.58,Cần cấu hình thêm
P15102,Đèn LED,Đèn & Chiếu sáng,P15116,Bộ cấp nguồn LED,Đèn & Chiếu sáng,Không tương thích,0.2,Cần cập nhật firmware
P15102,Đèn LED,Đèn & Chiếu sáng,P15117,Đèn laser,Đèn & Chiếu sáng,Tương thích hoàn toàn,0.88,Cần thiết bị trung gian
P15103,Đèn LED,Đèn & Chiếu sáng,P15104,Đèn UV,Đèn & Chiếu sáng,Tương thích hoàn toàn,0.86,Cần driver phù hợp
P15103,Đèn LED,Đèn & Chiếu sáng,P15105,Đèn UV,Đèn & Chiếu sáng,Tương thích một phần,0.68,Cần firmware tương thích
P15103,Đèn LED,Đèn & Chiếu sáng,P15106,Đèn hồng ngoại,Đèn & Chiếu sáng,Không tương thích,0.09,Cần thiết bị trung gian
P15103,Đèn LED,Đèn & Chiếu sáng,P15107,Đèn hồng ngoại,Đèn & Chiếu sáng,Tương thích hoàn toàn,0.89,Cần cập nhật firmware
P15103,Đèn LED,Đèn & Chiếu sáng,P15108,Strip LED,Đèn & Chiếu sáng,Tương thích một phần,0.68,Cần thiết bị trung gian
P15103,Đèn LED,Đèn & Chiếu sáng,P15109,Strip LED,Đèn & Chiếu sáng,Tương thích hoàn toàn,0.89,Cần cấu hình thêm
P15103,Đèn LED,Đèn & Chiếu sáng,P15110,Bóng đèn thông minh,Đèn & Chiếu sáng,Tương thích hoàn toàn,0.85,Có thể kết nối trực tiếp
P15103,Đèn LED,Đèn & Chiếu sáng,P15111,Bóng đèn thông minh,Đèn & Chiếu sáng,Tương thích một phần,0.54,Cần adapter chuyển đổi
P15103,Đèn LED,Đèn & Chiếu sáng,P15112,Bộ điều khiển LED,Đèn & Chiếu sáng,Tương thích một phần,0.65,Cần driver phù hợp
P15103,Đèn LED,Đèn & Chiếu sáng,P15113,Bộ điều khiển LED,Đèn & Chiếu sáng,Tương thích một phần,0.61,Có thể kết nối trực tiếp
P15103,Đèn LED,Đèn & Chiếu sáng,P15114,Đèn tín hiệu,Đèn & Chiếu sáng,Không tương thích,0.1,Cần phần mềm hỗ trợ
P15103,Đèn LED,Đèn & Chiếu sáng,P15115,Module đèn nhấp nháy,Đèn & Chiếu sáng,Tương thích một phần,0.62,Cần nguồn điện phù hợp
P15103,Đèn LED,Đèn & Chiếu sáng,P15116,Bộ cấp nguồn LED,Đèn & Chiếu sáng,Tương thích hoàn toàn,0.98,Có thể kết nối trực tiếp
P15103,Đèn LED,Đèn & Chiếu sáng,P15117,Đèn laser,Đèn & Chiếu sáng,Tương thích một phần,0.52,Cần cài đặt driver
P15104,Đèn UV,Đèn & Chiếu sáng,P15105,Đèn UV,Đèn & Chiếu sáng,Tương thích một phần,0.69,Cần cấu hình thêm
P15104,Đèn UV,Đèn & Chiếu sáng,P15106,Đèn hồng ngoại,Đèn & Chiếu sáng,Tương thích hoàn toàn,0.85,Cần driver phù hợp
P15104,Đèn UV,Đèn & Chiếu sáng,P15107,Đèn hồng ngoại,Đèn & Chiếu sáng,Không tương thích,0.34,Cần driver phù hợp
P15104,Đèn UV,Đèn & Chiếu sáng,P15108,Strip LED,Đèn & Chiếu sáng,Không tương thích,0.13,Cần thiết bị trung gian
P15104,Đèn UV,Đèn & Chiếu sáng,P15109,Strip LED,Đèn & Chiếu sáng,Không tương thích,0.11,Cần adapter chuyển đổi
P15104,Đèn UV,Đèn & Chiếu sáng,P15110,Bóng đèn thông minh,Đèn & Chiếu sáng,Tương thích một phần,0.71,Cần thiết bị trung gian
P15104,Đèn UV,Đèn & Chiếu sáng,P15111,Bóng đèn thông minh,Đèn & Chiếu sáng,Tương thích một phần,0.5,Cần thiết bị trung gian
P15104,Đèn UV,Đèn & Chiếu sáng,P15112,Bộ điều khiển LED,Đèn & Chiếu sáng,Tương thích một phần,0.8,Cần cài đặt driver
P15104,Đèn UV,Đèn & Chiếu sáng,P15113,Bộ điều khiển LED,Đèn & Chiếu sáng,Tương thích hoàn toàn,0.84,Cần adapter chuyển đổi
P15104,Đèn UV,Đèn & Chiếu sáng,P15114,Đèn tín hiệu,Đèn & Chiếu sáng,Không tương thích,0.0,Có thể kết nối trực tiếp
P15104,Đèn UV,Đèn & Chiếu sáng,P15115,Module đèn nhấp nháy,Đèn & Chiếu sáng,Không tương thích,0.16,Cần driver phù hợp
P15104,Đèn UV,Đèn & Chiếu sáng,P15116,Bộ cấp nguồn LED,Đèn & Chiếu sáng,Không tương thích,0.08,Cần adapter chuyển đổi
P15104,Đèn UV,Đèn & Chiếu sáng,P15117,Đèn laser,Đèn & Chiếu sáng,Tương thích một phần,0.73,Cần cấu hình thêm
P15105,Đèn UV,Đèn & Chiếu sáng,P15106,Đèn hồng ngoại,Đèn & Chiếu sáng,Tương thích một phần,0.73,Cần thiết bị trung gian
P15105,Đèn UV,Đèn & Chiếu sáng,P15107,Đèn hồng ngoại,Đèn & Chiếu sáng,Tương thích một phần,0.73,Cần cài đặt driver
P15105,Đèn UV,Đèn & Chiếu sáng,P15108,Strip LED,Đèn & Chiếu sáng,Tương thích hoàn toàn,0.92,Cần firmware tương thích
P15105,Đèn UV,Đèn & Chiếu sáng,P15109,Strip LED,Đèn & Chiếu sáng,Tương thích hoàn toàn,0.82,Có thể kết nối trực tiếp
P15105,Đèn UV,Đèn & Chiếu sáng,P15110,Bóng đèn thông minh,Đèn & Chiếu sáng,Tương thích hoàn toàn,0.92,Cần cập nhật firmware
P15105,Đèn UV,Đèn & Chiếu sáng,P15111,Bóng đèn thông minh,Đèn & Chiếu sáng,Tương thích một phần,0.56,Có thể kết nối trực tiếp
P15105,Đèn UV,Đèn & Chiếu sáng,P15112,Bộ điều khiển LED,Đèn & Chiếu sáng,Không tương thích,0.21,Cần cấu hình thêm
P15105,Đèn UV,Đèn & Chiếu sáng,P15113,Bộ điều khiển LED,Đèn & Chiếu sáng,Tương thích một phần,0.71,Cần firmware tương thích
P15105,Đèn UV,Đèn & Chiếu sáng,P15114,Đèn tín hiệu,Đèn & Chiếu sáng,Tương thích một phần,0.5,Có thể kết nối trực tiếp
P15105,Đèn UV,Đèn & Chiếu sáng,P15115,Module đèn nhấp nháy,Đèn & Chiếu sáng,Tương thích hoàn toàn,0.88,Cần thiết bị trung gian
P15105,Đèn UV,Đèn & Chiếu sáng,P15116,Bộ cấp nguồn LED,Đèn & Chiếu sáng,Tương thích một phần,0.58,Cần cập nhật firmware
P15105,Đèn UV,Đèn & Chiếu sáng,P15117,Đèn laser,Đèn & Chiếu sáng,Tương thích hoàn toàn,0.95,Cần phần mềm hỗ trợ
P15106,Đèn hồng ngoại,Đèn & Chiếu sáng,P15107,Đèn hồng ngoại,Đèn & Chiếu sáng,Tương thích một phần,0.59,Cần cài đặt driver
P15106,Đèn hồng ngoại,Đèn & Chiếu sáng,P15108,Strip LED,Đèn & Chiếu sáng,Không tương thích,0.02,Cần cập nhật firmware
P15106,Đèn hồng ngoại,Đèn & Chiếu sáng,P15109,Strip LED,Đèn & Chiếu sáng,Tương thích hoàn toàn,0.92,Có thể kết nối trực tiếp
P15106,Đèn hồng ngoại,Đèn & Chiếu sáng,P15110,Bóng đèn thông minh,Đèn & Chiếu sáng,Tương thích hoàn toàn,0.91,Cần thiết bị trung gian
P15106,Đèn hồng ngoại,Đèn & Chiếu sáng,P15111,Bóng đèn thông minh,Đèn & Chiếu sáng,Không tương thích,0.05,Cần cấu hình thêm
P15106,Đèn hồng ngoại,Đèn & Chiếu sáng,P15112,Bộ điều khiển LED,Đèn & Chiếu sáng,Tương thích một phần,0.66,Cần thiết bị trung gian
P15106,Đèn hồng ngoại,Đèn & Chiếu sáng,P15113,Bộ điều khiển LED,Đèn & Chiếu sáng,Tương thích một phần,0.75,Cần driver phù hợp
P15106,Đèn hồng ngoại,Đèn & Chiếu sáng,P15114,Đèn tín hiệu,Đèn & Chiếu sáng,Tương thích một phần,0.77,Cần firmware tương thích
P15106,Đèn hồng ngoại,Đèn & Chiếu sáng,P15115,Module đèn nhấp nháy,Đèn & Chiếu sáng,Tương thích một phần,0.77,Cần driver phù hợp
P15106,Đèn hồng ngoại,Đèn & Chiếu sáng,P15116,Bộ cấp nguồn LED,Đèn & Chiếu sáng,Tương thích hoàn toàn,0.87,Cần adapter chuyển đổi
P15106,Đèn hồng ngoại,Đèn & Chiếu sáng,P15117,Đèn laser,Đèn & Chiếu sáng,Tương thích một phần,0.65,Cần cập nhật firmware
P15107,Đèn hồng ngoại,Đèn & Chiếu sáng,P15108,Strip LED,Đèn & Chiếu sáng,Tương thích hoàn toàn,0.97,Cần firmware tương thích
P15107,Đèn hồng ngoại,Đèn & Chiếu sáng,P15109,Strip LED,Đèn & Chiếu sáng,Tương thích một phần,0.8,Cần adapter chuyển đổi
P15107,Đèn hồng ngoại,Đèn & Chiếu sáng,P15110,Bóng đèn thông minh,Đèn & Chiếu sáng,Tương thích một phần,0.56,Có thể kết nối trực tiếp
P15107,Đèn hồng ngoại,Đèn & Chiếu sáng,P15111,Bóng đèn thông minh,Đèn & Chiếu sáng,Không tương thích,0.25,Cần driver phù hợp
P15107,Đèn hồng ngoại,Đèn & Chiếu sáng,P15112,Bộ điều khiển LED,Đèn & Chiếu sáng,Tương thích hoàn toàn,0.94,Cần driver phù hợp
P15107,Đèn hồng ngoại,Đèn & Chiếu sáng,P15113,Bộ điều khiển LED,Đèn & Chiếu sáng,Tương thích một phần,0.56,Cần phần mềm hỗ trợ
P15107,Đèn hồng ngoại,Đèn & Chiếu sáng,P15114,Đèn tín hiệu,Đèn & Chiếu sáng,Không tương thích,0.04,Có thể kết nối trực tiếp
P15107,Đèn hồng ngoại,Đèn & Chiếu sáng,P15115,Module đèn nhấp nháy,Đèn & Chiếu sáng,Tương thích một phần,0.64,Cần driver phù hợp
P15107,Đèn hồng ngoại,Đèn & Chiếu sáng,P15116,Bộ cấp nguồn LED,Đèn & Chiếu sáng,Tương thích một phần,0.79,Có thể kết nối trực tiếp
P15107,Đèn hồng ngoại,Đèn & Chiếu sáng,P15117,Đèn laser,Đèn & Chiếu sáng,Tương thích hoàn toàn,0.93,Cần cấu hình thêm
P15108,Strip LED,Đèn & Chiếu sáng,P15109,Strip LED,Đèn & Chiếu sáng,Không tương thích,0.07,Cần cài đặt driver
P15108,Strip LED,Đèn & Chiếu sáng,P15110,Bóng đèn thông minh,Đèn & Chiếu sáng,Tương thích một phần,0.55,Có thể kết nối trực tiếp
P15108,Strip LED,Đèn & Chiếu sáng,P15111,Bóng đèn thông minh,Đèn & Chiếu sáng,Không tương thích,0.32,Cần firmware tương thích
P15108,Strip LED,Đèn & Chiếu sáng,P15112,Bộ điều khiển LED,Đèn & Chiếu sáng,Tương thích hoàn toàn,0.95,Cần firmware tương thích
P15108,Strip LED,Đèn & Chiếu sáng,P15113,Bộ điều khiển LED,Đèn & Chiếu sáng,Tương thích một phần,0.71,Cần phần mềm hỗ trợ
P15108,Strip LED,Đèn & Chiếu sáng,P15114,Đèn tín hiệu,Đèn & Chiếu sáng,Tương thích hoàn toàn,0.96,Cần phần mềm hỗ trợ
P15108,Strip LED,Đèn & Chiếu sáng,P15115,Module đèn nhấp nháy,Đèn & Chiếu sáng,Tương thích một phần,0.57,Cần cài đặt driver
P15108,Strip LED,Đèn & Chiếu sáng,P15116,Bộ cấp nguồn LED,Đèn & Chiếu sáng,Tương thích một phần,0.68,Cần cài đặt driver
P15108,Strip LED,Đèn & Chiếu sáng,P15117,Đèn laser,Đèn & Chiếu sáng,Tương thích một phần,0.61,Cần adapter chuyển đổi
P15109,Strip LED,Đèn & Chiếu sáng,P15110,Bóng đèn thông minh,Đèn & Chiếu sáng,Tương thích hoàn toàn,0.81,Có thể kết nối trực tiếp
P15109,Strip LED,Đèn & Chiếu sáng,P15111,Bóng đèn thông minh,Đèn & Chiếu sáng,Không tương thích,0.3,Cần firmware tương thích
P15109,Strip LED,Đèn & Chiếu sáng,P15112,Bộ điều khiển LED,Đèn & Chiếu sáng,Tương thích hoàn toàn,0.91,Cần phần mềm hỗ trợ
P15109,Strip LED,Đèn & Chiếu sáng,P15113,Bộ điều khiển LED,Đèn & Chiếu sáng,Tương thích hoàn toàn,0.94,Cần thiết bị trung gian
P15109,Strip LED,Đèn & Chiếu sáng,P15114,Đèn tín hiệu,Đèn & Chiếu sáng,Không tương thích,0.04,Có thể kết nối trực tiếp
P15109,Strip LED,Đèn & Chiếu sáng,P15115,Module đèn nhấp nháy,Đèn & Chiếu sáng,Tương thích một phần,0.52,Cần cài đặt driver
P15109,Strip LED,Đèn & Chiếu sáng,P15116,Bộ cấp nguồn LED,Đèn & Chiếu sáng,Tương thích hoàn toàn,0.85,Cần cấu hình thêm
P15109,Strip LED,Đèn & Chiếu sáng,P15117,Đèn laser,Đèn & Chiếu sáng,Tương thích hoàn toàn,0.89,Cần adapter chuyển đổi
P15110,Bóng đèn thông minh,Đèn & Chiếu sáng,P15111,Bóng đèn thông minh,Đèn & Chiếu sáng,Tương thích một phần,0.77,Cần cài đặt driver
P15110,Bóng đèn thông minh,Đèn & Chiếu sáng,P15112,Bộ điều khiển LED,Đèn & Chiếu sáng,Không tương thích,0.08,Cần driver phù hợp
P15110,Bóng đèn thông minh,Đèn & Chiếu sáng,P15113,Bộ điều khiển LED,Đèn & Chiếu sáng,Không tương thích,0.4,Cần nguồn điện phù hợp
P15110,Bóng đèn thông minh,Đèn & Chiếu sáng,P15114,Đèn tín hiệu,Đèn & Chiếu sáng,Tương thích một phần,0.55,Cần thiết bị trung gian
P15110,Bóng đèn thông minh,Đèn & Chiếu sáng,P15115,Module đèn nhấp nháy,Đèn & Chiếu sáng,Tương thích một phần,0.51,Cần cấu hình thêm
P15110,Bóng đèn thông minh,Đèn & Chiếu sáng,P15116,Bộ cấp nguồn LED,Đèn & Chiếu sáng,Không tương thích,0.12,Cần firmware tương thích
P15110,Bóng đèn thông minh,Đèn & Chiếu sáng,P15117,Đèn laser,Đèn & Chiếu sáng,Tương thích một phần,0.66,Cần cài đặt driver
P15111,Bóng đèn thông minh,Đèn & Chiếu sáng,P15112,Bộ điều khiển LED,Đèn & Chiếu sáng,Không tương thích,0.02,Cần cấu hình thêm
P15111,Bóng đèn thông minh,Đèn & Chiếu sáng,P15113,Bộ điều khiển LED,Đèn & Chiếu sáng,Tương thích hoàn toàn,0.96,Cần phần mềm hỗ trợ
P15111,Bóng đèn thông minh,Đèn & Chiếu sáng,P15114,Đèn tín hiệu,Đèn & Chiếu sáng,Không tương thích,0.36,Cần phần mềm hỗ trợ
P15111,Bóng đèn thông minh,Đèn & Chiếu sáng,P15115,Module đèn nhấp nháy,Đèn & Chiếu sáng,Không tương thích,0.08,Cần driver phù hợp
P15111,Bóng đèn thông minh,Đèn & Chiếu sáng,P15116,Bộ cấp nguồn LED,Đèn & Chiếu sáng,Không tương thích,0.2,Cần adapter chuyển đổi
P15111,Bóng đèn thông minh,Đèn & Chiếu sáng,P15117,Đèn laser,Đèn & Chiếu sáng,Tương thích một phần,0.71,Cần firmware tương thích
P15112,Bộ điều khiển LED,Đèn & Chiếu sáng,P15113,Bộ điều khiển LED,Đèn & Chiếu sáng,Tương thích một phần,0.53,Cần cài đặt driver
P15112,Bộ điều khiển LED,Đèn & Chiếu sáng,P15114,Đèn tín hiệu,Đèn & Chiếu sáng,Tương thích hoàn toàn,0.82,Cần cài đặt driver
P15112,Bộ điều khiển LED,Đèn & Chiếu sáng,P15115,Module đèn nhấp nháy,Đèn & Chiếu sáng,Tương thích hoàn toàn,0.81,Cần firmware tương thích
P15112,Bộ điều khiển LED,Đèn & Chiếu sáng,P15116,Bộ cấp nguồn LED,Đèn & Chiếu sáng,Tương thích một phần,0.63,Cần phần mềm hỗ trợ
P15112,Bộ điều khiển LED,Đèn & Chiếu sáng,P15117,Đèn laser,Đèn & Chiếu sáng,Không tương thích,0.19,Cần firmware tương thích
P15113,Bộ điều khiển LED,Đèn & Chiếu sáng,P15114,Đèn tín hiệu,Đèn & Chiếu sáng,Tương thích hoàn toàn,0.85,Cần cài đặt driver
P15113,Bộ điều khiển LED,Đèn & Chiếu sáng,P15115,Module đèn nhấp nháy,Đèn & Chiếu sáng,Tương thích hoàn toàn,0.91,Cần cài đặt driver
P15113,Bộ điều khiển LED,Đèn & Chiếu sáng,P15116,Bộ cấp nguồn LED,Đèn & Chiếu sáng,Tương thích một phần,0.51,Cần cài đặt driver
P15113,Bộ điều khiển LED,Đèn & Chiếu sáng,P15117,Đèn laser,Đèn & Chiếu sáng,Tương thích một phần,0.65,Cần adapter chuyển đổi
P15114,Đèn tín hiệu,Đèn & Chiếu sáng,P15115,Module đèn nhấp nháy,Đèn & Chiếu sáng,Tương thích một phần,0.64,Cần driver phù hợp
P15114,Đèn tín hiệu,Đèn & Chiếu sáng,P15116,Bộ cấp nguồn LED,Đèn & Chiếu sáng,Tương thích một phần,0.65,Có thể kết nối trực tiếp
P15114,Đèn tín hiệu,Đèn & Chiếu sáng,P15117,Đèn laser,Đèn & Chiếu sáng,Tương thích hoàn toàn,0.8,Cần phần mềm hỗ trợ
P15115,Module đèn nhấp nháy,Đèn & Chiếu sáng,P15116,Bộ cấp nguồn LED,Đèn & Chiếu sáng,Tương thích hoàn toàn,0.97,Cần cập nhật firmware
P15115,Module đèn nhấp nháy,Đèn & Chiếu sáng,P15117,Đèn laser,Đèn & Chiếu sáng,Tương thích một phần,0.55,Cần firmware tương thích
P15116,Bộ cấp nguồn LED,Đèn & Chiếu sáng,P15117,Đèn laser,Đèn & Chiếu sáng,Tương thích một phần,0.59,Cần nguồn điện phù hợp
P16101,Module camera,An ninh & Giám sát,P16102,Module camera,An ninh & Giám sát,Tương thích một phần,0.77,Cần adapter chuyển đổi
P16101,Module camera,An ninh & Giám sát,P16103,Module camera,An ninh & Giám sát,Tương thích một phần,0.59,Cần phần mềm hỗ trợ
P16101,Module camera,An ninh & Giám sát,P16104,Cảm biến chuyển động PIR,An ninh & Giám sát,Tương thích một phần,0.63,Cần adapter chuyển đổi
P16101,Module camera,An ninh & Giám sát,P16105,Cảm biến chuyển động PIR,An ninh & Giám sát,Không tương thích,0.22,Cần thiết bị trung gian
P16101,Module camera,An ninh & Giám sát,P16106,Cảm biến cửa,An ninh & Giám sát,Tương thích một phần,0.55,Cần nguồn điện phù hợp
P16101,Module camera,An ninh & Giám sát,P16107,Cảm biến cửa,An ninh & Giám sát,Tương thích hoàn toàn,0.83,Cần phần mềm hỗ trợ
P16101,Module camera,An ninh & Giám sát,P16108,Cảm biến rung động,An ninh & Giám sát,Tương thích hoàn toàn,0.96,Cần adapter chuyển đổi
P16101,Module camera,An ninh & Giám sát,P16109,Cảm biến rung động,An ninh & Giám sát,Tương thích hoàn toàn,0.97,Cần firmware tương thích
P16101,Module camera,An ninh & Giám sát,P16110,Cảm biến khói,An ninh & Giám sát,Tương thích hoàn toàn,0.99,Cần nguồn điện phù hợp
P16101,Module camera,An ninh & Giám sát,P16111,Cảm biến khói,An ninh & Giám sát,Không tương thích,0.2,Cần nguồn điện phù hợp
P16101,Module camera,An ninh & Giám sát,P16112,Module báo động,An ninh & Giám sát,Tương thích một phần,0.55,Cần cấu hình thêm
P16101,Module camera,An ninh & Giám sát,P16113,Module báo động,An ninh & Giám sát,Tương thích hoàn toàn,0.83,Cần adapter chuyển đổi
P16101,Module camera,An ninh & Giám sát,P16114,Thiết bị nhận dạng,An ninh & Giám sát,Tương thích một phần,0.75,Cần nguồn điện phù hợp
P16101,Module camera,An ninh & Giám sát,P16115,Cảm biến vỡ kính,An ninh & Giám sát,Tương thích hoàn toàn,0.94,Cần firmware tương thích
P16101,Module camera,An ninh & Giám sát,P16116,Bộ điều khiển trung tâm,An ninh & Giám sát,Không tương thích,0.35,Cần driver phù hợp
P16101,Module camera,An ninh & Giám sát,P16117,Cảm biến rò rỉ nước,An ninh & Giám sát,Không tương thích,0.07,Cần adapter chuyển đổi
P16102,Module camera,An ninh & Giám sát,P16103,Module camera,An ninh & Giám sát,Tương thích một phần,0.5,Có thể kết nối trực tiếp
P16102,Module camera,An ninh & Giám sát,P16104,Cảm biến chuyển động PIR,An ninh & Giám sát,Tương thích hoàn toàn,0.8,Cần firmware tương thích
P16102,Module camera,An ninh & Giám sát,P16105,Cảm biến chuyển động PIR,An ninh & Giám sát,Tương thích một phần,0.79,Cần cập nhật firmware
P16102,Module camera,An ninh & Giám sát,P16106,Cảm biến cửa,An ninh & Giám sát,Tương thích một phần,0.65,Cần driver phù hợp
P16102,Module camera,An ninh & Giám sát,P16107,Cảm biến cửa,An ninh & Giám sát,Tương thích hoàn toàn,0.94,Có thể kết nối trực tiếp
P16102,Module camera,An ninh & Giám sát,P16108,Cảm biến rung động,An ninh & Giám sát,Tương thích một phần,0.65,Cần adapter chuyển đổi
P16102,Module camera,An ninh & Giám sát,P16109,Cảm biến rung động,An ninh & Giám sát,Tương thích một phần,0.53,Cần cập nhật firmware
P16102,Module camera,An ninh & Giám sát,P16110,Cảm biến khói,An ninh & Giám sát,Tương thích hoàn toàn,0.92,Có thể kết nối trực tiếp
P16102,Module camera,An ninh & Giám sát,P16111,Cảm biến khói,An ninh & Giám sát,Tương thích một phần,0.57,Cần cập nhật firmware
P16102,Module camera,An ninh & Giám sát,P16112,Module báo động,An ninh & Giám sát,Tương thích một phần,0.69,Cần firmware tương thích
P16102,Module camera,An ninh & Giám sát,P16113,Module báo động,An ninh & Giám sát,Không tương thích,0.16,Cần firmware tương thích
P16102,Module camera,An ninh & Giám sát,P16114,Thiết bị nhận dạng,An ninh & Giám sát,Tương thích hoàn toàn,1.0,Cần phần mềm hỗ trợ
P16102,Module camera,An ninh & Giám sát,P16115,Cảm biến vỡ kính,An ninh & Giám sát,Tương thích một phần,0.7,Cần adapter chuyển đổi
P16102,Module camera,An ninh & Giám sát,P16116,Bộ điều khiển trung tâm,An ninh & Giám sát,Tương thích hoàn toàn,0.84,Cần nguồn điện phù hợp
P16102,Module camera,An ninh & Giám sát,P16117,Cảm biến rò rỉ nước,An ninh & Giám sát,Tương thích hoàn toàn,1.0,Cần cập nhật firmware
P16103,Module camera,An ninh & Giám sát,P16104,Cảm biến chuyển động PIR,An ninh & Giám sát,Tương thích hoàn toàn,0.83,Cần cấu hình thêm
P16103,Module camera,An ninh & Giám sát,P16105,Cảm biến chuyển động PIR,An ninh & Giám sát,Tương thích một phần,0.65,Có thể kết nối trực tiếp
P16103,Module camera,An ninh & Giám sát,P16106,Cảm biến cửa,An ninh & Giám sát,Tương thích một phần,0.7,Cần adapter chuyển đổi
P16103,Module camera,An ninh & Giám sát,P16107,Cảm biến cửa,An ninh & Giám sát,Tương thích một phần,0.57,Cần phần mềm hỗ trợ
P16103,Module camera,An ninh & Giám sát,P16108,Cảm biến rung động,An ninh & Giám sát,Tương thích một phần,0.57,Cần cài đặt driver
P16103,Module camera,An ninh & Giám sát,P16109,Cảm biến rung động,An ninh & Giám sát,Không tương thích,0.2,Cần phần mềm hỗ trợ
P16103,Module camera,An ninh & Giám sát,P16110,Cảm biến khói,An ninh & Giám sát,Tương thích hoàn toàn,0.92,Cần nguồn điện phù hợp
P16103,Module camera,An ninh & Giám sát,P16111,Cảm biến khói,An ninh & Giám sát,Tương thích hoàn toàn,0.97,Có thể kết nối trực tiếp
P16103,Module camera,An ninh & Giám sát,P16112,Module báo động,An ninh & Giám sát,Không tương thích,0.38,Cần driver phù hợp
P16103,Module camera,An ninh & Giám sát,P16113,Module báo động,An ninh & Giám sát,Không tương thích,0.33,Cần nguồn điện phù hợp
P16103,Module camera,An ninh & Giám sát,P16114,Thiết bị nhận dạng,An ninh & Giám sát,Tương thích một phần,0.78,Cần cấu hình thêm
P16103,Module camera,An ninh & Giám sát,P16115,Cảm biến vỡ kính,An ninh & Giám sát,Tương thích một phần,0.6,Cần firmware tương thích
P16103,Module camera,An ninh & Giám sát,P16116,Bộ điều khiển trung tâm,An ninh & Giám sát,Tương thích hoàn toàn,0.99,Cần cập nhật firmware
P16103,Module camera,An ninh & Giám sát,P16117,Cảm biến rò rỉ nước,An ninh & Giám sát,Tương thích hoàn toàn,0.91,Cần cập nhật firmware
P16104,Cảm biến chuyển động PIR,An ninh & Giám sát,P16105,Cảm biến chuyển động PIR,An ninh & Giám sát,Tương thích một phần,0.67,Cần adapter chuyển đổi
P16104,Cảm biến chuyển động PIR,An ninh & Giám sát,P16106,Cảm biến cửa,An ninh & Giám sát,Không tương thích,0.02,Cần thiết bị trung gian
P16104,Cảm biến chuyển động PIR,An ninh & Giám sát,P16107,Cảm biến cửa,An ninh & Giám sát,Không tương thích,0.06,Cần cập nhật firmware
P16104,Cảm biến chuyển động PIR,An ninh & Giám sát,P16108,Cảm biến rung động,An ninh & Giám sát,Tương thích hoàn toàn,0.97,Cần cập nhật firmware
P16104,Cảm biến chuyển động PIR,An ninh & Giám sát,P16109,Cảm biến rung động,An ninh & Giám sát,Tương thích một phần,0.67,Cần firmware tương thích
P16104,Cảm biến chuyển động PIR,An ninh & Giám sát,P16110,Cảm biến khói,An ninh & Giám sát,Không tương thích,0.02,Cần nguồn điện phù hợp
P16104,Cảm biến chuyển động PIR,An ninh & Giám sát,P16111,Cảm biến khói,An ninh & Giám sát,Tương thích một phần,0.55,Cần phần mềm hỗ trợ
P16104,Cảm biến chuyển động PIR,An ninh & Giám sát,P16112,Module báo động,An ninh & Giám sát,Không tương thích,0.11,Cần nguồn điện phù hợp
P16104,Cảm biến chuyển động PIR,An ninh & Giám sát,P16113,Module báo động,An ninh & Giám sát,Tương thích một phần,0.63,Cần thiết bị trung gian
P16104,Cảm biến chuyển động PIR,An ninh & Giám sát,P16114,Thiết bị nhận dạng,An ninh & Giám sát,Tương thích hoàn toàn,0.85,Có thể kết nối trực tiếp
P16104,Cảm biến chuyển động PIR,An ninh & Giám sát,P16115,Cảm biến vỡ kính,An ninh & Giám sát,Tương thích hoàn toàn,0.95,Cần cập nhật firmware
P16104,Cảm biến chuyển động PIR,An ninh & Giám sát,P16116,Bộ điều khiển trung tâm,An ninh & Giám sát,Tương thích một phần,0.55,Cần cập nhật firmware
P16104,Cảm biến chuyển động PIR,An ninh & Giám sát,P16117,Cảm biến rò rỉ nước,An ninh & Giám sát,Tương thích một phần,0.78,Cần cập nhật firmware
P16105,Cảm biến chuyển động PIR,An ninh & Giám sát,P16106,Cảm biến cửa,An ninh & Giám sát,Tương thích một phần,0.55,Cần phần mềm hỗ trợ
P16105,Cảm biến chuyển động PIR,An ninh & Giám sát,P16107,Cảm biến cửa,An ninh & Giám sát,Tương thích hoàn toàn,0.93,Cần nguồn điện phù hợp
P16105,Cảm biến chuyển động PIR,An ninh & Giám sát,P16108,Cảm biến rung động,An ninh & Giám sát,Tương thích một phần,0.73,Cần driver phù hợp
P16105,Cảm biến chuyển động PIR,An ninh & Giám sát,P16109,Cảm biến rung động,An ninh & Giám sát,Tương thích một phần,0.72,Cần phần mềm hỗ trợ
P16105,Cảm biến chuyển động PIR,An ninh & Giám sát,P16110,Cảm biến khói,An ninh & Giám sát,Tương thích hoàn toàn,0.82,Có thể kết nối trực tiếp
P16105,Cảm biến chuyển động PIR,An ninh & Giám sát,P16111,Cảm biến khói,An ninh & Giám sát,Không tương thích,0.04,Có thể kết nối trực tiếp
P16105,Cảm biến chuyển động PIR,An ninh & Giám sát,P16112,Module báo động,An ninh & Giám sát,Tương thích một phần,0.56,Cần firmware tương thích
P16105,Cảm biến chuyển động PIR,An ninh & Giám sát,P16113,Module báo động,An ninh & Giám sát,Không tương thích,0.28,Cần nguồn điện phù hợp
P16105,Cảm biến chuyển động PIR,An ninh & Giám sát,P16114,Thiết bị nhận dạng,An ninh & Giám sát,Tương thích một phần,0.68,Cần thiết bị trung gian
P16105,Cảm biến chuyển động PIR,An ninh & Giám sát,P16115,Cảm biến vỡ kính,An ninh & Giám sát,Không tương thích,0.16,Cần nguồn điện phù hợp
P16105,Cảm biến chuyển động PIR,An ninh & Giám sát,P16116,Bộ điều khiển trung tâm,An ninh & Giám sát,Tương thích một phần,0.72,Cần nguồn điện phù hợp
P16105,Cảm biến chuyển động PIR,An ninh & Giám sát,P16117,Cảm biến rò rỉ nước,An ninh & Giám sát,Tương thích một phần,0.69,Cần phần mềm hỗ trợ
P16106,Cảm biến cửa,An ninh & Giám sát,P16107,Cảm biến cửa,An ninh & Giám sát,Không tương thích,0.17,Có thể kết nối trực tiếp
P16106,Cảm biến cửa,An ninh & Giám sát,P16108,Cảm biến rung động,An ninh & Giám sát,Tương thích hoàn toàn,0.9,Cần thiết bị trung gian
P16106,Cảm biến cửa,An ninh & Giám sát,P16109,Cảm biến rung động,An ninh & Giám sát,Tương thích một phần,0.56,Có thể kết nối trực tiếp
P16106,Cảm biến cửa,An ninh & Giám sát,P16110,Cảm biến khói,An ninh & Giám sát,Tương thích một phần,0.53,Có thể kết nối trực tiếp
P16106,Cảm biến cửa,An ninh & Giám sát,P16111,Cảm biến khói,An ninh & Giám sát,Tương thích hoàn toàn,0.92,Cần firmware tương thích
P16106,Cảm biến cửa,An ninh & Giám sát,P16112,Module báo động,An ninh & Giám sát,Tương thích một phần,0.61,Cần driver phù hợp
P16106,Cảm biến cửa,An ninh & Giám sát,P16113,Module báo động,An ninh & Giám sát,Tương thích một phần,0.57,Có thể kết nối trực tiếp
P16106,Cảm biến cửa,An ninh & Giám sát,P16114,Thiết bị nhận dạng,An ninh & Giám sát,Tương thích hoàn toàn,0.8,Cần cập nhật firmware
P16106,Cảm biến cửa,An ninh & Giám sát,P16115,Cảm biến vỡ kính,An ninh & Giám sát,Tương thích một phần,0.57,Cần nguồn điện phù hợp
P16106,Cảm biến cửa,An ninh & Giám sát,P16116,Bộ điều khiển trung tâm,An ninh & Giám sát,Tương thích một phần,0.66,Cần phần mềm hỗ trợ
P16106,Cảm biến cửa,An ninh & Giám sát,P16117,Cảm biến rò rỉ nước,An ninh & Giám sát,Tương thích một phần,0.78,Cần cài đặt driver
P16107,Cảm biến cửa,An ninh & Giám sát,P16108,Cảm biến rung động,An ninh & Giám sát,Không tương thích,0.0,Cần phần mềm hỗ trợ
P16107,Cảm biến cửa,An ninh & Giám sát,P16109,Cảm biến rung động,An ninh & Giám sát,Tương thích một phần,0.76,Cần cập nhật firmware
P16107,Cảm biến cửa,An ninh & Giám sát,P16110,Cảm biến khói,An ninh & Giám sát,Tương thích hoàn toàn,0.85,Cần driver phù hợp
P16107,Cảm biến cửa,An ninh & Giám sát,P16111,Cảm biến khói,An ninh & Giám sát,Không tương thích,0.36,Cần firmware tương thích
P16107,Cảm biến cửa,An ninh & Giám sát,P16112,Module báo động,An ninh & Giám sát,Tương thích một phần,0.69,Cần adapter chuyển đổi
P16107,Cảm biến cửa,An ninh & Giám sát,P16113,Module báo động,An ninh & Giám sát,Tương thích hoàn toàn,0.98,Cần adapter chuyển đổi
P16107,Cảm biến cửa,An ninh & Giám sát,P16114,Thiết bị nhận dạng,An ninh & Giám sát,Tương thích hoàn toàn,0.92,Có thể kết nối trực tiếp
P16107,Cảm biến cửa,An ninh & Giám sát,P16115,Cảm biến vỡ kính,An ninh & Giám sát,Tương thích hoàn toàn,0.97,Cần adapter chuyển đổi
P16107,Cảm biến cửa,An ninh & Giám sát,P16116,Bộ điều khiển trung tâm,An ninh & Giám sát,Tương thích một phần,0.63,Cần cấu hình thêm
P16107,Cảm biến cửa,An ninh & Giám sát,P16117,Cảm biến rò rỉ nước,An ninh & Giám sát,Tương thích một phần,0.58,Có thể kết nối trực tiếp
P16108,Cảm biến rung động,An ninh & Giám sát,P16109,Cảm biến rung động,An ninh & Giám sát,Tương thích một phần,0.73,Cần phần mềm hỗ trợ
P16108,Cảm biến rung động,An ninh & Giám sát,P16110,Cảm biến khói,An ninh & Giám sát,Tương thích một phần,0.67,Cần nguồn điện phù hợp
P16108,Cảm biến rung động,An ninh & Giám sát,P16111,Cảm biến khói,An ninh & Giám sát,Tương thích hoàn toàn,0.84,Cần cài đặt driver
P16108,Cảm biến rung động,An ninh & Giám sát,P16112,Module báo động,An ninh & Giám sát,Tương thích một phần,0.72,Có thể kết nối trực tiếp
P16108,Cảm biến rung động,An ninh & Giám sát,P16113,Module báo động,An ninh & Giám sát,Tương thích hoàn toàn,0.81,Cần phần mềm hỗ trợ
P16108,Cảm biến rung động,An ninh & Giám sát,P16114,Thiết bị nhận dạng,An ninh & Giám sát,Tương thích một phần,0.59,Cần thiết bị trung gian
P16108,Cảm biến rung động,An ninh & Giám sát,P16115,Cảm biến vỡ kính,An ninh & Giám sát,Không tương thích,0.23,Cần driver phù hợp
P16108,Cảm biến rung động,An ninh & Giám sát,P16116,Bộ điều khiển trung tâm,An ninh & Giám sát,Không tương thích,0.24,Cần cấu hình thêm
P16108,Cảm biến rung động,An ninh & Giám sát,P16117,Cảm biến rò rỉ nước,An ninh & Giám sát,Tương thích hoàn toàn,0.83,Cần driver phù hợp
P16109,Cảm biến rung động,An ninh & Giám sát,P16110,Cảm biến khói,An ninh & Giám sát,Tương thích hoàn toàn,0.96,Cần firmware tương thích
P16109,Cảm biến rung động,An ninh & Giám sát,P16111,Cảm biến khói,An ninh & Giám sát,Tương thích một phần,0.6,Cần nguồn điện phù hợp
P16109,Cảm biến rung động,An ninh & Giám sát,P16112,Module báo động,An ninh & Giám sát,Tương thích một phần,0.75,Cần phần mềm hỗ trợ
P16109,Cảm biến rung động,An ninh & Giám sát,P16113,Module báo động,An ninh & Giám sát,Tương thích một phần,0.66,Cần thiết bị trung gian
P16109,Cảm biến rung động,An ninh & Giám sát,P16114,Thiết bị nhận dạng,An ninh & Giám sát,Tương thích một phần,0.62,Cần driver phù hợp
P16109,Cảm biến rung động,An ninh & Giám sát,P16115,Cảm biến vỡ kính,An ninh & Giám sát,Tương thích hoàn toàn,0.82,Cần cập nhật firmware
P16109,Cảm biến rung động,An ninh & Giám sát,P16116,Bộ điều khiển trung tâm,An ninh & Giám sát,Tương thích một phần,0.65,Cần driver phù hợp
P16109,Cảm biến rung động,An ninh & Giám sát,P16117,Cảm biến rò rỉ nước,An ninh & Giám sát,Tương thích hoàn toàn,0.88,Cần driver phù hợp
P16110,Cảm biến khói,An ninh & Giám sát,P16111,Cảm biến khói,An ninh & Giám sát,Tương thích một phần,0.77,Cần phần mềm hỗ trợ
P16110,Cảm biến khói,An ninh & Giám sát,P16112,Module báo động,An ninh & Giám sát,Tương thích một phần,0.56,Cần thiết bị trung gian
P16110,Cảm biến khói,An ninh & Giám sát,P16113,Module báo động,An ninh & Giám sát,Tương thích một phần,0.79,Cần driver phù hợp
P16110,Cảm biến khói,An ninh & Giám sát,P16114,Thiết bị nhận dạng,An ninh & Giám sát,Tương thích một phần,0.58,Cần thiết bị trung gian
P16110,Cảm biến khói,An ninh & Giám sát,P16115,Cảm biến vỡ kính,An ninh & Giám sát,Tương thích một phần,0.71,Cần driver phù hợp
P16110,Cảm biến khói,An ninh & Giám sát,P16116,Bộ điều khiển trung tâm,An ninh & Giám sát,Tương thích một phần,0.75,Cần nguồn điện phù hợp
P16110,Cảm biến khói,An ninh & Giám sát,P16117,Cảm biến rò rỉ nước,An ninh & Giám sát,Tương thích một phần,0.74,Cần cập nhật firmware
P16111,Cảm biến khói,An ninh & Giám sát,P16112,Module báo động,An ninh & Giám sát,Tương thích hoàn toàn,0.8,Cần cấu hình thêm
P16111,Cảm biến khói,An ninh & Giám sát,P16113,Module báo động,An ninh & Giám sát,Tương thích một phần,0.69,Cần thiết bị trung gian
P16111,Cảm biến khói,An ninh & Giám sát,P16114,Thiết bị nhận dạng,An ninh & Giám sát,Tương thích một phần,0.63,Cần driver phù hợp
P16111,Cảm biến khói,An ninh & Giám sát,P16115,Cảm biến vỡ kính,An ninh & Giám sát,Tương thích hoàn toàn,0.91,Cần cài đặt driver
P16111,Cảm biến khói,An ninh & Giám sát,P16116,Bộ điều khiển trung tâm,An ninh & Giám sát,Tương thích hoàn toàn,0.86,Cần firmware tương thích
P16111,Cảm biến khói,An ninh & Giám sát,P16117,Cảm biến rò rỉ nước,An ninh & Giám sát,Không tương thích,0.36,Cần cập nhật firmware
P16112,Module báo động,An ninh & Giám sát,P16113,Module báo động,An ninh & Giám sát,Tương thích hoàn toàn,0.9,Cần driver phù hợp
P16112,Module báo động,An ninh & Giám sát,P16114,Thiết bị nhận dạng,An ninh & Giám sát,Không tương thích,0.16,Cần adapter chuyển đổi
P16112,Module báo động,An ninh & Giám sát,P16115,Cảm biến vỡ kính,An ninh & Giám sát,Tương thích hoàn toàn,0.83,Cần driver phù hợp
P16112,Module báo động,An ninh & Giám sát,P16116,Bộ điều khiển trung tâm,An ninh & Giám sát,Không tương thích,0.36,Cần nguồn điện phù hợp
P16112,Module báo động,An ninh & Giám sát,P16117,Cảm biến rò rỉ nước,An ninh & Giám sát,Tương thích một phần,0.72,Có thể kết nối trực tiếp
P16113,Module báo động,An ninh & Giám sát,P16114,Thiết bị nhận dạng,An ninh & Giám sát,Không tương thích,0.2,Cần driver phù hợp
P16113,Module báo động,An ninh & Giám sát,P16115,Cảm biến vỡ kính,An ninh & Giám sát,Tương thích một phần,0.75,Cần cài đặt driver
P16113,Module báo động,An ninh & Giám sát,P16116,Bộ điều khiển trung tâm,An ninh & Giám sát,Tương thích một phần,0.52,Cần phần mềm hỗ trợ
P16113,Module báo động,An ninh & Giám sát,P16117,Cảm biến rò rỉ nước,An ninh & Giám sát,Tương thích hoàn toàn,0.81,Cần phần mềm hỗ trợ
P16114,Thiết bị nhận dạng,An ninh & Giám sát,P16115,Cảm biến vỡ kính,An ninh & Giám sát,Tương thích hoàn toàn,0.98,Cần cấu hình thêm
P16114,Thiết bị nhận dạng,An ninh & Giám sát,P16116,Bộ điều khiển trung tâm,An ninh & Giám sát,Không tương thích,0.4,Cần phần mềm hỗ trợ
P16114,Thiết bị nhận dạng,An ninh & Giám sát,P16117,Cảm biến rò rỉ nước,An ninh & Giám sát,Tương thích một phần,0.51,Cần firmware tương thích
P16115,Cảm biến vỡ kính,An ninh & Giám sát,P16116,Bộ điều khiển trung tâm,An ninh & Giám sát,Tương thích một phần,0.64,Cần thiết bị trung gian
P16115,Cảm biến vỡ kính,An ninh & Giám sát,P16117,Cảm biến rò rỉ nước,An ninh & Giám sát,Tương thích hoàn toàn,0.8,Cần cập nhật firmware
P16116,Bộ điều khiển trung tâm,An ninh & Giám sát,P16117,Cảm biến rò rỉ nước,An ninh & Giám sát,Tương thích hoàn toàn,0.86,Cần cài đặt driver
P17101,Nút bấm,Linh kiện điều khiển,P17102,Nút bấm,Linh kiện điều khiển,Tương thích một phần,0.55,Cần thiết bị trung gian
P17101,Nút bấm,Linh kiện điều khiển,P17103,Nút bấm,Linh kiện điều khiển,Tương thích hoàn toàn,0.8,Cần thiết bị trung gian
P17101,Nút bấm,Linh kiện điều khiển,P17104,Công tắc,Linh kiện điều khiển,Tương thích một phần,0.68,Có thể kết nối trực tiếp
P17101,Nút bấm,Linh kiện điều khiển,P17105,Công tắc,Linh kiện điều khiển,Tương thích hoàn toàn,0.81,Cần cài đặt driver
P17101,Nút bấm,Linh kiện điều khiển,P17106,Công tắc hành trình,Linh kiện điều khiển,Tương thích hoàn toàn,0.96,Cần driver phù hợp
P17101,Nút bấm,Linh kiện điều khiển,P17107,Công tắc hành trình,Linh kiện điều khiển,Tương thích hoàn toàn,0.97,Cần thiết bị trung gian
P17101,Nút bấm,Linh kiện điều khiển,P17108,Bàn phím ma trận,Linh kiện điều khiển,Tương thích một phần,0.67,Cần cấu hình thêm
P17101,Nút bấm,Linh kiện điều khiển,P17109,Bàn phím ma trận,Linh kiện điều khiển,Tương thích một phần,0.79,Cần nguồn điện phù hợp
P17101,Nút bấm,Linh kiện điều khiển,P17110,Màn hình cảm ứng,Linh kiện điều khiển,Tương thích hoàn toàn,0.9,Cần firmware tương thích
P17101,Nút bấm,Linh kiện điều khiển,P17111,Màn hình cảm ứng,Linh kiện điều khiển,Tương thích hoàn toàn,0.85,Cần nguồn điện phù hợp
P17101,Nút bấm,Linh kiện điều khiển,P17112,Joystick,Linh kiện điều khiển,Không tương thích,0.18,Cần thiết bị trung gian
P17101,Nút bấm,Linh kiện điều khiển,P17113,Joystick,Linh kiện điều khiển,Tương thích một phần,0.74,Có thể kết nối trực tiếp
P17101,Nút bấm,Linh kiện điều khiển,P17114,Cảm biến vân tay,Linh kiện điều khiển,Tương thích hoàn toàn,0.96,Cần thiết bị trung gian
P17101,Nút bấm,Linh kiện điều khiển,P17115,Bộ điều khiển từ xa,Linh kiện điều khiển,Tương thích một phần,0.62,Có thể kết nối trực tiếp
P17101,Nút bấm,Linh kiện điều khiển,P17116,Rotary encoder,Linh kiện điều khiển,Tương thích một phần,0.76,Cần thiết bị trung gian
P17101,Nút bấm,Linh kiện điều khiển,P17117,Touchpad,Linh kiện điều khiển,Không tương thích,0.11,Cần cài đặt driver
P17102,Nút bấm,Linh kiện điều khiển,P17103,Nút bấm,Linh kiện điều khiển,Tương thích một phần,0.79,Cần firmware tương thích
P17102,Nút bấm,Linh kiện điều khiển,P17104,Công tắc,Linh kiện điều khiển,Tương thích một phần,0.74,Cần firmware tương thích
P17102,Nút bấm,Linh kiện điều khiển,P17105,Công tắc,Linh kiện điều khiển,Không tương thích,0.31,Cần driver phù hợp
P17102,Nút bấm,Linh kiện điều khiển,P17106,Công tắc hành trình,Linh kiện điều khiển,Không tương thích,0.36,Cần phần mềm hỗ trợ
P17102,Nút bấm,Linh kiện điều khiển,P17107,Công tắc hành trình,Linh kiện điều khiển,Tương thích một phần,0.8,Cần nguồn điện phù hợp
P17102,Nút bấm,Linh kiện điều khiển,P17108,Bàn phím ma trận,Linh kiện điều khiển,Tương thích một phần,0.61,Cần cài đặt driver
P17102,Nút bấm,Linh kiện điều khiển,P17109,Bàn phím ma trận,Linh kiện điều khiển,Tương thích một phần,0.53,Cần firmware tương thích
P17102,Nút bấm,Linh kiện điều khiển,P17110,Màn hình cảm ứng,Linh kiện điều khiển,Tương thích hoàn toàn,0.93,Cần thiết bị trung gian
P17102,Nút bấm,Linh kiện điều khiển,P17111,Màn hình cảm ứng,Linh kiện điều khiển,Tương thích một phần,0.52,Cần firmware tương thích
P17102,Nút bấm,Linh kiện điều khiển,P17112,Joystick,Linh kiện điều khiển,Tương thích một phần,0.58,Cần firmware tương thích
P17102,Nút bấm,Linh kiện điều khiển,P17113,Joystick,Linh kiện điều khiển,Tương thích hoàn toàn,0.81,Có thể kết nối trực tiếp
P17102,Nút bấm,Linh kiện điều khiển,P17114,Cảm biến vân tay,Linh kiện điều khiển,Không tương thích,0.32,Cần adapter chuyển đổi
P17102,Nút bấm,Linh kiện điều khiển,P17115,Bộ điều khiển từ xa,Linh kiện điều khiển,Tương thích hoàn toàn,0.84,Cần driver phù hợp
P17102,Nút bấm,Linh kiện điều khiển,P17116,Rotary encoder,Linh kiện điều khiển,Tương thích hoàn toàn,0.98,Cần adapter chuyển đổi
P17102,Nút bấm,Linh kiện điều khiển,P17117,Touchpad,Linh kiện điều khiển,Tương thích hoàn toàn,0.88,Cần thiết bị trung gian
P17103,Nút bấm,Linh kiện điều khiển,P17104,Công tắc,Linh kiện điều khiển,Không tương thích,0.31,Có thể kết nối trực tiếp
P17103,Nút bấm,Linh kiện điều khiển,P17105,Công tắc,Linh kiện điều khiển,Tương thích một phần,0.61,Cần cập nhật firmware
P17103,Nút bấm,Linh kiện điều khiển,P17106,Công tắc hành trình,Linh kiện điều khiển,Tương thích một phần,0.54,Cần driver phù hợp
P17103,Nút bấm,Linh kiện điều khiển,P17107,Công tắc hành trình,Linh kiện điều khiển,Tương thích một phần,0.54,Cần driver phù hợp
P17103,Nút bấm,Linh kiện điều khiển,P17108,Bàn phím ma trận,Linh kiện điều khiển,Không tương thích,0.15,Cần adapter chuyển đổi
P17103,Nút bấm,Linh kiện điều khiển,P17109,Bàn phím ma trận,Linh kiện điều khiển,Tương thích hoàn toàn,0.96,Cần driver phù hợp
P17103,Nút bấm,Linh kiện điều khiển,P17110,Màn hình cảm ứng,Linh kiện điều khiển,Tương thích một phần,0.59,Có thể kết nối trực tiếp
P17103,Nút bấm,Linh kiện điều khiển,P17111,Màn hình cảm ứng,Linh kiện điều khiển,Tương thích hoàn toàn,0.98,Cần nguồn điện phù hợp
P17103,Nút bấm,Linh kiện điều khiển,P17112,Joystick,Linh kiện điều khiển,Tương thích một phần,0.56,Cần driver phù hợp
P17103,Nút bấm,Linh kiện điều khiển,P17113,Joystick,Linh kiện điều khiển,Tương thích hoàn toàn,0.86,Cần cài đặt driver
P17103,Nút bấm,Linh kiện điều khiển,P17114,Cảm biến vân tay,Linh kiện điều khiển,Tương thích hoàn toàn,0.94,Cần cập nhật firmware
P17103,Nút bấm,Linh kiện điều khiển,P17115,Bộ điều khiển từ xa,Linh kiện điều khiển,Tương thích hoàn toàn,0.84,Cần phần mềm hỗ trợ
P17103,Nút bấm,Linh kiện điều khiển,P17116,Rotary encoder,Linh kiện điều khiển,Không tương thích,0.26,Cần driver phù hợp
P17103,Nút bấm,Linh kiện điều khiển,P17117,Touchpad,Linh kiện điều khiển,Tương thích hoàn toàn,0.9,Cần nguồn điện phù hợp
P17104,Công tắc,Linh kiện điều khiển,P17105,Công tắc,Linh kiện điều khiển,Không tương thích,0.05,Cần cập nhật firmware
P17104,Công tắc,Linh kiện điều khiển,P17106,Công tắc hành trình,Linh kiện điều khiển,Tương thích hoàn toàn,0.85,Có thể kết nối trực tiếp
P17104,Công tắc,Linh kiện điều khiển,P17107,Công tắc hành trình,Linh kiện điều khiển,Không tương thích,0.25,Cần cài đặt driver
P17104,Công tắc,Linh kiện điều khiển,P17108,Bàn phím ma trận,Linh kiện điều khiển,Tương thích một phần,0.75,Cần cập nhật firmware
P17104,Công tắc,Linh kiện điều khiển,P17109,Bàn phím ma trận,Linh kiện điều khiển,Không tương thích,0.4,Cần thiết bị trung gian
P17104,Công tắc,Linh kiện điều khiển,P17110,Màn hình cảm ứng,Linh kiện điều khiển,Tương thích một phần,0.67,Cần firmware tương thích
P17104,Công tắc,Linh kiện điều khiển,P17111,Màn hình cảm ứng,Linh kiện điều khiển,Không tương thích,0.36,Cần adapter chuyển đổi
P17104,Công tắc,Linh kiện điều khiển,P17112,Joystick,Linh kiện điều khiển,Tương thích một phần,0.65,Cần cập nhật firmware
P17104,Công tắc,Linh kiện điều khiển,P17113,Joystick,Linh kiện điều khiển,Tương thích một phần,0.58,Cần driver phù hợp
P17104,Công tắc,Linh kiện điều khiển,P17114,Cảm biến vân tay,Linh kiện điều khiển,Không tương thích,0.05,Cần phần mềm hỗ trợ
P17104,Công tắc,Linh kiện điều khiển,P17115,Bộ điều khiển từ xa,Linh kiện điều khiển,Tương thích một phần,0.66,Có thể kết nối trực tiếp
P17104,Công tắc,Linh kiện điều khiển,P17116,Rotary encoder,Linh kiện điều khiển,Không tương thích,0.39,Có thể kết nối trực tiếp
P17104,Công tắc,Linh kiện điều khiển,P17117,Touchpad,Linh kiện điều khiển,Tương thích một phần,0.76,Cần cấu hình thêm
P17105,Công tắc,Linh kiện điều khiển,P17106,Công tắc hành trình,Linh kiện điều khiển,Tương thích một phần,0.56,Cần thiết bị trung gian
P17105,Công tắc,Linh kiện điều khiển,P17107,Công tắc hành trình,Linh kiện điều khiển,Không tương thích,0.02,Cần cài đặt driver
P17105,Công tắc,Linh kiện điều khiển,P17108,Bàn phím ma trận,Linh kiện điều khiển,Tương thích một phần,0.78,Cần thiết bị trung gian
P17105,Công tắc,Linh kiện điều khiển,P17109,Bàn phím ma trận,Linh kiện điều khiển,Tương thích một phần,0.69,Cần phần mềm hỗ trợ
P17105,Công tắc,Linh kiện điều khiển,P17110,Màn hình cảm ứng,Linh kiện điều khiển,Tương thích một phần,0.54,Có thể kết nối trực tiếp
P17105,Công tắc,Linh kiện điều khiển,P17111,Màn hình cảm ứng,Linh kiện điều khiển,Không tương thích,0.05,Cần phần mềm hỗ trợ
P17105,Công tắc,Linh kiện điều khiển,P17112,Joystick,Linh kiện điều khiển,Tương thích hoàn toàn,0.91,Cần thiết bị trung gian
P17105,Công tắc,Linh kiện điều khiển,P17113,Joystick,Linh kiện điều khiển,Tương thích hoàn toàn,0.85,Cần nguồn điện phù hợp
P17105,Công tắc,Linh kiện điều khiển,P17114,Cảm biến vân tay,Linh kiện điều khiển,Không tương thích,0.24,Có thể kết nối trực tiếp
P17105,Công tắc,Linh kiện điều khiển,P17115,Bộ điều khiển từ xa,Linh kiện điều khiển,Tương thích một phần,0.59,Cần cập nhật firmware
P17105,Công tắc,Linh kiện điều khiển,P17116,Rotary encoder,Linh kiện điều khiển,Tương thích hoàn toàn,0.83,Cần nguồn điện phù hợp
P17105,Công tắc,Linh kiện điều khiển,P17117,Touchpad,Linh kiện điều khiển,Tương thích hoàn toàn,0.97,Cần phần mềm hỗ trợ
P17106,Công tắc hành trình,Linh kiện điều khiển,P17107,Công tắc hành trình,Linh kiện điều khiển,Tương thích một phần,0.7,Cần adapter chuyển đổi
P17106,Công tắc hành trình,Linh kiện điều khiển,P17108,Bàn phím ma trận,Linh kiện điều khiển,Tương thích hoàn toàn,0.97,Cần cập nhật firmware
P17106,Công tắc hành trình,Linh kiện điều khiển,P17109,Bàn phím ma trận,Linh kiện điều khiển,Tương thích hoàn toàn,0.86,Cần nguồn điện phù hợp
P17106,Công tắc hành trình,Linh kiện điều khiển,P17110,Màn hình cảm ứng,Linh kiện điều khiển,Tương thích một phần,0.53,Cần cập nhật firmware
P17106,Công tắc hành trình,Linh kiện điều khiển,P17111,Màn hình cảm ứng,Linh kiện điều khiển,Tương thích một phần,0.61,Cần adapter chuyển đổi
P17106,Công tắc hành trình,Linh kiện điều khiển,P17112,Joystick,Linh kiện điều khiển,Tương thích một phần,0.6,Có thể kết nối trực tiếp
P17106,Công tắc hành trình,Linh kiện điều khiển,P17113,Joystick,Linh kiện điều khiển,Tương thích một phần,0.56,Cần adapter chuyển đổi
P17106,Công tắc hành trình,Linh kiện điều khiển,P17114,Cảm biến vân tay,Linh kiện điều khiển,Không tương thích,0.01,Cần cập nhật firmware
P17106,Công tắc hành trình,Linh kiện điều khiển,P17115,Bộ điều khiển từ xa,Linh kiện điều khiển,Tương thích một phần,0.54,Cần thiết bị trung gian
P17106,Công tắc hành trình,Linh kiện điều khiển,P17116,Rotary encoder,Linh kiện điều khiển,Tương thích một phần,0.61,Cần adapter chuyển đổi
P17106,Công tắc hành trình,Linh kiện điều khiển,P17117,Touchpad,Linh kiện điều khiển,Tương thích hoàn toàn,0.81,Có thể kết nối trực tiếp
P17107,Công tắc hành trình,Linh kiện điều khiển,P17108,Bàn phím ma trận,Linh kiện điều khiển,Tương thích hoàn toàn,0.97,Cần cập nhật firmware
P17107,Công tắc hành trình,Linh kiện điều khiển,P17109,Bàn phím ma trận,Linh kiện điều khiển,Tương thích hoàn toàn,0.96,Có thể kết nối trực tiếp
P17107,Công tắc hành trình,Linh kiện điều khiển,P17110,Màn hình cảm ứng,Linh kiện điều khiển,Tương thích một phần,0.5,Cần nguồn điện phù hợp
P17107,Công tắc hành trình,Linh kiện điều khiển,P17111,Màn hình cảm ứng,Linh kiện điều khiển,Tương thích hoàn toàn,0.87,Cần cập nhật firmware
P17107,Công tắc hành trình,Linh kiện điều khiển,P17112,Joystick,Linh kiện điều khiển,Tương thích một phần,0.68,Cần nguồn điện phù hợp
P17107,Công tắc hành trình,Linh kiện điều khiển,P17113,Joystick,Linh kiện điều khiển,Tương thích một phần,0.65,Cần nguồn điện phù hợp
P17107,Công tắc hành trình,Linh kiện điều khiển,P17114,Cảm biến vân tay,Linh kiện điều khiển,Tương thích hoàn toàn,0.86,Cần cập nhật firmware
P17107,Công tắc hành trình,Linh kiện điều khiển,P17115,Bộ điều khiển từ xa,Linh kiện điều khiển,Tương thích hoàn toàn,0.86,Cần cập nhật firmware
P17107,Công tắc hành trình,Linh kiện điều khiển,P17116,Rotary encoder,Linh kiện điều khiển,Tương thích một phần,0.53,Có thể kết nối trực tiếp
P17107,Công tắc hành trình,Linh kiện điều khiển,P17117,Touchpad,Linh kiện điều khiển,Tương thích hoàn toàn,0.97,Cần cập nhật firmware
P17108,Bàn phím ma trận,Linh kiện điều khiển,P17109,Bàn phím ma trận,Linh kiện điều khiển,Tương thích hoàn toàn,0.83,Có thể kết nối trực tiếp
P17108,Bàn phím ma trận,Linh kiện điều khiển,P17110,Màn hình cảm ứng,Linh kiện điều khiển,Không tương thích,0.32,Cần adapter chuyển đổi
P17108,Bàn phím ma trận,Linh kiện điều khiển,P17111,Màn hình cảm ứng,Linh kiện điều khiển,Tương thích hoàn toàn,0.9,Cần cài đặt driver
P17108,Bàn phím ma trận,Linh kiện điều khiển,P17112,Joystick,Linh kiện điều khiển,Không tương thích,0.34,Cần nguồn điện phù hợp
P17108,Bàn phím ma trận,Linh kiện điều khiển,P17113,Joystick,Linh kiện điều khiển,Tương thích một phần,0.5,Cần firmware tương thích
P17108,Bàn phím ma trận,Linh kiện điều khiển,P17114,Cảm biến vân tay,Linh kiện điều khiển,Không tương thích,0.06,Cần firmware tương thích
P17108,Bàn phím ma trận,Linh kiện điều khiển,P17115,Bộ điều khiển từ xa,Linh kiện điều khiển,Tương thích hoàn toàn,0.87,Cần cấu hình thêm
P17108,Bàn phím ma trận,Linh kiện điều khiển,P17116,Rotary encoder,Linh kiện điều khiển,Tương thích một phần,0.73,Cần cấu hình thêm
P17108,Bàn phím ma trận,Linh kiện điều khiển,P17117,Touchpad,Linh kiện điều khiển,Tương thích hoàn toàn,0.99,Cần cấu hình thêm
P17109,Bàn phím ma trận,Linh kiện điều khiển,P17110,Màn hình cảm ứng,Linh kiện điều khiển,Tương thích một phần,0.5,Cần phần mềm hỗ trợ
P17109,Bàn phím ma trận,Linh kiện điều khiển,P17111,Màn hình cảm ứng,Linh kiện điều khiển,Không tương thích,0.05,Cần nguồn điện phù hợp
P17109,Bàn phím ma trận,Linh kiện điều khiển,P17112,Joystick,Linh kiện điều khiển,Tương thích một phần,0.61,Cần adapter chuyển đổi
P17109,Bàn phím ma trận,Linh kiện điều khiển,P17113,Joystick,Linh kiện điều khiển,Tương thích một phần,0.55,Có thể kết nối trực tiếp
P17109,Bàn phím ma trận,Linh kiện điều khiển,P17114,Cảm biến vân tay,Linh kiện điều khiển,Tương thích một phần,0.73,Cần firmware tương thích
P17109,Bàn phím ma trận,Linh kiện điều khiển,P17115,Bộ điều khiển từ xa,Linh kiện điều khiển,Tương thích một phần,0.78,Cần adapter chuyển đổi
P17109,Bàn phím ma trận,Linh kiện điều khiển,P17116,Rotary encoder,Linh kiện điều khiển,Tương thích một phần,0.77,Cần cài đặt driver
P17109,Bàn phím ma trận,Linh kiện điều khiển,P17117,Touchpad,Linh kiện điều khiển,Tương thích một phần,0.7,Cần phần mềm hỗ trợ
P17110,Màn hình cảm ứng,Linh kiện điều khiển,P17111,Màn hình cảm ứng,Linh kiện điều khiển,Tương thích một phần,0.67,Cần firmware tương thích
P17110,Màn hình cảm ứng,Linh kiện điều khiển,P17112,Joystick,Linh kiện điều khiển,Không tương thích,0.05,Có thể kết nối trực tiếp
P17110,Màn hình cảm ứng,Linh kiện điều khiển,P17113,Joystick,Linh kiện điều khiển,Tương thích một phần,0.54,Cần cài đặt driver
P17110,Màn hình cảm ứng,Linh kiện điều khiển,P17114,Cảm biến vân tay,Linh kiện điều khiển,Tương thích một phần,0.57,Cần cài đặt driver
P17110,Màn hình cảm ứng,Linh kiện điều khiển,P17115,Bộ điều khiển từ xa,Linh kiện điều khiển,Tương thích một phần,0.54,Cần cấu hình thêm
P17110,Màn hình cảm ứng,Linh kiện điều khiển,P17116,Rotary encoder,Linh kiện điều khiển,Tương thích một phần,0.63,Cần nguồn điện phù hợp
P17110,Màn hình cảm ứng,Linh kiện điều khiển,P17117,Touchpad,Linh kiện điều khiển,Tương thích hoàn toàn,0.87,Cần driver phù hợp
P17111,Màn hình cảm ứng,Linh kiện điều khiển,P17112,Joystick,Linh kiện điều khiển,Tương thích hoàn toàn,1.0,Cần nguồn điện phù hợp
P17111,Màn hình cảm ứng,Linh kiện điều khiển,P17113,Joystick,Linh kiện điều khiển,Không tương thích,0.35,Cần thiết bị trung gian
P17111,Màn hình cảm ứng,Linh kiện điều khiển,P17114,Cảm biến vân tay,Linh kiện điều khiển,Không tương thích,0.25,Cần cài đặt driver
P17111,Màn hình cảm ứng,Linh kiện điều khiển,P17115,Bộ điều khiển từ xa,Linh kiện điều khiển,Tương thích hoàn toàn,0.84,Cần adapter chuyển đổi
P17111,Màn hình cảm ứng,Linh kiện điều khiển,P17116,Rotary encoder,Linh kiện điều khiển,Tương thích một phần,0.55,Có thể kết nối trực tiếp
P17111,Màn hình cảm ứng,Linh kiện điều khiển,P17117,Touchpad,Linh kiện điều khiển,Tương thích một phần,0.71,Có thể kết nối trực tiếp
P17112,Joystick,Linh kiện điều khiển,P17113,Joystick,Linh kiện điều khiển,Tương thích hoàn toàn,0.85,Cần cấu hình thêm
P17112,Joystick,Linh kiện điều khiển,P17114,Cảm biến vân tay,Linh kiện điều khiển,Tương thích một phần,0.73,Cần thiết bị trung gian
P17112,Joystick,Linh kiện điều khiển,P17115,Bộ điều khiển từ xa,Linh kiện điều khiển,Tương thích một phần,0.74,Cần thiết bị trung gian
P17112,Joystick,Linh kiện điều khiển,P17116,Rotary encoder,Linh kiện điều khiển,Tương thích hoàn toàn,0.98,Cần firmware tương thích
P17112,Joystick,Linh kiện điều khiển,P17117,Touchpad,Linh kiện điều khiển,Tương thích một phần,0.76,Có thể kết nối trực tiếp
P17113,Joystick,Linh kiện điều khiển,P17114,Cảm biến vân tay,Linh kiện điều khiển,Tương thích một phần,0.58,Có thể kết nối trực tiếp
P17113,Joystick,Linh kiện điều khiển,P17115,Bộ điều khiển từ xa,Linh kiện điều khiển,Không tương thích,0.17,Cần nguồn điện phù hợp
P17113,Joystick,Linh kiện điều khiển,P17116,Rotary encoder,Linh kiện điều khiển,Tương thích một phần,0.53,Cần phần mềm hỗ trợ
P17113,Joystick,Linh kiện điều khiển,P17117,Touchpad,Linh kiện điều khiển,Tương thích hoàn toàn,0.88,Cần driver phù hợp
P17114,Cảm biến vân tay,Linh kiện điều khiển,P17115,Bộ điều khiển từ xa,Linh kiện điều khiển,Tương thích hoàn toàn,0.94,Cần adapter chuyển đổi
P17114,Cảm biến vân tay,Linh kiện điều khiển,P17116,Rotary encoder,Linh kiện điều khiển,Tương thích hoàn toàn,0.91,Cần adapter chuyển đổi
P17114,Cảm biến vân tay,Linh kiện điều khiển,P17117,Touchpad,Linh kiện điều khiển,Tương thích hoàn toàn,0.87,Cần phần mềm hỗ trợ
P17115,Bộ điều khiển từ xa,Linh kiện điều khiển,P17116,Rotary encoder,Linh kiện điều khiển,Tương thích một phần,0.67,Cần cập nhật firmware
P17115,Bộ điều khiển từ xa,Linh kiện điều khiển,P17117,Touchpad,Linh kiện điều khiển,Tương thích một phần,0.74,Cần phần mềm hỗ trợ
P17116,Rotary encoder,Linh kiện điều khiển,P17117,Touchpad,Linh kiện điều khiển,Tương thích hoàn toàn,0.94,Cần thiết bị trung gian
P18101,Sách điện tử,Tài liệu & Học liệu,P18102,Sách điện tử,Tài liệu & Học liệu,Tương thích một phần,0.74,Cần cập nhật firmware
P18101,Sách điện tử,Tài liệu & Học liệu,P18103,Sách điện tử,Tài liệu & Học liệu,Tương thích một phần,0.71,Cần adapter chuyển đổi
P18101,Sách điện tử,Tài liệu & Học liệu,P18104,Khóa học online,Tài liệu & Học liệu,Tương thích hoàn toàn,0.89,Cần driver phù hợp
P18101,Sách điện tử,Tài liệu & Học liệu,P18105,Khóa học online,Tài liệu & Học liệu,Tương thích một phần,0.71,Cần cập nhật firmware
P18101,Sách điện tử,Tài liệu & Học liệu,P18106,Bộ dự án mẫu,Tài liệu & Học liệu,Tương thích hoàn toàn,0.82,Cần firmware tương thích
P18101,Sách điện tử,Tài liệu & Học liệu,P18107,Bộ dự án mẫu,Tài liệu & Học liệu,Tương thích một phần,0.78,Có thể kết nối trực tiếp
P18101,Sách điện tử,Tài liệu & Học liệu,P18108,Sách tham khảo,Tài liệu & Học liệu,Tương thích một phần,0.52,Cần cấu hình thêm
P18101,Sách điện tử,Tài liệu & Học liệu,P18109,Sách tham khảo,Tài liệu & Học liệu,Tương thích một phần,0.53,Cần phần mềm hỗ trợ
P18101,Sách điện tử,Tài liệu & Học liệu,P18110,Video hướng dẫn,Tài liệu & Học liệu,Tương thích một phần,0.53,Cần driver phù hợp
P18101,Sách điện tử,Tài liệu & Học liệu,P18111,Video hướng dẫn,Tài liệu & Học liệu,Tương thích một phần,0.68,Cần driver phù hợp
P18101,Sách điện tử,Tài liệu & Học liệu,P18112,Tạp chí điện tử,Tài liệu & Học liệu,Không tương thích,0.23,Cần nguồn điện phù hợp
P18101,Sách điện tử,Tài liệu & Học liệu,P18113,Tạp chí điện tử,Tài liệu & Học liệu,Tương thích một phần,0.58,Có thể kết nối trực tiếp
P18101,Sách điện tử,Tài liệu & Học liệu,P18114,Software phát triển,Tài liệu & Học liệu,Tương thích một phần,0.69,Cần firmware tương thích
P18101,Sách điện tử,Tài liệu & Học liệu,P18115,Bản vẽ mạch điện,Tài liệu & Học liệu,Không tương thích,0.02,Cần nguồn điện phù hợp
P18101,Sách điện tử,Tài liệu & Học liệu,P18116,Mô phỏng 3D,Tài liệu & Học liệu,Tương thích một phần,0.55,Cần nguồn điện phù hợp
P18101,Sách điện tử,Tài liệu & Học liệu,P18117,Datasheet collection,Tài liệu & Học liệu,Không tương thích,0.24,Có thể kết nối trực tiếp
P18102,Sách điện tử,Tài liệu & Học liệu,P18103,Sách điện tử,Tài liệu & Học liệu,Không tương thích,0.11,Cần driver phù hợp
P18102,Sách điện tử,Tài liệu & Học liệu,P18104,Khóa học online,Tài liệu & Học liệu,Tương thích một phần,0.55,Cần adapter chuyển đổi
P18102,Sách điện tử,Tài liệu & Học liệu,P18105,Khóa học online,Tài liệu & Học liệu,Không tương thích,0.13,Cần cài đặt driver
P18102,Sách điện tử,Tài liệu & Học liệu,P18106,Bộ dự án mẫu,Tài liệu & Học liệu,Tương thích hoàn toàn,0.99,Cần adapter chuyển đổi
P18102,Sách điện tử,Tài liệu & Học liệu,P18107,Bộ dự án mẫu,Tài liệu & Học liệu,Tương thích một phần,0.51,Cần cập nhật firmware
P18102,Sách điện tử,Tài liệu & Học liệu,P18108,Sách tham khảo,Tài liệu & Học liệu,Tương thích hoàn toàn,0.99,Có thể kết nối trực tiếp
P18102,Sách điện tử,Tài liệu & Học liệu,P18109,Sách tham khảo,Tài liệu & Học liệu,Tương thích một phần,0.54,Cần cài đặt driver
P18102,Sách điện tử,Tài liệu & Học liệu,P18110,Video hướng dẫn,Tài liệu & Học liệu,Tương thích hoàn toàn,0.98,Cần firmware tương thích
P18102,Sách điện tử,Tài liệu & Học liệu,P18111,Video hướng dẫn,Tài liệu & Học liệu,Tương thích một phần,0.6,Cần adapter chuyển đổi
P18102,Sách điện tử,Tài liệu & Học liệu,P18112,Tạp chí điện tử,Tài liệu & Học liệu,Tương thích hoàn toàn,0.93,Cần nguồn điện phù hợp
P18102,Sách điện tử,Tài liệu & Học liệu,P18113,Tạp chí điện tử,Tài liệu & Học liệu,Tương thích một phần,0.65,Cần firmware tương thích
P18102,Sách điện tử,Tài liệu & Học liệu,P18114,Software phát triển,Tài liệu & Học liệu,Không tương thích,0.3,Cần thiết bị trung gian
P18102,Sách điện tử,Tài liệu & Học liệu,P18115,Bản vẽ mạch điện,Tài liệu & Học liệu,Không tương thích,0.28,Cần phần mềm hỗ trợ
P18102,Sách điện tử,Tài liệu & Học liệu,P18116,Mô phỏng 3D,Tài liệu & Học liệu,Tương thích một phần,0.62,Cần nguồn điện phù hợp
P18102,Sách điện tử,Tài liệu & Học liệu,P18117,Datasheet collection,Tài liệu & Học liệu,Tương thích một phần,0.74,Cần driver phù hợp
P18103,Sách điện tử,Tài liệu & Học liệu,P18104,Khóa học online,Tài liệu & Học liệu,Không tương thích,0.05,Cần cập nhật firmware
P18103,Sách điện tử,Tài liệu & Học liệu,P18105,Khóa học online,Tài liệu & Học liệu,Tương thích hoàn toàn,0.95,Có thể kết nối trực tiếp
P18103,Sách điện tử,Tài liệu & Học liệu,P18106,Bộ dự án mẫu,Tài liệu & Học liệu,Tương thích một phần,0.61,Cần thiết bị trung gian
P18103,Sách điện tử,Tài liệu & Học liệu,P18107,Bộ dự án mẫu,Tài liệu & Học liệu,Tương thích một phần,0.78,Cần cập nhật firmware
P18103,Sách điện tử,Tài liệu & Học liệu,P18108,Sách tham khảo,Tài liệu & Học liệu,Không tương thích,0.37,Cần cài đặt driver
P18103,Sách điện tử,Tài liệu & Học liệu,P18109,Sách tham khảo,Tài liệu & Học liệu,Tương thích một phần,0.79,Cần cấu hình thêm
P18103,Sách điện tử,Tài liệu & Học liệu,P18110,Video hướng dẫn,Tài liệu & Học liệu,Tương thích một phần,0.66,Cần adapter chuyển đổi
P18103,Sách điện tử,Tài liệu & Học liệu,P18111,Video hướng dẫn,Tài liệu & Học liệu,Tương thích một phần,0.58,Cần driver phù hợp
P18103,Sách điện tử,Tài liệu & Học liệu,P18112,Tạp chí điện tử,Tài liệu & Học liệu,Tương thích một phần,0.66,Cần nguồn điện phù hợp
P18103,Sách điện tử,Tài liệu & Học liệu,P18113,Tạp chí điện tử,Tài liệu & Học liệu,Tương thích một phần,0.74,Cần cập nhật firmware
P18103,Sách điện tử,Tài liệu & Học liệu,P18114,Software phát triển,Tài liệu & Học liệu,Không tương thích,0.35,Có thể kết nối trực tiếp
P18103,Sách điện tử,Tài liệu & Học liệu,P18115,Bản vẽ mạch điện,Tài liệu & Học liệu,Không tương thích,0.16,Cần cài đặt driver
P18103,Sách điện tử,Tài liệu & Học liệu,P18116,Mô phỏng 3D,Tài liệu & Học liệu,Tương thích một phần,0.59,Cần adapter chuyển đổi
P18103,Sách điện tử,Tài liệu & Học liệu,P18117,Datasheet collection,Tài liệu & Học liệu,Tương thích hoàn toàn,0.98,Cần thiết bị trung gian
P18104,Khóa học online,Tài liệu & Học liệu,P18105,Khóa học online,Tài liệu & Học liệu,Không tương thích,0.36,Cần firmware tương thích
P18104,Khóa học online,Tài liệu & Học liệu,P18106,Bộ dự án mẫu,Tài liệu & Học liệu,Tương thích một phần,0.65,Cần cập nhật firmware
P18104,Khóa học online,Tài liệu & Học liệu,P18107,Bộ dự án mẫu,Tài liệu & Học liệu,Tương thích một phần,0.57,Cần phần mềm hỗ trợ
P18104,Khóa học online,Tài liệu & Học liệu,P18108,Sách tham khảo,Tài liệu & Học liệu,Tương thích một phần,0.7,Cần nguồn điện phù hợp
P18104,Khóa học online,Tài liệu & Học liệu,P18109,Sách tham khảo,Tài liệu & Học liệu,Tương thích một phần,0.8,Có thể kết nối trực tiếp
P18104,Khóa học online,Tài liệu & Học liệu,P18110,Video hướng dẫn,Tài liệu & Học liệu,Tương thích một phần,0.5,Cần cấu hình thêm
P18104,Khóa học online,Tài liệu & Học liệu,P18111,Video hướng dẫn,Tài liệu & Học liệu,Tương thích một phần,0.57,Cần cài đặt driver
P18104,Khóa học online,Tài liệu & Học liệu,P18112,Tạp chí điện tử,Tài liệu & Học liệu,Không tương thích,0.2,Cần thiết bị trung gian
P18104,Khóa học online,Tài liệu & Học liệu,P18113,Tạp chí điện tử,Tài liệu & Học liệu,Tương thích một phần,0.61,Cần adapter chuyển đổi
P18104,Khóa học online,Tài liệu & Học liệu,P18114,Software phát triển,Tài liệu & Học liệu,Tương thích một phần,0.7,Cần thiết bị trung gian
P18104,Khóa học online,Tài liệu & Học liệu,P18115,Bản vẽ mạch điện,Tài liệu & Học liệu,Tương thích một phần,0.63,Có thể kết nối trực tiếp
P18104,Khóa học online,Tài liệu & Học liệu,P18116,Mô phỏng 3D,Tài liệu & Học liệu,Tương thích một phần,0.67,Cần adapter chuyển đổi
P18104,Khóa học online,Tài liệu & Học liệu,P18117,Datasheet collection,Tài liệu & Học liệu,Tương thích một phần,0.76,Cần firmware tương thích
P18105,Khóa học online,Tài liệu & Học liệu,P18106,Bộ dự án mẫu,Tài liệu & Học liệu,Tương thích một phần,0.74,Cần nguồn điện phù hợp
P18105,Khóa học online,Tài liệu & Học liệu,P18107,Bộ dự án mẫu,Tài liệu & Học liệu,Tương thích một phần,0.79,Cần cấu hình thêm
P18105,Khóa học online,Tài liệu & Học liệu,P18108,Sách tham khảo,Tài liệu & Học liệu,Tương thích một phần,0.76,Cần firmware tương thích
P18105,Khóa học online,Tài liệu & Học liệu,P18109,Sách tham khảo,Tài liệu & Học liệu,Tương thích hoàn toàn,0.82,Cần adapter chuyển đổi
P18105,Khóa học online,Tài liệu & Học liệu,P18110,Video hướng dẫn,Tài liệu & Học liệu,Không tương thích,0.3,Cần cài đặt driver
P18105,Khóa học online,Tài liệu & Học liệu,P18111,Video hướng dẫn,Tài liệu & Học liệu,Tương thích một phần,0.79,Cần cấu hình thêm
P18105,Khóa học online,Tài liệu & Học liệu,P18112,Tạp chí điện tử,Tài liệu & Học liệu,Tương thích một phần,0.66,Cần adapter chuyển đổi
P18105,Khóa học online,Tài liệu & Học liệu,P18113,Tạp chí điện tử,Tài liệu & Học liệu,Tương thích một phần,0.57,Cần adapter chuyển đổi
P18105,Khóa học online,Tài liệu & Học liệu,P18114,Software phát triển,Tài liệu & Học liệu,Tương thích hoàn toàn,0.94,Cần cập nhật firmware
P18105,Khóa học online,Tài liệu & Học liệu,P18115,Bản vẽ mạch điện,Tài liệu & Học liệu,Tương thích một phần,0.61,Cần thiết bị trung gian
P18105,Khóa học online,Tài liệu & Học liệu,P18116,Mô phỏng 3D,Tài liệu & Học liệu,Không tương thích,0.4,Cần nguồn điện phù hợp
P18105,Khóa học online,Tài liệu & Học liệu,P18117,Datasheet collection,Tài liệu & Học liệu,Tương thích hoàn toàn,0.91,Cần cài đặt driver
P18106,Bộ dự án mẫu,Tài liệu & Học liệu,P18107,Bộ dự án mẫu,Tài liệu & Học liệu,Tương thích một phần,0.68,Cần phần mềm hỗ trợ
P18106,Bộ dự án mẫu,Tài liệu & Học liệu,P18108,Sách tham khảo,Tài liệu & Học liệu,Tương thích một phần,0.54,Cần cài đặt driver
P18106,Bộ dự án mẫu,Tài liệu & Học liệu,P18109,Sách tham khảo,Tài liệu & Học liệu,Tương thích một phần,0.67,Cần thiết bị trung gian
P18106,Bộ dự án mẫu,Tài liệu & Học liệu,P18110,Video hướng dẫn,Tài liệu & Học liệu,Tương thích một phần,0.65,Cần cài đặt driver
P18106,Bộ dự án mẫu,Tài liệu & Học liệu,P18111,Video hướng dẫn,Tài liệu & Học liệu,Tương thích hoàn toàn,0.8,Cần cập nhật firmware
P18106,Bộ dự án mẫu,Tài liệu & Học liệu,P18112,Tạp chí điện tử,Tài liệu & Học liệu,Tương thích một phần,0.65,Cần cài đặt driver
P18106,Bộ dự án mẫu,Tài liệu & Học liệu,P18113,Tạp chí điện tử,Tài liệu & Học liệu,Tương thích một phần,0.56,Cần cài đặt driver
P18106,Bộ dự án mẫu,Tài liệu & Học liệu,P18114,Software phát triển,Tài liệu & Học liệu,Không tương thích,0.11,Cần adapter chuyển đổi
P18106,Bộ dự án mẫu,Tài liệu & Học liệu,P18115,Bản vẽ mạch điện,Tài liệu & Học liệu,Tương thích một phần,0.6,Cần thiết bị trung gian
P18106,Bộ dự án mẫu,Tài liệu & Học liệu,P18116,Mô phỏng 3D,Tài liệu & Học liệu,Tương thích hoàn toàn,0.9,Có thể kết nối trực tiếp
P18106,Bộ dự án mẫu,Tài liệu & Học liệu,P18117,Datasheet collection,Tài liệu & Học liệu,Tương thích hoàn toàn,0.81,Cần cấu hình thêm
P18107,Bộ dự án mẫu,Tài liệu & Học liệu,P18108,Sách tham khảo,Tài liệu & Học liệu,Tương thích một phần,0.61,Cần driver phù hợp
P18107,Bộ dự án mẫu,Tài liệu & Học liệu,P18109,Sách tham khảo,Tài liệu & Học liệu,Tương thích một phần,0.56,Cần driver phù hợp
P18107,Bộ dự án mẫu,Tài liệu & Học liệu,P18110,Video hướng dẫn,Tài liệu & Học liệu,Không tương thích,0.11,Cần cấu hình thêm
P18107,Bộ dự án mẫu,Tài liệu & Học liệu,P18111,Video hướng dẫn,Tài liệu & Học liệu,Không tương thích,0.03,Cần cài đặt driver
P18107,Bộ dự án mẫu,Tài liệu & Học liệu,P18112,Tạp chí điện tử,Tài liệu & Học liệu,Tương thích một phần,0.6,Cần cài đặt driver
P18107,Bộ dự án mẫu,Tài liệu & Học liệu,P18113,Tạp chí điện tử,Tài liệu & Học liệu,Không tương thích,0.17,Cần cấu hình thêm
P18107,Bộ dự án mẫu,Tài liệu & Học liệu,P18114,Software phát triển,Tài liệu & Học liệu,Tương thích một phần,0.73,Có thể kết nối trực tiếp
P18107,Bộ dự án mẫu,Tài liệu & Học liệu,P18115,Bản vẽ mạch điện,Tài liệu & Học liệu,Tương thích một phần,0.78,Cần adapter chuyển đổi
P18107,Bộ dự án mẫu,Tài liệu & Học liệu,P18116,Mô phỏng 3D,Tài liệu & Học liệu,Tương thích hoàn toàn,0.96,Cần firmware tương thích
P18107,Bộ dự án mẫu,Tài liệu & Học liệu,P18117,Datasheet collection,Tài liệu & Học liệu,Tương thích hoàn toàn,0.88,Cần nguồn điện phù hợp
P18108,Sách tham khảo,Tài liệu & Học liệu,P18109,Sách tham khảo,Tài liệu & Học liệu,Tương thích một phần,0.51,Cần cập nhật firmware
P18108,Sách tham khảo,Tài liệu & Học liệu,P18110,Video hướng dẫn,Tài liệu & Học liệu,Tương thích một phần,0.52,Cần driver phù hợp
P18108,Sách tham khảo,Tài liệu & Học liệu,P18111,Video hướng dẫn,Tài liệu & Học liệu,Không tương thích,0.01,Cần cài đặt driver
P18108,Sách tham khảo,Tài liệu & Học liệu,P18112,Tạp chí điện tử,Tài liệu & Học liệu,Tương thích một phần,0.52,Cần adapter chuyển đổi
P18108,Sách tham khảo,Tài liệu & Học liệu,P18113,Tạp chí điện tử,Tài liệu & Học liệu,Tương thích một phần,0.56,Cần adapter chuyển đổi
P18108,Sách tham khảo,Tài liệu & Học liệu,P18114,Software phát triển,Tài liệu & Học liệu,Tương thích một phần,0.52,Cần cấu hình thêm
P18108,Sách tham khảo,Tài liệu & Học liệu,P18115,Bản vẽ mạch điện,Tài liệu & Học liệu,Không tương thích,0.05,Có thể kết nối trực tiếp
P18108,Sách tham khảo,Tài liệu & Học liệu,P18116,Mô phỏng 3D,Tài liệu & Học liệu,Tương thích một phần,0.79,Cần nguồn điện phù hợp
P18108,Sách tham khảo,Tài liệu & Học liệu,P18117,Datasheet collection,Tài liệu & Học liệu,Tương thích một phần,0.6,Cần driver phù hợp
P18109,Sách tham khảo,Tài liệu & Học liệu,P18110,Video hướng dẫn,Tài liệu & Học liệu,Tương thích hoàn toàn,0.85,Cần firmware tương thích
P18109,Sách tham khảo,Tài liệu & Học liệu,P18111,Video hướng dẫn,Tài liệu & Học liệu,Tương thích một phần,0.53,Cần firmware tương thích
P18109,Sách tham khảo,Tài liệu & Học liệu,P18112,Tạp chí điện tử,Tài liệu & Học liệu,Tương thích hoàn toàn,0.93,Cần cập nhật firmware
P18109,Sách tham khảo,Tài liệu & Học liệu,P18113,Tạp chí điện tử,Tài liệu & Học liệu,Không tương thích,0.27,Cần cài đặt driver
P18109,Sách tham khảo,Tài liệu & Học liệu,P18114,Software phát triển,Tài liệu & Học liệu,Tương thích hoàn toàn,0.91,Cần firmware tương thích
P18109,Sách tham khảo,Tài liệu & Học liệu,P18115,Bản vẽ mạch điện,Tài liệu & Học liệu,Không tương thích,0.05,Cần firmware tương thích
P18109,Sách tham khảo,Tài liệu & Học liệu,P18116,Mô phỏng 3D,Tài liệu & Học liệu,Tương thích hoàn toàn,0.81,Cần driver phù hợp
P18109,Sách tham khảo,Tài liệu & Học liệu,P18117,Datasheet collection,Tài liệu & Học liệu,Không tương thích,0.29,Cần cấu hình thêm
P18110,Video hướng dẫn,Tài liệu & Học liệu,P18111,Video hướng dẫn,Tài liệu & Học liệu,Tương thích một phần,0.71,Cần cài đặt driver
P18110,Video hướng dẫn,Tài liệu & Học liệu,P18112,Tạp chí điện tử,Tài liệu & Học liệu,Tương thích một phần,0.64,Cần driver phù hợp
P18110,Video hướng dẫn,Tài liệu & Học liệu,P18113,Tạp chí điện tử,Tài liệu & Học liệu,Không tương thích,0.27,Cần firmware tương thích
P18110,Video hướng dẫn,Tài liệu & Học liệu,P18114,Software phát triển,Tài liệu & Học liệu,Tương thích một phần,0.77,Cần cấu hình thêm
P18110,Video hướng dẫn,Tài liệu & Học liệu,P18115,Bản vẽ mạch điện,Tài liệu & Học liệu,Tương thích một phần,0.66,Cần firmware tương thích
P18110,Video hướng dẫn,Tài liệu & Học liệu,P18116,Mô phỏng 3D,Tài liệu & Học liệu,Tương thích một phần,0.74,Cần adapter chuyển đổi
P18110,Video hướng dẫn,Tài liệu & Học liệu,P18117,Datasheet collection,Tài liệu & Học liệu,Tương thích hoàn toàn,0.97,Cần adapter chuyển đổi
P18111,Video hướng dẫn,Tài liệu & Học liệu,P18112,Tạp chí điện tử,Tài liệu & Học liệu,Tương thích một phần,0.51,Cần cấu hình thêm
P18111,Video hướng dẫn,Tài liệu & Học liệu,P18113,Tạp chí điện tử,Tài liệu & Học liệu,Tương thích một phần,0.59,Cần cài đặt driver
P18111,Video hướng dẫn,Tài liệu & Học liệu,P18114,Software phát triển,Tài liệu & Học liệu,Tương thích một phần,0.75,Cần thiết bị trung gian
P18111,Video hướng dẫn,Tài liệu & Học liệu,P18115,Bản vẽ mạch điện,Tài liệu & Học liệu,Tương thích một phần,0.65,Cần cài đặt driver
P18111,Video hướng dẫn,Tài liệu & Học liệu,P18116,Mô phỏng 3D,Tài liệu & Học liệu,Tương thích một phần,0.54,Cần thiết bị trung gian
P18111,Video hướng dẫn,Tài liệu & Học liệu,P18117,Datasheet collection,Tài liệu & Học liệu,Tương thích một phần,0.51,Cần thiết bị trung gian
P18112,Tạp chí điện tử,Tài liệu & Học liệu,P18113,Tạp chí điện tử,Tài liệu & Học liệu,Tương thích hoàn toàn,0.87,Cần cài đặt driver
P18112,Tạp chí điện tử,Tài liệu & Học liệu,P18114,Software phát triển,Tài liệu & Học liệu,Tương thích một phần,0.61,Cần firmware tương thích
P18112,Tạp chí điện tử,Tài liệu & Học liệu,P18115,Bản vẽ mạch điện,Tài liệu & Học liệu,Không tương thích,0.29,Cần phần mềm hỗ trợ
P18112,Tạp chí điện tử,Tài liệu & Học liệu,P18116,Mô phỏng 3D,Tài liệu & Học liệu,Không tương thích,0.26,Cần driver phù hợp
P18112,Tạp chí điện tử,Tài liệu & Học liệu,P18117,Datasheet collection,Tài liệu & Học liệu,Tương thích một phần,0.59,Cần firmware tương thích
P18113,Tạp chí điện tử,Tài liệu & Học liệu,P18114,Software phát triển,Tài liệu & Học liệu,Không tương thích,0.22,Cần nguồn điện phù hợp
P18113,Tạp chí điện tử,Tài liệu & Học liệu,P18115,Bản vẽ mạch điện,Tài liệu & Học liệu,Không tương thích,0.31,Có thể kết nối trực tiếp
P18113,Tạp chí điện tử,Tài liệu & Học liệu,P18116,Mô phỏng 3D,Tài liệu & Học liệu,Không tương thích,0.25,Cần cập nhật firmware
P18113,Tạp chí điện tử,Tài liệu & Học liệu,P18117,Datasheet collection,Tài liệu & Học liệu,Tương thích một phần,0.64,Có thể kết nối trực tiếp
P18114,Software phát triển,Tài liệu & Học liệu,P18115,Bản vẽ mạch điện,Tài liệu & Học liệu,Tương thích một phần,0.5,Có thể kết nối trực tiếp
P18114,Software phát triển,Tài liệu & Học liệu,P18116,Mô phỏng 3D,Tài liệu & Học liệu,Không tương thích,0.04,Cần phần mềm hỗ trợ
P18114,Software phát triển,Tài liệu & Học liệu,P18117,Datasheet collection,Tài liệu & Học liệu,Tương thích hoàn toàn,0.89,Cần thiết bị trung gian
P18115,Bản vẽ mạch điện,Tài liệu & Học liệu,P18116,Mô phỏng 3D,Tài liệu & Học liệu,Tương thích một phần,0.76,Cần firmware tương thích
P18115,Bản vẽ mạch điện,Tài liệu & Học liệu,P18117,Datasheet collection,Tài liệu & Học liệu,Tương thích một phần,0.58,Cần cập nhật firmware
P18116,Mô phỏng 3D,Tài liệu & Học liệu,P18117,Datasheet collection,Tài liệu & Học liệu,Tương thích một phần,0.64,Cần cài đặt driver
P19101,Dây điện,Phụ kiện điện tử,P19102,Dây điện,Phụ kiện điện tử,Tương thích một phần,0.74,Có thể kết nối trực tiếp
P19101,Dây điện,Phụ kiện điện tử,P19103,Dây điện,Phụ kiện điện tử,Tương thích một phần,0.75,Cần nguồn điện phù hợp
P19101,Dây điện,Phụ kiện điện tử,P19104,Băng keo điện,Phụ kiện điện tử,Tương thích một phần,0.55,Có thể kết nối trực tiếp
P19101,Dây điện,Phụ kiện điện tử,P19105,Băng keo điện,Phụ kiện điện tử,Tương thích hoàn toàn,0.84,Cần phần mềm hỗ trợ
P19101,Dây điện,Phụ kiện điện tử,P19106,Ống co nhiệt,Phụ kiện điện tử,Không tương thích,0.3,Cần adapter chuyển đổi
P19101,Dây điện,Phụ kiện điện tử,P19107,Ống co nhiệt,Phụ kiện điện tử,Tương thích một phần,0.74,Cần cấu hình thêm
P19101,Dây điện,Phụ kiện điện tử,P19108,Hộp đựng linh kiện,Phụ kiện điện tử,Tương thích một phần,0.62,Cần firmware tương thích
P19101,Dây điện,Phụ kiện điện tử,P19109,Hộp đựng linh kiện,Phụ kiện điện tử,Tương thích hoàn toàn,0.94,Cần cấu hình thêm
P19101,Dây điện,Phụ kiện điện tử,P19110,Giá đỡ bo mạch,Phụ kiện điện tử,Tương thích hoàn toàn,0.97,Có thể kết nối trực tiếp
P19101,Dây điện,Phụ kiện điện tử,P19111,Giá đỡ bo mạch,Phụ kiện điện tử,Tương thích hoàn toàn,0.85,Cần nguồn điện phù hợp
P19101,Dây điện,Phụ kiện điện tử,P19112,Keo dẫn điện,Phụ kiện điện tử,Tương thích hoàn toàn,0.98,Cần firmware tương thích
P19101,Dây điện,Phụ kiện điện tử,P19113,Keo dẫn điện,Phụ kiện điện tử,Không tương thích,0.21,Cần cập nhật firmware
P19101,Dây điện,Phụ kiện điện tử,P19114,Tản nhiệt,Phụ kiện điện tử,Tương thích hoàn toàn,0.88,Cần phần mềm hỗ trợ
P19101,Dây điện,Phụ kiện điện tử,P19115,Quạt làm mát,Phụ kiện điện tử,Không tương thích,0.18,Cần firmware tương thích
P19101,Dây điện,Phụ kiện điện tử,P19116,Chất tản nhiệt,Phụ kiện điện tử,Tương thích một phần,0.67,Cần driver phù hợp
P19101,Dây điện,Phụ kiện điện tử,P19117,Kẹp kẹp điện tử,Phụ kiện điện tử,Không tương thích,0.07,Cần driver phù hợp
P19102,Dây điện,Phụ kiện điện tử,P19103,Dây điện,Phụ kiện điện tử,Không tương thích,0.33,Cần cấu hình thêm
P19102,Dây điện,Phụ kiện điện tử,P19104,Băng keo điện,Phụ kiện điện tử,Tương thích hoàn toàn,0.87,Cần thiết bị trung gian
P19102,Dây điện,Phụ kiện điện tử,P19105,Băng keo điện,Phụ kiện điện tử,Không tương thích,0.02,Cần cài đặt driver
P19102,Dây điện,Phụ kiện điện tử,P19106,Ống co nhiệt,Phụ kiện điện tử,Tương thích hoàn toàn,0.82,Cần phần mềm hỗ trợ
P19102,Dây điện,Phụ kiện điện tử,P19107,Ống co nhiệt,Phụ kiện điện tử,Tương thích một phần,0.59,Cần cấu hình thêm
P19102,Dây điện,Phụ kiện điện tử,P19108,Hộp đựng linh kiện,Phụ kiện điện tử,Tương thích hoàn toàn,0.83,Cần cập nhật firmware
P19102,Dây điện,Phụ kiện điện tử,P19109,Hộp đựng linh kiện,Phụ kiện điện tử,Không tương thích,0.04,Cần adapter chuyển đổi
P19102,Dây điện,Phụ kiện điện tử,P19110,Giá đỡ bo mạch,Phụ kiện điện tử,Tương thích một phần,0.76,Cần firmware tương thích
P19102,Dây điện,Phụ kiện điện tử,P19111,Giá đỡ bo mạch,Phụ kiện điện tử,Tương thích hoàn toàn,0.86,Cần cài đặt driver
P19102,Dây điện,Phụ kiện điện tử,P19112,Keo dẫn điện,Phụ kiện điện tử,Tương thích một phần,0.55,Cần cài đặt driver
P19102,Dây điện,Phụ kiện điện tử,P19113,Keo dẫn điện,Phụ kiện điện tử,Tương thích một phần,0.7,Cần thiết bị trung gian
P19102,Dây điện,Phụ kiện điện tử,P19114,Tản nhiệt,Phụ kiện điện tử,Tương thích một phần,0.63,Cần nguồn điện phù hợp
P19102,Dây điện,Phụ kiện điện tử,P19115,Quạt làm mát,Phụ kiện điện tử,Tương thích hoàn toàn,0.96,Cần cấu hình thêm
P19102,Dây điện,Phụ kiện điện tử,P19116,Chất tản nhiệt,Phụ kiện điện tử,Tương thích một phần,0.52,Cần cập nhật firmware
P19102,Dây điện,Phụ kiện điện tử,P19117,Kẹp kẹp điện tử,Phụ kiện điện tử,Tương thích hoàn toàn,0.91,Cần thiết bị trung gian
P19103,Dây điện,Phụ kiện điện tử,P19104,Băng keo điện,Phụ kiện điện tử,Tương thích hoàn toàn,0.87,Cần cấu hình thêm
P19103,Dây điện,Phụ kiện điện tử,P19105,Băng keo điện,Phụ kiện điện tử,Tương thích hoàn toàn,0.96,Cần nguồn điện phù hợp
P19103,Dây điện,Phụ kiện điện tử,P19106,Ống co nhiệt,Phụ kiện điện tử,Tương thích hoàn toàn,0.89,Cần nguồn điện phù hợp
P19103,Dây điện,Phụ kiện điện tử,P19107,Ống co nhiệt,Phụ kiện điện tử,Không tương thích,0.31,Cần phần mềm hỗ trợ
P19103,Dây điện,Phụ kiện điện tử,P19108,Hộp đựng linh kiện,Phụ kiện điện tử,Tương thích một phần,0.58,Cần adapter chuyển đổi
P19103,Dây điện,Phụ kiện điện tử,P19109,Hộp đựng linh kiện,Phụ kiện điện tử,Tương thích hoàn toàn,0.98,Cần firmware tương thích
P19103,Dây điện,Phụ kiện điện tử,P19110,Giá đỡ bo mạch,Phụ kiện điện tử,Không tương thích,0.17,Cần cập nhật firmware
P19103,Dây điện,Phụ kiện điện tử,P19111,Giá đỡ bo mạch,Phụ kiện điện tử,Tương thích hoàn toàn,0.83,Cần phần mềm hỗ trợ
P19103,Dây điện,Phụ kiện điện tử,P19112,Keo dẫn điện,Phụ kiện điện tử,Tương thích hoàn toàn,0.85,Cần nguồn điện phù hợp
P19103,Dây điện,Phụ kiện điện tử,P19113,Keo dẫn điện,Phụ kiện điện tử,Tương thích hoàn toàn,0.83,Cần nguồn điện phù hợp
P19103,Dây điện,Phụ kiện điện tử,P19114,Tản nhiệt,Phụ kiện điện tử,Tương thích một phần,0.71,Cần thiết bị trung gian
P19103,Dây điện,Phụ kiện điện tử,P19115,Quạt làm mát,Phụ kiện điện tử,Tương thích hoàn toàn,0.95,Cần cập nhật firmware
P19103,Dây điện,Phụ kiện điện tử,P19116,Chất tản nhiệt,Phụ kiện điện tử,Tương thích hoàn toàn,0.93,Cần driver phù hợp
P19103,Dây điện,Phụ kiện điện tử,P19117,Kẹp kẹp điện tử,Phụ kiện điện tử,Tương thích một phần,0.8,Cần driver phù hợp
P19104,Băng keo điện,Phụ kiện điện tử,P19105,Băng keo điện,Phụ kiện điện tử,Tương thích một phần,0.66,Cần firmware tương thích
P19104,Băng keo điện,Phụ kiện điện tử,P19106,Ống co nhiệt,Phụ kiện điện tử,Tương thích một phần,0.56,Cần adapter chuyển đổi
P19104,Băng keo điện,Phụ kiện điện tử,P19107,Ống co nhiệt,Phụ kiện điện tử,Không tương thích,0.18,Cần adapter chuyển đổi
P19104,Băng keo điện,Phụ kiện điện tử,P19108,Hộp đựng linh kiện,Phụ kiện điện tử,Tương thích một phần,0.8,Cần cập nhật firmware
P19104,Băng keo điện,Phụ kiện điện tử,P19109,Hộp đựng linh kiện,Phụ kiện điện tử,Không tương thích,0.35,Cần adapter chuyển đổi
P19104,Băng keo điện,Phụ kiện điện tử,P19110,Giá đỡ bo mạch,Phụ kiện điện tử,Tương thích hoàn toàn,0.9,Cần phần mềm hỗ trợ
P19104,Băng keo điện,Phụ kiện điện tử,P19111,Giá đỡ bo mạch,Phụ kiện điện tử,Tương thích hoàn toàn,0.85,Cần cài đặt driver
P19104,Băng keo điện,Phụ kiện điện tử,P19112,Keo dẫn điện,Phụ kiện điện tử,Tương thích hoàn toàn,0.81,Cần cập nhật firmware
P19104,Băng keo điện,Phụ kiện điện tử,P19113,Keo dẫn điện,Phụ kiện điện tử,Tương thích hoàn toàn,0.84,Cần adapter chuyển đổi
P19104,Băng keo điện,Phụ kiện điện tử,P19114,Tản nhiệt,Phụ kiện điện tử,Tương thích hoàn toàn,0.89,Cần adapter chuyển đổi
P19104,Băng keo điện,Phụ kiện điện tử,P19115,Quạt làm mát,Phụ kiện điện tử,Tương thích một phần,0.76,Cần cài đặt driver
P19104,Băng keo điện,Phụ kiện điện tử,P19116,Chất tản nhiệt,Phụ kiện điện tử,Không tương thích,0.34,Cần cấu hình thêm
P19104,Băng keo điện,Phụ kiện điện tử,P19117,Kẹp kẹp điện tử,Phụ kiện điện tử,Tương thích một phần,0.51,Cần cài đặt driver
P19105,Băng keo điện,Phụ kiện điện tử,P19106,Ống co nhiệt,Phụ kiện điện tử,Tương thích hoàn toàn,0.83,Cần driver phù hợp
P19105,Băng keo điện,Phụ kiện điện tử,P19107,Ống co nhiệt,Phụ kiện điện tử,Tương thích hoàn toàn,0.87,Cần cấu hình thêm
P19105,Băng keo điện,Phụ kiện điện tử,P19108,Hộp đựng linh kiện,Phụ kiện điện tử,Không tương thích,0.09,Cần thiết bị trung gian
P19105,Băng keo điện,Phụ kiện điện tử,P19109,Hộp đựng linh kiện,Phụ kiện điện tử,Tương thích một phần,0.54,Cần driver phù hợp
P19105,Băng keo điện,Phụ kiện điện tử,P19110,Giá đỡ bo mạch,Phụ kiện điện tử,Tương thích hoàn toàn,0.95,Cần nguồn điện phù hợp
P19105,Băng keo điện,Phụ kiện điện tử,P19111,Giá đỡ bo mạch,Phụ kiện điện tử,Tương thích một phần,0.52,Cần phần mềm hỗ trợ
P19105,Băng keo điện,Phụ kiện điện tử,P19112,Keo dẫn điện,Phụ kiện điện tử,Không tương thích,0.18,Cần cập nhật firmware
P19105,Băng keo điện,Phụ kiện điện tử,P19113,Keo dẫn điện,Phụ kiện điện tử,Tương thích một phần,0.52,Cần cập nhật firmware
P19105,Băng keo điện,Phụ kiện điện tử,P19114,Tản nhiệt,Phụ kiện điện tử,Tương thích hoàn toàn,0.84,Cần nguồn điện phù hợp
P19105,Băng keo điện,Phụ kiện điện tử,P19115,Quạt làm mát,Phụ kiện điện tử,Tương thích một phần,0.77,Cần nguồn điện phù hợp
P19105,Băng keo điện,Phụ kiện điện tử,P19116,Chất tản nhiệt,Phụ kiện điện tử,Tương thích một phần,0.51,Cần adapter chuyển đổi
P19105,Băng keo điện,Phụ kiện điện tử,P19117,Kẹp kẹp điện tử,Phụ kiện điện tử,Tương thích hoàn toàn,0.95,Cần adapter chuyển đổi
P19106,Ống co nhiệt,Phụ kiện điện tử,P19107,Ống co nhiệt,Phụ kiện điện tử,Tương thích hoàn toàn,0.95,Cần nguồn điện phù hợp
P19106,Ống co nhiệt,Phụ kiện điện tử,P19108,Hộp đựng linh kiện,Phụ kiện điện tử,Tương thích một phần,0.67,Cần cài đặt driver
P19106,Ống co nhiệt,Phụ kiện điện tử,P19109,Hộp đựng linh kiện,Phụ kiện điện tử,Không tương thích,0.14,Cần cấu hình thêm
P19106,Ống co nhiệt,Phụ kiện điện tử,P19110,Giá đỡ bo mạch,Phụ kiện điện tử,Tương thích một phần,0.57,Cần phần mềm hỗ trợ
P19106,Ống co nhiệt,Phụ kiện điện tử,P19111,Giá đỡ bo mạch,Phụ kiện điện tử,Tương thích một phần,0.68,Cần driver phù hợp
P19106,Ống co nhiệt,Phụ kiện điện tử,P19112,Keo dẫn điện,Phụ kiện điện tử,Không tương thích,0.19,Cần driver phù hợp
P19106,Ống co nhiệt,Phụ kiện điện tử,P19113,Keo dẫn điện,Phụ kiện điện tử,Tương thích một phần,0.54,Cần driver phù hợp
P19106,Ống co nhiệt,Phụ kiện điện tử,P19114,Tản nhiệt,Phụ kiện điện tử,Không tương thích,0.1,Cần adapter chuyển đổi
P19106,Ống co nhiệt,Phụ kiện điện tử,P19115,Quạt làm mát,Phụ kiện điện tử,Tương thích hoàn toàn,0.88,Cần adapter chuyển đổi
P19106,Ống co nhiệt,Phụ kiện điện tử,P19116,Chất tản nhiệt,Phụ kiện điện tử,Tương thích một phần,0.52,Cần driver phù hợp
P19106,Ống co nhiệt,Phụ kiện điện tử,P19117,Kẹp kẹp điện tử,Phụ kiện điện tử,Tương thích hoàn toàn,0.9,Có thể kết nối trực tiếp
P19107,Ống co nhiệt,Phụ kiện điện tử,P19108,Hộp đựng linh kiện,Phụ kiện điện tử,Tương thích một phần,0.79,Cần nguồn điện phù hợp
P19107,Ống co nhiệt,Phụ kiện điện tử,P19109,Hộp đựng linh kiện,Phụ kiện điện tử,Tương thích hoàn toàn,0.92,Cần firmware tương thích
P19107,Ống co nhiệt,Phụ kiện điện tử,P19110,Giá đỡ bo mạch,Phụ kiện điện tử,Không tương thích,0.28,Cần cài đặt driver
P19107,Ống co nhiệt,Phụ kiện điện tử,P19111,Giá đỡ bo mạch,Phụ kiện điện tử,Tương thích một phần,0.54,Cần nguồn điện phù hợp
P19107,Ống co nhiệt,Phụ kiện điện tử,P19112,Keo dẫn điện,Phụ kiện điện tử,Tương thích một phần,0.69,Cần firmware tương thích
P19107,Ống co nhiệt,Phụ kiện điện tử,P19113,Keo dẫn điện,Phụ kiện điện tử,Không tương thích,0.22,Cần adapter chuyển đổi
P19107,Ống co nhiệt,Phụ kiện điện tử,P19114,Tản nhiệt,Phụ kiện điện tử,Tương thích hoàn toàn,0.98,Cần cấu hình thêm
P19107,Ống co nhiệt,Phụ kiện điện tử,P19115,Quạt làm mát,Phụ kiện điện tử,Tương thích một phần,0.72,Cần driver phù hợp
P19107,Ống co nhiệt,Phụ kiện điện tử,P19116,Chất tản nhiệt,Phụ kiện điện tử,Không tương thích,0.21,Cần thiết bị trung gian
P19107,Ống co nhiệt,Phụ kiện điện tử,P19117,Kẹp kẹp điện tử,Phụ kiện điện tử,Không tương thích,0.17,Có thể kết nối trực tiếp
P19108,Hộp đựng linh kiện,Phụ kiện điện tử,P19109,Hộp đựng linh kiện,Phụ kiện điện tử,Tương thích hoàn toàn,0.92,Cần firmware tương thích
P19108,Hộp đựng linh kiện,Phụ kiện điện tử,P19110,Giá đỡ bo mạch,Phụ kiện điện tử,Tương thích một phần,0.52,Cần driver phù hợp
P19108,Hộp đựng linh kiện,Phụ kiện điện tử,P19111,Giá đỡ bo mạch,Phụ kiện điện tử,Không tương thích,0.03,Cần cấu hình thêm
P19108,Hộp đựng linh kiện,Phụ kiện điện tử,P19112,Keo dẫn điện,Phụ kiện điện tử,Tương thích hoàn toàn,0.9,Cần phần mềm hỗ trợ
P19108,Hộp đựng linh kiện,Phụ kiện điện tử,P19113,Keo dẫn điện,Phụ kiện điện tử,Tương thích một phần,0.79,Có thể kết nối trực tiếp
P19108,Hộp đựng linh kiện,Phụ kiện điện tử,P19114,Tản nhiệt,Phụ kiện điện tử,Tương thích một phần,0.71,Cần adapter chuyển đổi
P19108,Hộp đựng linh kiện,Phụ kiện điện tử,P19115,Quạt làm mát,Phụ kiện điện tử,Tương thích hoàn toàn,0.82,Cần cấu hình thêm
P19108,Hộp đựng linh kiện,Phụ kiện điện tử,P19116,Chất tản nhiệt,Phụ kiện điện tử,Tương thích hoàn toàn,0.96,Cần adapter chuyển đổi
P19108,Hộp đựng linh kiện,Phụ kiện điện tử,P19117,Kẹp kẹp điện tử,Phụ kiện điện tử,Tương thích một phần,0.53,Cần cấu hình thêm
P19109,Hộp đựng linh kiện,Phụ kiện điện tử,P19110,Giá đỡ bo mạch,Phụ kiện điện tử,Tương thích một phần,0.68,Cần cài đặt driver
P19109,Hộp đựng linh kiện,Phụ kiện điện tử,P19111,Giá đỡ bo mạch,Phụ kiện điện tử,Tương thích hoàn toàn,0.84,Cần adapter chuyển đổi
P19109,Hộp đựng linh kiện,Phụ kiện điện tử,P19112,Keo dẫn điện,Phụ kiện điện tử,Không tương thích,0.26,Cần cập nhật firmware
P19109,Hộp đựng linh kiện,Phụ kiện điện tử,P19113,Keo dẫn điện,Phụ kiện điện tử,Tương thích một phần,0.56,Cần driver phù hợp
P19109,Hộp đựng linh kiện,Phụ kiện điện tử,P19114,Tản nhiệt,Phụ kiện điện tử,Tương thích hoàn toàn,0.89,Cần nguồn điện phù hợp
P19109,Hộp đựng linh kiện,Phụ kiện điện tử,P19115,Quạt làm mát,Phụ kiện điện tử,Không tương thích,0.03,Cần adapter chuyển đổi
P19109,Hộp đựng linh kiện,Phụ kiện điện tử,P19116,Chất tản nhiệt,Phụ kiện điện tử,Tương thích một phần,0.65,Cần firmware tương thích
P19109,Hộp đựng linh kiện,Phụ kiện điện tử,P19117,Kẹp kẹp điện tử,Phụ kiện điện tử,Tương thích một phần,0.76,Có thể kết nối trực tiếp
P19110,Giá đỡ bo mạch,Phụ kiện điện tử,P19111,Giá đỡ bo mạch,Phụ kiện điện tử,Tương thích một phần,0.55,Cần firmware tương thích
P19110,Giá đỡ bo mạch,Phụ kiện điện tử,P19112,Keo dẫn điện,Phụ kiện điện tử,Tương thích hoàn toàn,0.96,Cần nguồn điện phù hợp
P19110,Giá đỡ bo mạch,Phụ kiện điện tử,P19113,Keo dẫn điện,Phụ kiện điện tử,Tương thích hoàn toàn,0.91,Cần phần mềm hỗ trợ
P19110,Giá đỡ bo mạch,Phụ kiện điện tử,P19114,Tản nhiệt,Phụ kiện điện tử,Tương thích hoàn toàn,0.92,Cần thiết bị trung gian
P19110,Giá đỡ bo mạch,Phụ kiện điện tử,P19115,Quạt làm mát,Phụ kiện điện tử,Tương thích một phần,0.64,Cần thiết bị trung gian
P19110,Giá đỡ bo mạch,Phụ kiện điện tử,P19116,Chất tản nhiệt,Phụ kiện điện tử,Tương thích một phần,0.57,Cần nguồn điện phù hợp
P19110,Giá đỡ bo mạch,Phụ kiện điện tử,P19117,Kẹp kẹp điện tử,Phụ kiện điện tử,Tương thích hoàn toàn,0.83,Cần nguồn điện phù hợp
P19111,Giá đỡ bo mạch,Phụ kiện điện tử,P19112,Keo dẫn điện,Phụ kiện điện tử,Không tương thích,0.09,Cần phần mềm hỗ trợ
P19111,Giá đỡ bo mạch,Phụ kiện điện tử,P19113,Keo dẫn điện,Phụ kiện điện tử,Tương thích hoàn toàn,0.82,Cần cài đặt driver
P19111,Giá đỡ bo mạch,Phụ kiện điện tử,P19114,Tản nhiệt,Phụ kiện điện tử,Không tương thích,0.14,Cần nguồn điện phù hợp
P19111,Giá đỡ bo mạch,Phụ kiện điện tử,P19115,Quạt làm mát,Phụ kiện điện tử,Tương thích hoàn toàn,0.88,Cần cấu hình thêm
P19111,Giá đỡ bo mạch,Phụ kiện điện tử,P19116,Chất tản nhiệt,Phụ kiện điện tử,Tương thích một phần,0.63,Cần driver phù hợp
P19111,Giá đỡ bo mạch,Phụ kiện điện tử,P19117,Kẹp kẹp điện tử,Phụ kiện điện tử,Tương thích một phần,0.68,Cần nguồn điện phù hợp
P19112,Keo dẫn điện,Phụ kiện điện tử,P19113,Keo dẫn điện,Phụ kiện điện tử,Tương thích hoàn toàn,0.82,Cần adapter chuyển đổi
P19112,Keo dẫn điện,Phụ kiện điện tử,P19114,Tản nhiệt,Phụ kiện điện tử,Tương thích hoàn toàn,0.86,Cần cấu hình thêm
P19112,Keo dẫn điện,Phụ kiện điện tử,P19115,Quạt làm mát,Phụ kiện điện tử,Tương thích hoàn toàn,1.0,Cần thiết bị trung gian
P19112,Keo dẫn điện,Phụ kiện điện tử,P19116,Chất tản nhiệt,Phụ kiện điện tử,Tương thích một phần,0.75,Cần phần mềm hỗ trợ
P19112,Keo dẫn điện,Phụ kiện điện tử,P19117,Kẹp kẹp điện tử,Phụ kiện điện tử,Tương thích một phần,0.52,Cần cấu hình thêm
P19113,Keo dẫn điện,Phụ kiện điện tử,P19114,Tản nhiệt,Phụ kiện điện tử,Không tương thích,0.2,Cần firmware tương thích
P19113,Keo dẫn điện,Phụ kiện điện tử,P19115,Quạt làm mát,Phụ kiện điện tử,Tương thích một phần,0.61,Cần cài đặt driver
P19113,Keo dẫn điện,Phụ kiện điện tử,P19116,Chất tản nhiệt,Phụ kiện điện tử,Tương thích một phần,0.66,Có thể kết nối trực tiếp
P19113,Keo dẫn điện,Phụ kiện điện tử,P19117,Kẹp kẹp điện tử,Phụ kiện điện tử,Tương thích hoàn toàn,0.81,Cần cập nhật firmware
P19114,Tản nhiệt,Phụ kiện điện tử,P19115,Quạt làm mát,Phụ kiện điện tử,Tương thích hoàn toàn,0.87,Cần cấu hình thêm
P19114,Tản nhiệt,Phụ kiện điện tử,P19116,Chất tản nhiệt,Phụ kiện điện tử,Không tương thích,0.25,Có thể kết nối trực tiếp
P19114,Tản nhiệt,Phụ kiện điện tử,P19117,Kẹp kẹp điện tử,Phụ kiện điện tử,Tương thích hoàn toàn,0.91,Cần phần mềm hỗ trợ
P19115,Quạt làm mát,Phụ kiện điện tử,P19116,Chất tản nhiệt,Phụ kiện điện tử,Tương thích một phần,0.66,Cần cấu hình thêm
P19115,Quạt làm mát,Phụ kiện điện tử,P19117,Kẹp kẹp điện tử,Phụ kiện điện tử,Tương thích một phần,0.68,Cần cập nhật firmware
P19116,Chất tản nhiệt,Phụ kiện điện tử,P19117,Kẹp kẹp điện tử,Phụ kiện điện tử,Không tương thích,0.22,Cần cấu hình thêm
P20101,Ăng-ten,Linh kiện RF & Wireless,P20102,Ăng-ten,Linh kiện RF & Wireless,Tương thích một phần,0.51,Cần cập nhật firmware
P20101,Ăng-ten,Linh kiện RF & Wireless,P20103,Ăng-ten,Linh kiện RF & Wireless,Không tương thích,0.06,Cần phần mềm hỗ trợ
P20101,Ăng-ten,Linh kiện RF & Wireless,P20104,Bộ khuếch đại RF,Linh kiện RF & Wireless,Tương thích hoàn toàn,0.98,Cần driver phù hợp
P20101,Ăng-ten,Linh kiện RF & Wireless,P20105,Bộ khuếch đại RF,Linh kiện RF & Wireless,Tương thích một phần,0.63,Cần driver phù hợp
P20101,Ăng-ten,Linh kiện RF & Wireless,P20106,Bộ phát RF,Linh kiện RF & Wireless,Tương thích hoàn toàn,0.99,Cần nguồn điện phù hợp
P20101,Ăng-ten,Linh kiện RF & Wireless,P20107,Bộ phát RF,Linh kiện RF & Wireless,Tương thích một phần,0.61,Cần thiết bị trung gian
P20101,Ăng-ten,Linh kiện RF & Wireless,P20108,Bộ thu RF,Linh kiện RF & Wireless,Tương thích một phần,0.74,Cần phần mềm hỗ trợ
P20101,Ăng-ten,Linh kiện RF & Wireless,P20109,Bộ thu RF,Linh kiện RF & Wireless,Tương thích hoàn toàn,0.85,Cần cập nhật firmware
P20101,Ăng-ten,Linh kiện RF & Wireless,P20110,Module transceiver,Linh kiện RF & Wireless,Tương thích hoàn toàn,0.94,Cần phần mềm hỗ trợ
P20101,Ăng-ten,Linh kiện RF & Wireless,P20111,Module transceiver,Linh kiện RF & Wireless,Tương thích một phần,0.5,Cần cài đặt driver
P20101,Ăng-ten,Linh kiện RF & Wireless,P20112,Bộ lọc RF,Linh kiện RF & Wireless,Tương thích hoàn toàn,0.86,Cần thiết bị trung gian
P20101,Ăng-ten,Linh kiện RF & Wireless,P20113,Bộ lọc RF,Linh kiện RF & Wireless,Tương thích một phần,0.6,Cần phần mềm hỗ trợ
P20101,Ăng-ten,Linh kiện RF & Wireless,P20114,Bộ chuyển mạch RF,Linh kiện RF & Wireless,Tương thích một phần,0.72,Cần cài đặt driver
P20101,Ăng-ten,Linh kiện RF & Wireless,P20115,Cable RF,Linh kiện RF & Wireless,Tương thích hoàn toàn,0.86,Cần cập nhật firmware
P20101,Ăng-ten,Linh kiện RF & Wireless,P20116,Connector RF,Linh kiện RF & Wireless,Tương thích một phần,0.73,Cần phần mềm hỗ trợ
P20102,Ăng-ten,Linh kiện RF & Wireless,P20103,Ăng-ten,Linh kiện RF & Wireless,Tương thích một phần,0.6,Có thể kết nối trực tiếp
P20102,Ăng-ten,Linh kiện RF & Wireless,P20104,Bộ khuếch đại RF,Linh kiện RF & Wireless,Tương thích hoàn toàn,0.89,Có thể kết nối trực tiếp
P20102,Ăng-ten,Linh kiện RF & Wireless,P20105,Bộ khuếch đại RF,Linh kiện RF & Wireless,Tương thích hoàn toàn,0.81,Cần cấu hình thêm
P20102,Ăng-ten,Linh kiện RF & Wireless,P20106,Bộ phát RF,Linh kiện RF & Wireless,Tương thích một phần,0.6,Cần cập nhật firmware
P20102,Ăng-ten,Linh kiện RF & Wireless,P20107,Bộ phát RF,Linh kiện RF & Wireless,Tương thích một phần,0.52,Cần cấu hình thêm
P20102,Ăng-ten,Linh kiện RF & Wireless,P20108,Bộ thu RF,Linh kiện RF & Wireless,Tương thích hoàn toàn,0.8,Cần nguồn điện phù hợp
P20102,Ăng-ten,Linh kiện RF & Wireless,P20109,Bộ thu RF,Linh kiện RF & Wireless,Tương thích hoàn toàn,0.96,Cần cập nhật firmware
P20102,Ăng-ten,Linh kiện RF & Wireless,P20110,Module transceiver,Linh kiện RF & Wireless,Tương thích một phần,0.77,Cần nguồn điện phù hợp
P20102,Ăng-ten,Linh kiện RF & Wireless,P20111,Module transceiver,Linh kiện RF & Wireless,Không tương thích,0.11,Cần cài đặt driver
P20102,Ăng-ten,Linh kiện RF & Wireless,P20112,Bộ lọc RF,Linh kiện RF & Wireless,Không tương thích,0.4,Cần firmware tương thích
P20102,Ăng-ten,Linh kiện RF & Wireless,P20113,Bộ lọc RF,Linh kiện RF & Wireless,Tương thích hoàn toàn,0.94,Cần thiết bị trung gian
P20102,Ăng-ten,Linh kiện RF & Wireless,P20114,Bộ chuyển mạch RF,Linh kiện RF & Wireless,Tương thích một phần,0.69,Cần nguồn điện phù hợp
P20102,Ăng-ten,Linh kiện RF & Wireless,P20115,Cable RF,Linh kiện RF & Wireless,Không tương thích,0.01,Cần nguồn điện phù hợp
P20102,Ăng-ten,Linh kiện RF & Wireless,P20116,Connector RF,Linh kiện RF & Wireless,Tương thích một phần,0.5,Cần phần mềm hỗ trợ
P20103,Ăng-ten,Linh kiện RF & Wireless,P20104,Bộ khuếch đại RF,Linh kiện RF & Wireless,Tương thích một phần,0.52,Cần cài đặt driver
P20103,Ăng-ten,Linh kiện RF & Wireless,P20105,Bộ khuếch đại RF,Linh kiện RF & Wireless,Tương thích một phần,0.57,Cần cài đặt driver
P20103,Ăng-ten,Linh kiện RF & Wireless,P20106,Bộ phát RF,Linh kiện RF & Wireless,Tương thích hoàn toàn,0.83,Cần cấu hình thêm
P20103,Ăng-ten,Linh kiện RF & Wireless,P20107,Bộ phát RF,Linh kiện RF & Wireless,Tương thích hoàn toàn,0.96,Cần cập nhật firmware
P20103,Ăng-ten,Linh kiện RF & Wireless,P20108,Bộ thu RF,Linh kiện RF & Wireless,Không tương thích,0.38,Cần cập nhật firmware
P20103,Ăng-ten,Linh kiện RF & Wireless,P20109,Bộ thu RF,Linh kiện RF & Wireless,Tương thích một phần,0.57,Cần cấu hình thêm
P20103,Ăng-ten,Linh kiện RF & Wireless,P20110,Module transceiver,Linh kiện RF & Wireless,Tương thích hoàn toàn,0.89,Cần cấu hình thêm
P20103,Ăng-ten,Linh kiện RF & Wireless,P20111,Module transceiver,Linh kiện RF & Wireless,Tương thích một phần,0.56,Cần phần mềm hỗ trợ
P20103,Ăng-ten,Linh kiện RF & Wireless,P20112,Bộ lọc RF,Linh kiện RF & Wireless,Tương thích một phần,0.52,Cần driver phù hợp
P20103,Ăng-ten,Linh kiện RF & Wireless,P20113,Bộ lọc RF,Linh kiện RF & Wireless,Tương thích một phần,0.66,Cần driver phù hợp
P20103,Ăng-ten,Linh kiện RF & Wireless,P20114,Bộ chuyển mạch RF,Linh kiện RF & Wireless,Tương thích một phần,0.64,Cần driver phù hợp
P20103,Ăng-ten,Linh kiện RF & Wireless,P20115,Cable RF,Linh kiện RF & Wireless,Tương thích hoàn toàn,0.99,Cần nguồn điện phù hợp
P20103,Ăng-ten,Linh kiện RF & Wireless,P20116,Connector RF,Linh kiện RF & Wireless,Tương thích một phần,0.53,Cần nguồn điện phù hợp
P20104,Bộ khuếch đại RF,Linh kiện RF & Wireless,P20105,Bộ khuếch đại RF,Linh kiện RF & Wireless,Tương thích hoàn toàn,0.93,Có thể kết nối trực tiếp
P20104,Bộ khuếch đại RF,Linh kiện RF & Wireless,P20106,Bộ phát RF,Linh kiện RF & Wireless,Tương thích một phần,0.69,Cần nguồn điện phù hợp
P20104,Bộ khuếch đại RF,Linh kiện RF & Wireless,P20107,Bộ phát RF,Linh kiện RF & Wireless,Tương thích một phần,0.65,Cần thiết bị trung gian
P20104,Bộ khuếch đại RF,Linh kiện RF & Wireless,P20108,Bộ thu RF,Linh kiện RF & Wireless,Tương thích một phần,0.78,Cần firmware tương thích
P20104,Bộ khuếch đại RF,Linh kiện RF & Wireless,P20109,Bộ thu RF,Linh kiện RF & Wireless,Tương thích một phần,0.58,Cần nguồn điện phù hợp
P20104,Bộ khuếch đại RF,Linh kiện RF & Wireless,P20110,Module transceiver,Linh kiện RF & Wireless,Tương thích một phần,0.53,Cần phần mềm hỗ trợ
P20104,Bộ khuếch đại RF,Linh kiện RF & Wireless,P20111,Module transceiver,Linh kiện RF & Wireless,Không tương thích,0.17,Cần nguồn điện phù hợp
P20104,Bộ khuếch đại RF,Linh kiện RF & Wireless,P20112,Bộ lọc RF,Linh kiện RF & Wireless,Tương thích một phần,0.52,Cần cài đặt driver
P20104,Bộ khuếch đại RF,Linh kiện RF & Wireless,P20113,Bộ lọc RF,Linh kiện RF & Wireless,Tương thích hoàn toàn,0.86,Cần nguồn điện phù hợp
P20104,Bộ khuếch đại RF,Linh kiện RF & Wireless,P20114,Bộ chuyển mạch RF,Linh kiện RF & Wireless,Không tương thích,0.2,Cần cấu hình thêm
P20104,Bộ khuếch đại RF,Linh kiện RF & Wireless,P20115,Cable RF,Linh kiện RF & Wireless,Không tương thích,0.23,Cần adapter chuyển đổi
P20104,Bộ khuếch đại RF,Linh kiện RF & Wireless,P20116,Connector RF,Linh kiện RF & Wireless,Tương thích một phần,0.57,Cần adapter chuyển đổi
P20105,Bộ khuếch đại RF,Linh kiện RF & Wireless,P20106,Bộ phát RF,Linh kiện RF & Wireless,Tương thích một phần,0.58,Cần adapter chuyển đổi
P20105,Bộ khuếch đại RF,Linh kiện RF & Wireless,P20107,Bộ phát RF,Linh kiện RF & Wireless,Tương thích hoàn toàn,0.84,Cần adapter chuyển đổi
P20105,Bộ khuếch đại RF,Linh kiện RF & Wireless,P20108,Bộ thu RF,Linh kiện RF & Wireless,Tương thích một phần,0.77,Cần driver phù hợp
P20105,Bộ khuếch đại RF,Linh kiện RF & Wireless,P20109,Bộ thu RF,Linh kiện RF & Wireless,Tương thích một phần,0.73,Cần driver phù hợp
P20105,Bộ khuếch đại RF,Linh kiện RF & Wireless,P20110,Module transceiver,Linh kiện RF & Wireless,Tương thích hoàn toàn,0.84,Cần phần mềm hỗ trợ
P20105,Bộ khuếch đại RF,Linh kiện RF & Wireless,P20111,Module transceiver,Linh kiện RF & Wireless,Tương thích một phần,0.51,Cần firmware tương thích
P20105,Bộ khuếch đại RF,Linh kiện RF & Wireless,P20112,Bộ lọc RF,Linh kiện RF & Wireless,Tương thích hoàn toàn,0.97,Cần cài đặt driver
P20105,Bộ khuếch đại RF,Linh kiện RF & Wireless,P20113,Bộ lọc RF,Linh kiện RF & Wireless,Tương thích một phần,0.54,Cần cập nhật firmware
P20105,Bộ khuếch đại RF,Linh kiện RF & Wireless,P20114,Bộ chuyển mạch RF,Linh kiện RF & Wireless,Không tương thích,0.32,Cần driver phù hợp
P20105,Bộ khuếch đại RF,Linh kiện RF & Wireless,P20115,Cable RF,Linh kiện RF & Wireless,Tương thích một phần,0.64,Cần cài đặt driver
P20105,Bộ khuếch đại RF,Linh kiện RF & Wireless,P20116,Connector RF,Linh kiện RF & Wireless,Tương thích một phần,0.76,Cần driver phù hợp
P20106,Bộ phát RF,Linh kiện RF & Wireless,P20107,Bộ phát RF,Linh kiện RF & Wireless,Tương thích một phần,0.56,Cần nguồn điện phù hợp
P20106,Bộ phát RF,Linh kiện RF & Wireless,P20108,Bộ thu RF,Linh kiện RF & Wireless,Không tương thích,0.16,Cần cài đặt driver
P20106,Bộ phát RF,Linh kiện RF & Wireless,P20109,Bộ thu RF,Linh kiện RF & Wireless,Tương thích hoàn toàn,0.83,Cần cài đặt driver
P20106,Bộ phát RF,Linh kiện RF & Wireless,P20110,Module transceiver,Linh kiện RF & Wireless,Không tương thích,0.03,Cần adapter chuyển đổi
P20106,Bộ phát RF,Linh kiện RF & Wireless,P20111,Module transceiver,Linh kiện RF & Wireless,Tương thích một phần,0.76,Cần nguồn điện phù hợp
P20106,Bộ phát RF,Linh kiện RF & Wireless,P20112,Bộ lọc RF,Linh kiện RF & Wireless,Không tương thích,0.02,Cần cài đặt driver
P20106,Bộ phát RF,Linh kiện RF & Wireless,P20113,Bộ lọc RF,Linh kiện RF & Wireless,Tương thích hoàn toàn,0.87,Cần cài đặt driver
P20106,Bộ phát RF,Linh kiện RF & Wireless,P20114,Bộ chuyển mạch RF,Linh kiện RF & Wireless,Tương thích một phần,0.58,Cần adapter chuyển đổi
P20106,Bộ phát RF,Linh kiện RF & Wireless,P20115,Cable RF,Linh kiện RF & Wireless,Tương thích một phần,0.57,Cần thiết bị trung gian
P20106,Bộ phát RF,Linh kiện RF & Wireless,P20116,Connector RF,Linh kiện RF & Wireless,Tương thích hoàn toàn,0.8,Cần thiết bị trung gian
P20107,Bộ phát RF,Linh kiện RF & Wireless,P20108,Bộ thu RF,Linh kiện RF & Wireless,Tương thích hoàn toàn,0.93,Cần cập nhật firmware
P20107,Bộ phát RF,Linh kiện RF & Wireless,P20109,Bộ thu RF,Linh kiện RF & Wireless,Tương thích hoàn toàn,0.96,Cần thiết bị trung gian
P20107,Bộ phát RF,Linh kiện RF & Wireless,P20110,Module transceiver,Linh kiện RF & Wireless,Tương thích một phần,0.68,Cần cấu hình thêm
P20107,Bộ phát RF,Linh kiện RF & Wireless,P20111,Module transceiver,Linh kiện RF & Wireless,Không tương thích,0.39,Cần adapter chuyển đổi
P20107,Bộ phát RF,Linh kiện RF & Wireless,P20112,Bộ lọc RF,Linh kiện RF & Wireless,Tương thích một phần,0.71,Cần firmware tương thích
P20107,Bộ phát RF,Linh kiện RF & Wireless,P20113,Bộ lọc RF,Linh kiện RF & Wireless,Không tương thích,0.15,Cần cập nhật firmware
P20107,Bộ phát RF,Linh kiện RF & Wireless,P20114,Bộ chuyển mạch RF,Linh kiện RF & Wireless,Không tương thích,0.11,Cần cài đặt driver
P20107,Bộ phát RF,Linh kiện RF & Wireless,P20115,Cable RF,Linh kiện RF & Wireless,Tương thích một phần,0.64,Cần thiết bị trung gian
P20107,Bộ phát RF,Linh kiện RF & Wireless,P20116,Connector RF,Linh kiện RF & Wireless,Tương thích hoàn toàn,0.92,Cần driver phù hợp
P20108,Bộ thu RF,Linh kiện RF & Wireless,P20109,Bộ thu RF,Linh kiện RF & Wireless,Tương thích hoàn toàn,0.9,Cần cập nhật firmware
P20108,Bộ thu RF,Linh kiện RF & Wireless,P20110,Module transceiver,Linh kiện RF & Wireless,Không tương thích,0.39,Cần nguồn điện phù hợp
P20108,Bộ thu RF,Linh kiện RF & Wireless,P20111,Module transceiver,Linh kiện RF & Wireless,Không tương thích,0.22,Cần cập nhật firmware
P20108,Bộ thu RF,Linh kiện RF & Wireless,P20112,Bộ lọc RF,Linh kiện RF & Wireless,Tương thích một phần,0.59,Cần cập nhật firmware
P20108,Bộ thu RF,Linh kiện RF & Wireless,P20113,Bộ lọc RF,Linh kiện RF & Wireless,Tương thích hoàn toàn,0.99,Cần phần mềm hỗ trợ
P20108,Bộ thu RF,Linh kiện RF & Wireless,P20114,Bộ chuyển mạch RF,Linh kiện RF & Wireless,Không tương thích,0.17,Cần firmware tương thích
P20108,Bộ thu RF,Linh kiện RF & Wireless,P20115,Cable RF,Linh kiện RF & Wireless,Tương thích một phần,0.66,Cần firmware tương thích
P20108,Bộ thu RF,Linh kiện RF & Wireless,P20116,Connector RF,Linh kiện RF & Wireless,Tương thích một phần,0.67,Cần cập nhật firmware
P20109,Bộ thu RF,Linh kiện RF & Wireless,P20110,Module transceiver,Linh kiện RF & Wireless,Tương thích một phần,0.59,Cần firmware tương thích
P20109,Bộ thu RF,Linh kiện RF & Wireless,P20111,Module transceiver,Linh kiện RF & Wireless,Không tương thích,0.37,Cần cập nhật firmware
P20109,Bộ thu RF,Linh kiện RF & Wireless,P20112,Bộ lọc RF,Linh kiện RF & Wireless,Tương thích một phần,0.54,Cần driver phù hợp
P20109,Bộ thu RF,Linh kiện RF & Wireless,P20113,Bộ lọc RF,Linh kiện RF & Wireless,Tương thích một phần,0.74,Có thể kết nối trực tiếp
P20109,Bộ thu RF,Linh kiện RF & Wireless,P20114,Bộ chuyển mạch RF,Linh kiện RF & Wireless,Tương thích hoàn toàn,0.98,Có thể kết nối trực tiếp
P20109,Bộ thu RF,Linh kiện RF & Wireless,P20115,Cable RF,Linh kiện RF & Wireless,Tương thích hoàn toàn,0.86,Cần nguồn điện phù hợp
P20109,Bộ thu RF,Linh kiện RF & Wireless,P20116,Connector RF,Linh kiện RF & Wireless,Tương thích một phần,0.6,Cần cấu hình thêm
P20110,Module transceiver,Linh kiện RF & Wireless,P20111,Module transceiver,Linh kiện RF & Wireless,Tương thích hoàn toàn,0.86,Cần driver phù hợp
P20110,Module transceiver,Linh kiện RF & Wireless,P20112,Bộ lọc RF,Linh kiện RF & Wireless,Tương thích một phần,0.68,Cần cài đặt driver
P20110,Module transceiver,Linh kiện RF & Wireless,P20113,Bộ lọc RF,Linh kiện RF & Wireless,Tương thích một phần,0.6,Cần cập nhật firmware
P20110,Module transceiver,Linh kiện RF & Wireless,P20114,Bộ chuyển mạch RF,Linh kiện RF & Wireless,Tương thích một phần,0.59,Cần cập nhật firmware
P20110,Module transceiver,Linh kiện RF & Wireless,P20115,Cable RF,Linh kiện RF & Wireless,Tương thích một phần,0.74,Cần adapter chuyển đổi
P20110,Module transceiver,Linh kiện RF & Wireless,P20116,Connector RF,Linh kiện RF & Wireless,Tương thích một phần,0.74,Cần cấu hình thêm
P20111,Module transceiver,Linh kiện RF & Wireless,P20112,Bộ lọc RF,Linh kiện RF & Wireless,Tương thích một phần,0.57,Cần phần mềm hỗ trợ
P20111,Module transceiver,Linh kiện RF & Wireless,P20113,Bộ lọc RF,Linh kiện RF & Wireless,Tương thích một phần,0.59,Cần driver phù hợp
P20111,Module transceiver,Linh kiện RF & Wireless,P20114,Bộ chuyển mạch RF,Linh kiện RF & Wireless,Tương thích hoàn toàn,0.85,Cần cập nhật firmware
P20111,Module transceiver,Linh kiện RF & Wireless,P20115,Cable RF,Linh kiện RF & Wireless,Tương thích hoàn toàn,0.87,Cần cấu hình thêm
P20111,Module transceiver,Linh kiện RF & Wireless,P20116,Connector RF,Linh kiện RF & Wireless,Không tương thích,0.23,Cần adapter chuyển đổi
P20112,Bộ lọc RF,Linh kiện RF & Wireless,P20113,Bộ lọc RF,Linh kiện RF & Wireless,Tương thích một phần,0.69,Cần adapter chuyển đổi
P20112,Bộ lọc RF,Linh kiện RF & Wireless,P20114,Bộ chuyển mạch RF,Linh kiện RF & Wireless,Không tương thích,0.11,Cần cấu hình thêm
P20112,Bộ lọc RF,Linh kiện RF & Wireless,P20115,Cable RF,Linh kiện RF & Wireless,Tương thích một phần,0.79,Cần phần mềm hỗ trợ
P20112,Bộ lọc RF,Linh kiện RF & Wireless,P20116,Connector RF,Linh kiện RF & Wireless,Tương thích một phần,0.59,Cần thiết bị trung gian
P20113,Bộ lọc RF,Linh kiện RF & Wireless,P20114,Bộ chuyển mạch RF,Linh kiện RF & Wireless,Không tương thích,0.21,Cần cấu hình thêm
P20113,Bộ lọc RF,Linh kiện RF & Wireless,P20115,Cable RF,Linh kiện RF & Wireless,Không tương thích,0.39,Cần driver phù hợp
P20113,Bộ lọc RF,Linh kiện RF & Wireless,P20116,Connector RF,Linh kiện RF & Wireless,Tương thích một phần,0.6,Cần adapter chuyển đổi
P20114,Bộ chuyển mạch RF,Linh kiện RF & Wireless,P20115,Cable RF,Linh kiện RF & Wireless,Tương thích một phần,0.65,Cần phần mềm hỗ trợ
P20114,Bộ chuyển mạch RF,Linh kiện RF & Wireless,P20116,Connector RF,Linh kiện RF & Wireless,Tương thích hoàn toàn,0.93,Cần cài đặt driver
P20115,Cable RF,Linh kiện RF & Wireless,P20116,Connector RF,Linh kiện RF & Wireless,Tương thích hoàn toàn,0.91,Cần cấu hình thêm
